epoch,train_teacher_ratio,train_total,train_noise,train_x0,train_param,train_closed_loop,val_total,val_noise,val_x0,val_param,val_closed_loop,val_select
1,1.0,3.496573734283447,101.81529655456544,0.9809874534606934,0.42739027738571167,0.39396144151687623,1.942840576171875,53.776144409179686,0.7077094554901123,0.31963881850242615,0.1713907927274704,1.1987390667200089
2,1.0,2.6908852815628053,79.23225479125976,0.6549859642982483,0.2954335629940033,0.16875466406345369,1.377906084060669,37.45902709960937,0.5215189814567566,0.23968012034893035,0.1133799523115158,0.8745790541172027
3,1.0,1.3607644438743591,36.53558177947998,0.5271777093410492,0.24286466240882873,0.11003665030002593,0.5698541164398193,12.071812057495118,0.40643684267997743,0.19089394211769103,0.08343756794929505,0.6807683527469635
4,1.0,0.8221052765846253,20.149476051330566,0.4142408847808838,0.19456399083137513,0.09379831850528716,0.4946362614631653,10.221171569824218,0.35780671834945676,0.16848820447921753,0.06490361914038659,0.5911985419690609
5,1.0,0.629689735174179,13.604404830932618,0.41822752356529236,0.19284483194351196,0.08235367238521576,0.42024846076965333,7.113965225219727,0.3898298740386963,0.18019563257694243,0.0726238563656807,0.6426493629813195
6,1.0,0.48000414967536925,8.914116477966308,0.38909862041473386,0.18082046806812285,0.06874123513698578,0.36400818824768066,5.173084259033203,0.3803898274898529,0.17801508009433747,0.060569070279598236,0.6189739778637886
7,1.0,0.4842077672481537,8.614674472808838,0.4026937782764435,0.1872812479734421,0.07429923266172409,0.4312829911708832,7.367691612243652,0.3781097948551178,0.1745062530040741,0.0608319029211998,0.6134479507803917
8,1.0,0.5262069880962372,10.384619998931885,0.3723262667655945,0.17412976622581483,0.06611948758363724,0.43194417357444764,7.967799377441406,0.33821690678596494,0.15698458552360534,0.04207844883203506,0.5372799411416054
9,1.0,0.39016403555870055,6.232938194274903,0.3443663060665131,0.1616203486919403,0.0500328354537487,0.4443125605583191,8.2767804145813,0.3333627700805664,0.156532222032547,0.03508610352873802,0.5249810956418514
10,1.0,0.5497605979442597,11.547316837310792,0.33685165643692017,0.15822858810424806,0.04809718579053879,0.31833858489990235,3.479405331611633,0.35627192854881284,0.16694171726703644,0.03969171792268753,0.5629053637385368
11,1.0,0.41205955743789674,6.795065212249756,0.3377928495407104,0.15856848657131195,0.04643779098987579,0.39938737750053405,6.282785415649414,0.3460875332355499,0.16110690236091613,0.032143862545490266,0.5393382981419563
12,1.0,0.45721269249916074,7.834910869598389,0.3545258939266205,0.1654336392879486,0.04737138152122498,0.31331140398979185,3.675435018539429,0.32320980429649354,0.15210573375225067,0.03281504064798355,0.5081305786967277
13,1.0,0.4039884150028229,5.927402830123901,0.35495607256889344,0.16484895050525666,0.044763386249542236,0.32072208523750306,3.961231327056885,0.31687663197517396,0.1475893497467041,0.03450264036655426,0.4989686220884323
14,1.0,0.4122497260570526,6.558655643463135,0.3281186938285828,0.1546766996383667,0.038772393763065335,0.46856108903884885,8.820895385742187,0.309865665435791,0.1463758170604706,0.03807916268706322,0.49432064518332486
15,1.0,0.413436096906662,6.798540496826172,0.3126985728740692,0.14732666611671447,0.03757044076919556,0.3296779155731201,3.8555033683776854,0.32408039569854735,0.1503797948360443,0.030591578781604768,0.5050517693161964
16,1.0,0.39957891702651976,5.991213464736939,0.3234636545181274,0.1512194126844406,0.03930363059043884,0.32549749612808226,3.6730937004089355,0.3165087640285492,0.149262735247612,0.027401958033442496,0.4931734573096037
17,1.0,0.4324056267738342,7.055301570892334,0.31582294702529906,0.14904010593891143,0.0432385578751564,0.35445367693901064,4.1553802490234375,0.3307021737098694,0.155765300989151,0.035320109128952025,0.5217875838279724
18,1.0,0.4351627707481384,6.739615821838379,0.3287616193294525,0.15416010916233064,0.04304749965667724,0.41333727836608886,6.173145484924317,0.3255078434944153,0.1514551967382431,0.0306529700756073,0.5076160103082656
19,1.0,0.42775429487228395,6.871012163162232,0.30687756538391114,0.14459366202354432,0.034920883923769,0.38492280840873716,5.363185453414917,0.3137100875377655,0.14609986245632173,0.02881052941083908,0.4886204794049263
20,1.0,0.4000556290149689,5.520847177505493,0.319527143239975,0.14971570670604706,0.03866172730922699,0.5751019895076752,11.481342029571532,0.31579737067222596,0.14722069799900056,0.035933558642864225,0.49895162731409076
21,1.0,0.37517318725585935,4.823116064071655,0.30725217461585996,0.14514780044555664,0.03564359098672867,0.37977783679962157,5.382016706466675,0.29046004414558413,0.13785263895988464,0.032144474983215335,0.4604571580886841
22,1.0,0.4912104070186615,8.624191951751708,0.3045679807662964,0.14367703795433046,0.03673752173781395,0.4414641737937927,6.694040584564209,0.31530462503433226,0.1485101819038391,0.03944737315177917,0.5032621800899505
23,1.0,0.4378565728664398,6.662116289138794,0.30564751029014586,0.14475098252296448,0.03734564706683159,0.43735055923461913,6.141168022155762,0.32767432928085327,0.15331880748271942,0.03888936415314674,0.5198825009167194
24,1.0,0.4156079053878784,5.713551378250122,0.308226203918457,0.14613242745399474,0.03734046258032322,0.4392094135284424,7.340031671524048,0.276817786693573,0.131236270070076,0.031512537598609926,0.4395665943622589
25,1.0,0.4723954200744629,7.630943775177002,0.3015300095081329,0.1431090712547302,0.039231369644403456,0.31314520835876464,2.6083552837371826,0.28976885676383973,0.13691079318523408,0.047558347880840304,0.4742379978299141
26,1.0,0.4061799943447113,5.362135028839111,0.29821632504463197,0.1420214593410492,0.0392257995903492,0.33476267457008363,4.255722332000732,0.25196140706539155,0.12037452161312104,0.02971704751253128,0.4020529761910439
27,1.0,0.36745879650115965,4.303902244567871,0.2870465874671936,0.13624373972415924,0.030932003632187843,0.3174619495868683,3.4258204460144044,0.2597024738788605,0.12324304580688476,0.022487209737300874,0.40543272942304615
28,1.0,0.43137454986572266,6.144261074066162,0.2933431029319763,0.13849155306816102,0.0336289893835783,0.3609704315662384,4.277999210357666,0.27701002955436704,0.1313821107149124,0.024541905522346495,0.4329340457916259
29,1.0,0.4119354963302612,5.667784738540649,0.28218052387237547,0.13444051146507263,0.028529684990644455,0.38055534958839415,4.670063924789429,0.2830150783061981,0.13433105647563934,0.019472557306289672,0.4368186920881271
30,1.0,0.4157520055770874,5.66028904914856,0.28332621455192564,0.13472355902194977,0.026519694179296494,0.3795680284500122,4.712457656860352,0.27655006647109986,0.13112336099147798,0.017944977432489396,0.42561840489506725
31,1.0,0.3573631763458252,3.7731576442718504,0.2766618371009827,0.13233629167079924,0.023874573409557343,0.2915400743484497,2.1655153036117554,0.25772767066955565,0.12345738410949707,0.016762546449899673,0.3979476012289524
32,1.0,0.444355708360672,6.2854835987091064,0.28550866842269895,0.136090549826622,0.027485935762524605,0.3613756000995636,3.8398613929748535,0.27958675026893615,0.1312960922718048,0.015244739130139351,0.4261275816708803
33,1.0,0.4126865029335022,5.607008743286133,0.2689975619316101,0.12873493731021882,0.023174834623932838,0.30322248935699464,2.4439913630485535,0.25472207069396974,0.12078895270824433,0.01959245838224888,0.395103481784463
34,1.0,0.3728643596172333,3.592812347412109,0.28890544176101685,0.13688631653785704,0.025453413277864455,0.3290933072566986,3.1646013021469117,0.2552622467279434,0.12150454521179199,0.01959661953151226,0.39636341147124765
35,1.0,0.36578532457351687,3.7874091625213624,0.2699280261993408,0.1288686841726303,0.023775353282690048,0.37339162826538086,4.415460109710693,0.2585468053817749,0.12384181320667267,0.01815671697258949,0.400545335561037
36,1.0,0.4345880448818207,6.077528715133667,0.2668215990066528,0.12720763683319092,0.022154773771762847,0.3100453317165375,2.2899129390716553,0.2566265195608139,0.12204337865114212,0.016989564523100853,0.39565946273505687
37,1.0,0.3638749659061432,3.505729103088379,0.2704582750797272,0.12862133383750915,0.021599167957901955,0.3089219927787781,2.1465731143951414,0.2562722057104111,0.12219675183296204,0.016441723704338072,0.39491068124771117
38,1.0,0.37232798933982847,3.753001570701599,0.26724030673503874,0.12776485383510588,0.021195606514811515,0.34587161540985106,3.2549414157867433,0.25639148354530333,0.12297382354736328,0.014583645388484001,0.3939489524811506
39,1.0,0.4071329951286316,4.93871374130249,0.26370876133441923,0.1256575405597687,0.019511890783905982,0.34709333777427676,3.129516839981079,0.2587444126605988,0.12373860776424409,0.013667049072682857,0.3961500694975257
40,1.0,0.40498603582382203,5.008991527557373,0.2546106845140457,0.12232720553874969,0.020335021242499352,0.3938591718673706,4.935707378387451,0.24632396697998046,0.11861361414194108,0.016049440205097198,0.3809870213270187
41,1.0,0.418432754278183,4.816907119750977,0.2713579535484314,0.12957880049943923,0.020588474348187447,0.35509696006774905,3.772303378582001,0.24039425551891327,0.11574626564979554,0.011627529934048652,0.36776805110275745
42,1.0,0.40394570827484133,4.868768835067749,0.25184026062488557,0.12093790918588639,0.018013748154044152,0.3612946093082428,3.5707865953445435,0.25079908072948454,0.11925073713064194,0.012383886054158211,0.38243370391428466
43,1.0,0.40343626737594607,4.17768497467041,0.26886612772941587,0.12868082523345947,0.018267334252595902,0.2956020414829254,1.8771624565124512,0.23160924315452575,0.11134367734193802,0.012850238382816315,0.35580315887928005
44,1.0,0.3858792245388031,3.884543943405151,0.25634442269802094,0.12290610671043396,0.019808632507920265,0.3429482638835907,2.7754706382751464,0.24990436136722566,0.11878644824028015,0.012546442821621895,0.38123725242912765
45,1.0,0.3856678307056427,4.174436855316162,0.24492230713367463,0.11756599992513657,0.01813310645520687,0.3077290952205658,2.0889532566070557,0.23003460764884948,0.11087386459112167,0.01703883707523346,0.3579473093152046
46,1.0,0.3727044343948364,3.079575514793396,0.2613184154033661,0.12422980666160584,0.020275751128792763,0.3588392913341522,2.596235227584839,0.2643525302410126,0.12492177039384841,0.014009630307555199,0.4032839309424162
47,1.0,0.3871487736701965,3.8003676652908327,0.2504868894815445,0.1201243281364441,0.01992296166718006,0.2943215787410736,1.2402745008468627,0.23687195181846618,0.11369449347257614,0.014490528032183647,0.36505697332322595
48,1.0,0.3574751317501068,2.845332646369934,0.24709563851356506,0.11839927732944489,0.018194949068129063,0.33122873306274414,2.3321158409118654,0.23891744017601013,0.1145341455936432,0.011268739216029644,0.36472032498568296
49,1.0,0.3887024223804474,3.6734747171401976,0.24992548823356628,0.1198589026927948,0.018154826387763022,0.32136561870574953,2.1335795760154723,0.23066505789756775,0.11188702434301376,0.01367792896926403,0.35623001120984554
50,1.0,0.374914813041687,3.1319295883178713,0.24935599863529206,0.11949451714754104,0.017967681214213372,0.3242341637611389,1.8530974388122559,0.23923566937446594,0.11511766463518143,0.012804078310728073,0.3671574123203754
51,1.0,0.3750751972198486,3.0125434398651123,0.24942621886730193,0.12009901255369186,0.017539358884096145,0.4203366756439209,4.834925043582916,0.2427048623561859,0.1168669193983078,0.011600464209914207,0.37117224596440795
52,1.0,0.34659340381622317,2.0284332036972046,0.24840683341026307,0.11911438256502152,0.01588184144347906,0.335447883605957,2.0755149126052856,0.23908249735832215,0.11406639516353607,0.011422839388251305,0.3645717319101095
53,1.0,0.38620630502700803,3.4017075061798097,0.24455727338790895,0.11717649549245834,0.014971730299293995,0.32465778589248656,1.3660454988479613,0.24533542096614838,0.11811143755912781,0.009148027561604977,0.3725948860868812
54,1.0,0.38100479245185853,3.0843993425369263,0.24539299309253693,0.11777616888284684,0.01498183272778988,0.33151025176048277,1.6762133836746216,0.23931822180747986,0.11600028425455093,0.010914847254753113,0.3662333533167839
55,1.0,0.38684613108634947,3.492014694213867,0.23648684620857238,0.11452064663171768,0.014488234370946883,0.36031768321990965,2.398790681362152,0.24385761022567748,0.11770121902227401,0.008729069493710995,0.37028789874166246
56,1.0,0.39747161269187925,3.244035267829895,0.25061437785625457,0.12002645581960678,0.013411515206098557,0.36139400601387023,2.120723032951355,0.24923688769340516,0.1193987786769867,0.0111648328602314,0.37980049923062326
57,1.0,0.39526684284210206,3.40284104347229,0.24165740013122558,0.11616592854261398,0.01357136331498623,0.339463073015213,2.4405951499938965,0.22012902796268463,0.10678868740797043,0.007339188270270825,0.33425690364092586
58,1.0,0.36880085468292234,2.7612191915512083,0.232936030626297,0.11255327016115188,0.012503089383244514,0.3333821058273315,1.9526991486549377,0.2251187175512314,0.1087667167186737,0.007788495253771543,0.34167392952367664
59,1.0,0.3757642269134521,3.1847674369812013,0.2254827469587326,0.10911522060632706,0.013050748594105243,0.31257365345954896,1.1200689792633056,0.2268983781337738,0.10883805751800538,0.007582305185496807,0.343318740837276
60,1.0,0.3790118396282196,2.412605571746826,0.24445804059505463,0.11727093905210495,0.016051219962537288,0.35660945177078246,2.070292258262634,0.23579593598842621,0.11305727660655976,0.012257196009159088,0.36111040860414506
61,1.0,0.37255526185035703,2.5245481014251707,0.23321983814239503,0.11272944211959839,0.016417722776532175,0.36932578682899475,2.6715635299682616,0.22863124012947084,0.11058663427829743,0.011176182888448238,0.35039405729621653
62,1.0,0.37180776596069337,2.5030261516571044,0.2308921754360199,0.11157898902893067,0.015991083346307278,0.3518386483192444,1.7876598119735718,0.23301719427108764,0.1116936981678009,0.015295014157891274,0.3600059065967798
63,1.0,0.4056431233882904,3.285180187225342,0.23610952794551848,0.11411538273096085,0.017869409546256064,0.3963521718978882,3.1739952087402346,0.23434460759162903,0.11303607374429703,0.009015440009534359,0.3563961213454604
64,1.0,0.3893826425075531,2.958414649963379,0.23031916618347167,0.1108684316277504,0.013766118884086609,0.32406915426254274,1.4463263034820557,0.21539681553840637,0.10486410856246949,0.008744501695036887,0.32900542579591274
65,1.0,0.42164567708969114,3.4798033237457275,0.24086358845233918,0.11628483682870865,0.012960173934698106,0.35259867906570436,2.002483868598938,0.2229737937450409,0.10746495574712753,0.009582784399390221,0.34002153389155865
66,1.0,0.41277039647102354,3.719683218002319,0.2261919766664505,0.10926604717969894,0.012861774861812591,0.33337914347648623,1.4155653953552245,0.21999612152576448,0.10627812147140503,0.007605473883450032,0.3338797168806195
67,1.0,0.387805438041687,2.6813509941101072,0.22892839312553406,0.11046401411294937,0.012354299053549766,0.3524510383605957,1.971392822265625,0.21918711364269255,0.10654502958059311,0.007629892788827419,0.3333620360121131
68,1.0,0.39767013788223265,2.9250921487808226,0.2279551088809967,0.11061189621686936,0.01304382923990488,0.344504314661026,1.8410657882690429,0.21412417590618132,0.10326803326606751,0.009408806823194027,0.32680101599544287
69,1.0,0.3825510561466217,2.2895616054534913,0.22826872766017914,0.1102338820695877,0.015648788213729857,0.37775508165359495,2.0988619327545166,0.23052519261837007,0.11063675284385681,0.012346616387367249,0.3535085618495941
70,1.0,0.38508967161178587,2.763668441772461,0.21796145141124726,0.10533864945173263,0.013999308273196221,0.441267329454422,4.380038034915924,0.22551183104515077,0.10847471207380295,0.009299680590629578,0.3432862237095833
71,1.0,0.386243999004364,2.6449081182479857,0.21947304904460907,0.10632565915584564,0.013045131228864193,0.3394318878650665,1.2357388257980346,0.21851252019405365,0.10567385405302047,0.006210739072412252,0.3303971133194864
72,1.0,0.4244253635406494,3.6461036443710326,0.22378933131694795,0.10821654796600341,0.012034017220139503,0.3859472036361694,1.9676140666007995,0.2330796092748642,0.11182538717985153,0.011826117895543576,0.3567311143502593
73,1.0,0.3748227894306183,2.174378681182861,0.21699319779872894,0.10509925484657287,0.014215655438601971,0.37032923102378845,1.8444740772247314,0.22125909328460694,0.10694413036108016,0.013483758270740508,0.3416869819164276
74,1.0,0.41403743624687195,3.221273398399353,0.2212216556072235,0.10646185874938965,0.01363749261945486,0.32531172037124634,1.780907964706421,0.1907626509666443,0.09227964282035828,0.006809491477906704,0.2898517852649093
75,1.0,0.40275853872299194,3.137978935241699,0.21301316916942598,0.10315550118684769,0.012296137772500515,0.36683139204978943,1.7191597938537597,0.21914239823818207,0.10530529767274857,0.009611281752586364,0.334058977663517
76,1.0,0.3779764711856842,2.2255692958831785,0.21279210448265076,0.10324758887290955,0.012230152636766434,0.3525542140007019,1.4148104071617127,0.21412733495235442,0.1031518667936325,0.007446431927382946,0.3247256336733698
77,1.0,0.4000211775302887,2.4055534839630126,0.22297770380973816,0.1074618473649025,0.012003500387072564,0.3611667215824127,1.1876574397087096,0.22317753732204437,0.1071793794631958,0.007375095970928669,0.3377320127561688
78,1.0,0.41820103526115415,3.3736321449279787,0.2129546344280243,0.10327466428279877,0.012485397234559058,0.36260496377944945,2.090554618835449,0.20313057899475098,0.09808752685785294,0.007689200341701508,0.3089073061943054
79,1.0,0.3973933935165405,2.596392846107483,0.2132248669862747,0.1031652718782425,0.01169978491961956,0.34719695448875426,1.2578166365623473,0.20769142508506774,0.10058756768703461,0.0076548732817173,0.3159338660538197
80,1.0,0.40982909202575685,2.2613614797592163,0.22640721797943114,0.1093518778681755,0.012458309903740883,0.3616995394229889,1.5340415000915528,0.20986394882202147,0.10199450105428695,0.007639676891267299,0.3194981267675757
81,1.0,0.41578327417373656,3.31096510887146,0.2083163559436798,0.10126981139183044,0.013736301101744175,0.396424663066864,2.4955536842346193,0.2145310491323471,0.1031190425157547,0.007815936021506787,0.3254660276696086
82,1.0,0.4128412663936615,3.0221098184585573,0.21263572275638581,0.10312884151935578,0.012826824747025966,0.4604424059391022,4.492831659317017,0.21596958935260774,0.10400886684656144,0.011357988975942136,0.33133644517511135
83,1.0,0.39416622519493105,2.482399034500122,0.211644646525383,0.1020169198513031,0.012065358087420463,0.3499663770198822,1.3391310214996337,0.20626922845840454,0.09962572902441025,0.007794948667287827,0.3136899061501026
84,1.0,0.3987249851226807,2.7480917453765867,0.20854590833187103,0.10103680342435836,0.013399039767682553,0.3981874883174896,2.8715767860412598,0.20776871144771575,0.10040557533502578,0.007731808163225651,0.31590609494596716
85,1.0,0.39316009879112246,2.4075716018676756,0.21169750094413758,0.10267869681119919,0.01311351526528597,0.392742520570755,2.728393816947937,0.20663653314113617,0.10029826611280442,0.007911787554621696,0.31484658680856226
86,1.0,0.3843660235404968,2.09343101978302,0.21280645728111267,0.10277425050735474,0.011964777670800685,0.3656527042388916,1.9904869854450227,0.2032632678747177,0.09899535030126572,0.007358917407691479,0.3096175355836749
87,1.0,0.37149166464805605,2.0163409948349,0.2051651209592819,0.09984067529439926,0.01199127659201622,0.36869683861732483,1.764324176311493,0.21014582514762878,0.10183857381343842,0.007565480843186379,0.3195498798042536
88,1.0,0.3870787739753723,2.7234627485275267,0.2017327666282654,0.09805516749620438,0.01117392461746931,0.35017997622489927,1.2321497797966003,0.2090555340051651,0.10075995773077011,0.006799932010471821,0.316615423746407
89,1.0,0.3822637975215912,2.4631150484085085,0.2045993447303772,0.09878031611442566,0.009981372766196728,0.3493240177631378,2.1938491344451903,0.18879859745502472,0.09183323085308075,0.005753416381776333,0.2863852446898818
90,1.0,0.38092578649520875,2.57466835975647,0.2006565362215042,0.09726324379444122,0.011531911790370941,0.36386874318122864,1.5602451741695404,0.2118748128414154,0.1021586000919342,0.006055930815637112,0.32008934374898673
91,1.0,0.36457565426826477,2.057696485519409,0.20061993300914766,0.09724346548318863,0.009962734393775463,0.3497744143009186,1.5322893619537354,0.2022624522447586,0.0981080874800682,0.006870410218834877,0.3072409499436617
92,1.0,0.36587806344032286,2.3341179847717286,0.1962158352136612,0.09499084502458573,0.009295686706900596,0.31078340411186217,1.0724616467952728,0.185998398065567,0.08984511494636535,0.005532089341431856,0.2813756023533642
93,1.0,0.352278333902359,1.9160962343215941,0.1953434854745865,0.09467974603176117,0.009544430300593376,0.3378860592842102,1.962299919128418,0.1854691505432129,0.09078903049230576,0.00551777184009552,0.28177595287561413
94,1.0,0.3847984611988068,2.7909236192703246,0.19981058239936828,0.09654977768659592,0.009420754946768283,0.3322552561759949,1.1609458446502685,0.19814298450946807,0.09650810211896896,0.005551586858928204,0.30020267348736523
95,1.0,0.3945901274681091,2.9004538536071776,0.20416200160980225,0.0988850936293602,0.009058862738311291,0.306248140335083,0.7036531269550323,0.18950607478618622,0.09203527420759201,0.007194406539201737,0.28873575553298
96,1.0,0.3522315979003906,1.6239537000656128,0.20152656733989716,0.09746754616498947,0.00903773158788681,0.34156333804130556,1.109567606449127,0.20650715827941896,0.09918446540832519,0.005169387347996235,0.3108610110357404
97,1.0,0.3758422791957855,2.6249298095703124,0.19699366986751557,0.09573638141155243,0.008728678338229656,0.39500134587287905,3.6475457191467284,0.19077222645282746,0.09235019534826279,0.004905097279697656,0.28802751908078794
98,1.0,0.36753109097480774,2.257790040969849,0.19902222156524657,0.09643039703369141,0.008689555153250695,0.33602662682533263,1.5291518807411193,0.19373522996902465,0.09423730969429016,0.004359098104760051,0.29233163776807486
99,1.0,0.37413703203201293,2.3576841354370117,0.20150475203990936,0.09742880761623382,0.00894588939845562,0.39905728697776793,3.1324323415756226,0.20333775579929353,0.09831914454698562,0.006854874826967716,0.30851177517324685
100,1.0,0.3757132589817047,2.504265069961548,0.19887391328811646,0.09655404686927796,0.010314719006419181,0.3812837958335876,2.6673819065093993,0.2003699481487274,0.09652632623910903,0.008732149004936218,0.3056284233927727
101,1.0,0.37674206495285034,2.7935429573059083,0.19410861134529114,0.09411994814872741,0.00941444355994463,0.3406829059123993,1.4949302852153779,0.19663818776607514,0.0958718329668045,0.006649987772107124,0.29916000850498675
102,1.0,0.3735231220722198,2.309494209289551,0.201823627948761,0.09726729243993759,0.010294739715754985,0.30421470403671264,0.9524478912353516,0.18440612256526948,0.08823133111000062,0.006007643789052964,0.27864509746432303
103,1.0,0.35665318965911863,2.2795379400253295,0.1908440113067627,0.09262654930353165,0.009592998400330543,0.30924118757247926,0.5765813827514649,0.19492820501327515,0.09454761892557144,0.004935851972550154,0.2944116759113967
104,1.0,0.35858699679374695,2.230537271499634,0.19328937828540801,0.09385188221931458,0.009059222787618637,0.3690373420715332,1.1063910841941833,0.22510612905025482,0.10806408375501633,0.005350781511515379,0.3385209943167865
105,1.0,0.3787140488624573,2.2592923641204834,0.20666711926460266,0.09977020770311355,0.00899591352790594,0.37353726029396056,1.0972735404968261,0.22757222056388854,0.10895907282829284,0.008175518736243248,0.3447068121284246
106,1.0,0.39560566544532777,3.038230228424072,0.20148499608039855,0.09796092361211776,0.01002567857503891,0.39588749408721924,4.100878095626831,0.18141462802886962,0.08835089653730392,0.006191284582018852,0.2759568091481924
107,1.0,0.3698513388633728,2.5572645902633666,0.19461653828620912,0.09444269239902496,0.008148335665464402,0.3911406576633453,2.9987778663635254,0.20111265778541565,0.09770351946353913,0.004722272045910358,0.3035384492948651
108,1.0,0.3338130533695221,1.6929322481155396,0.18755602538585664,0.0914396196603775,0.00805888995528221,0.2905868172645569,1.0190868377685547,0.1731479287147522,0.08458794951438904,0.0045566437765955925,0.26229252200573683
109,1.0,0.3819553554058075,3.1272788763046266,0.1916953444480896,0.09247322529554367,0.007936846558004617,0.3875772714614868,2.636545944213867,0.2066304087638855,0.09920037388801575,0.005300259403884411,0.3111310420557856
110,1.0,0.3832842826843262,2.8765870571136474,0.19713889956474304,0.09566256403923035,0.008370431698858738,0.3162420988082886,1.3168386220932007,0.1851515680551529,0.08887936025857926,0.005412047356367111,0.2794429756700993
111,1.0,0.35160587430000306,2.108507227897644,0.19142203032970428,0.09277157038450241,0.00831414209678769,0.3290884613990784,1.3531403303146363,0.19267405271530152,0.09369218349456787,0.004256011918187141,0.29062224812805654
112,1.0,0.329190331697464,1.8592512607574463,0.18131434321403503,0.08824855238199233,0.007699774391949177,0.32103599309921266,1.4305171847343445,0.1850741446018219,0.09016474783420562,0.005763159971684218,0.2810020524077117
113,1.0,0.34779341220855714,2.244917798042297,0.1860453337430954,0.09028096199035644,0.008239171653985976,0.31557849049568176,0.7862875461578369,0.1950987845659256,0.09451155066490173,0.004759054072201252,0.2943693893030286
114,1.0,0.35748742818832396,2.690038251876831,0.1835366368293762,0.08925446271896362,0.007990362122654915,0.2879046738147736,0.9645900368690491,0.17317661941051482,0.08382216542959213,0.003936395794153213,0.2609351806342602
115,1.0,0.33198489546775817,1.8126003861427307,0.18422468304634093,0.08915753215551377,0.008449348900467158,0.3071469604969025,1.0116939544677734,0.18450909554958345,0.09000772684812545,0.004558648355305195,0.2790754707530141
116,1.0,0.33217058777809144,1.8315140008926392,0.1837557762861252,0.0892043799161911,0.008530026860535144,0.3344471514225006,2.5125207901000977,0.17182073295116423,0.0841261938214302,0.006249186955392361,0.2621961137279868
117,1.0,0.3426669180393219,2.172004771232605,0.18424607813358307,0.08938944190740586,0.0077425031922757626,0.3204017460346222,1.0561992645263671,0.1931334376335144,0.09288407415151596,0.00539651196449995,0.29141402374953035
118,1.0,0.3185570538043976,1.3932026147842407,0.18351291716098786,0.08920216262340545,0.008091813791543246,0.31945756673812864,0.9464980483055114,0.19471912682056428,0.0941066488623619,0.004473671596497297,0.2932994472794235
119,1.0,0.3465455949306488,2.2257722854614257,0.18572190403938293,0.08972171247005463,0.008657624386250973,0.3211493015289307,1.8323972702026368,0.17689131200313568,0.08601848483085632,0.006535165011882782,0.2694449618458748
120,1.0,0.3199633717536926,1.6957756280899048,0.17816678285598755,0.08668870776891709,0.00846923552453518,0.3037825107574463,0.8769119620323181,0.18574252128601074,0.08966829925775528,0.004128656536340714,0.27953947708010674
121,1.0,0.3357076108455658,1.944788384437561,0.18384479284286498,0.08939951956272126,0.008239310700446367,0.3349964261054993,1.384073841571808,0.19618602991104125,0.09460667818784714,0.0053630231879651545,0.2961557312868536
122,1.0,0.3413530170917511,2.094599151611328,0.18454532325267792,0.08921272754669189,0.009513978101313113,0.3483298599720001,1.9844683408737183,0.1929488867521286,0.09278996139764786,0.006113915890455246,0.2918527640402317
123,1.0,0.33918415904045107,2.0044387578964233,0.18424819707870482,0.08969901651144027,0.010207576118409634,0.2995578646659851,1.2270497918128966,0.17513069212436677,0.08543457090854645,0.004362207092344761,0.26492747012525797
124,1.0,0.3315015435218811,1.8567972898483276,0.18284547328948975,0.08864192068576812,0.008620481751859189,0.2891868770122528,1.370991086959839,0.1646573394536972,0.08075134456157684,0.005296904407441616,0.2507055884227157
125,1.0,0.3141981363296509,1.6967689037322997,0.17408016324043274,0.08489466309547425,0.008640494477003813,0.3200545787811279,1.151656413078308,0.19010464251041412,0.09192909747362137,0.006942252442240715,0.2889759924262762
126,1.0,0.3269908845424652,1.6624567747116088,0.18368117809295653,0.08886653780937195,0.009138938412070275,0.32647002339363096,1.8297631025314331,0.17991670668125154,0.08777533173561096,0.007770177163183689,0.2754622155800462
127,1.0,0.31832385063171387,1.646007490158081,0.17789848148822784,0.08624250441789627,0.009605278447270393,0.29018561244010926,1.1955879926681519,0.16832374036312103,0.08233576565980912,0.007316918671131134,0.2579764246940613
128,1.0,0.32762845158576964,2.1154577016830443,0.1749741792678833,0.08483060151338577,0.008719902113080024,0.296319967508316,1.0450379371643066,0.17622990012168885,0.08581788390874863,0.0058421122841537,0.2678898963145912
129,1.0,0.2954858601093292,1.3277414679527282,0.16920291781425476,0.08251654058694839,0.007868317887187004,0.3188063144683838,1.3269551038742065,0.18662912547588348,0.09027435183525086,0.004188350494951009,0.2810918278060854
130,1.0,0.3050927460193634,1.5561420679092408,0.17101363241672515,0.08308483511209488,0.008620026800781489,0.30680276155471803,0.9697535276412964,0.1857101410627365,0.08989791125059128,0.00420418893918395,0.27981224125251175
131,1.0,0.33696889877319336,2.210109519958496,0.17963899970054625,0.08690599501132965,0.008241236582398415,0.31384222507476806,0.975699532032013,0.19122438728809357,0.09124176651239395,0.0042101818602532145,0.28667633566074074
132,1.0,0.3204725027084351,2.083607244491577,0.17099862396717072,0.08315885663032532,0.007613630872219801,0.33252460360527036,2.095476746559143,0.1796322673559189,0.08726451247930526,0.005527057312428951,0.2724238371476531
133,1.0,0.3098918378353119,1.8614027142524718,0.16798166930675507,0.081938336789608,0.008259491994976997,0.3031279623508453,1.419051730632782,0.17322181761264802,0.08432909399271012,0.006011039670556784,0.2635619512759149
134,1.0,0.334093177318573,2.1335363388061523,0.17890407741069794,0.08687613904476166,0.008613742608577012,0.31844719052314757,2.1417234420776365,0.16967517435550689,0.08221279680728913,0.004615037702023983,0.25650300886482
135,1.0,0.31179731488227846,1.7967185020446776,0.17109475433826446,0.08325916230678558,0.007083659712225199,0.2873453199863434,0.8281684279441833,0.17484356462955475,0.08510814607143402,0.005097134597599506,0.2650488452985883
136,1.0,0.3297090888023376,2.187181854248047,0.17536644637584686,0.08502369672060013,0.007406988926231861,0.3203523695468903,1.2638004302978516,0.18828049600124358,0.09138272255659104,0.0055502733215689656,0.2852134918794036
137,1.0,0.3086622416973114,1.6532397985458374,0.17174196541309356,0.08366065472364426,0.007324856333434581,0.30647170543670654,1.143182909488678,0.18195009231567383,0.08809357732534409,0.004265071824193001,0.2743087414652109
138,1.0,0.31764004230499265,1.7612348079681397,0.1759805202484131,0.0854756698012352,0.006693606730550528,0.32692155838012693,2.2098933935165403,0.17392934560775758,0.08469168394804001,0.004007448069751262,0.26262847762554886
139,1.0,0.32850900292396545,2.2556612491607666,0.17310636043548583,0.08423501253128052,0.006995590683072805,0.3544454574584961,2.110435223579407,0.19548824727535247,0.09359742403030395,0.0040934300981462,0.29317910140380266
140,1.0,0.3291816473007202,2.4276046991348266,0.17024907767772673,0.08270441740751266,0.006800013966858387,0.31026566624641416,1.5933265209197998,0.17560792863368987,0.08494973480701447,0.003816404938697815,0.2643740683794022
141,1.0,0.3212150573730469,2.005739855766296,0.1732300788164139,0.08440829366445542,0.006808968540281057,0.31070190072059634,1.4598730206489563,0.17797715961933136,0.08667937517166138,0.004498314624652266,0.269154849415645
142,1.0,0.3059903383255005,1.8281885266304017,0.1664799004793167,0.08126106411218643,0.006807460822165013,0.3004403293132782,1.1238896369934082,0.17879768013954161,0.08607913702726364,0.0036936502903699873,0.2685704674571752
143,1.0,0.3062307953834534,1.586063027381897,0.171891188621521,0.08354674875736237,0.0064219595864415165,0.3054489016532898,0.8932255744934082,0.18704963922500611,0.09009951502084732,0.003005950665101409,0.2801551049109548
144,1.0,0.3021739423274994,1.48357036113739,0.1715065598487854,0.08299251347780227,0.0063355306163430216,0.3199683248996735,2.1627352356910707,0.1702350050210953,0.08307355493307114,0.003555424837395549,0.25686398479156203
145,1.0,0.31830415725708006,1.8100353479385376,0.17587664127349853,0.08512344062328339,0.006006039865314961,0.3134851694107056,1.3729602813720703,0.18245558738708495,0.08816470354795455,0.0033521250821650027,0.27397241601720446
146,1.0,0.30244051814079287,1.7061094164848327,0.16707213819026948,0.08118863999843598,0.005992928706109524,0.2852919936180115,1.0584587931632996,0.16926286220550538,0.08211134523153304,0.004328052140772342,0.2557022595778108
147,1.0,0.3269685983657837,2.0645032048225405,0.17679190933704375,0.08514242619276047,0.00619832742959261,0.2828047811985016,1.200061845779419,0.165084370970726,0.0800198808312416,0.0033973509445786474,0.24850160274654626
148,1.0,0.2989528179168701,1.2432191967964172,0.17405598759651184,0.08452185541391373,0.00615679519250989,0.31321659684181213,1.3563817977905273,0.18199245631694794,0.08844966441392899,0.0041660737246274945,0.27460819445550444
149,1.0,0.30575942397117617,1.723230743408203,0.16853972971439363,0.08212742656469345,0.00679069384932518,0.32776392698287965,1.9439337968826294,0.18036220967769623,0.08692045509815216,0.004326483979821205,0.2716091487556696
150,1.0,0.3282943367958069,2.1713113307952883,0.17479874789714814,0.08508326709270478,0.00654598893597722,0.3027320146560669,1.1845722198486328,0.17844781577587127,0.08640578836202621,0.004682479705661535,0.26953608384355904
151,1.0,0.3119651973247528,1.7008250951766968,0.1731378346681595,0.08443891704082489,0.00672739502042532,0.29393923878669737,1.292341673374176,0.16935867667198182,0.08291328400373459,0.005794060789048672,0.25806602146476504
152,1.0,0.31729933619499207,2.092867374420166,0.1682438611984253,0.08224336057901382,0.008052183035761117,0.3029284358024597,0.871976101398468,0.18520127832889557,0.08972519487142563,0.0036853338591754437,0.2786118070594967
153,1.0,0.2898719072341919,1.4182137489318847,0.16428291499614717,0.07982646971940995,0.006432225741446018,0.3178871273994446,1.1723721623420715,0.18954811096191407,0.09155518263578415,0.0032253057695925237,0.2843285993672907
154,1.0,0.2985073983669281,1.4798140406608582,0.16902876794338226,0.08202839791774749,0.006111637223511934,0.33449423909187315,2.150858682394028,0.18127549588680267,0.08733184188604355,0.002722265338525176,0.2713296031113714
155,1.0,0.3090821266174316,1.6168123126029967,0.17319251000881195,0.08391110002994537,0.0069482894614338875,0.2949085831642151,0.7143075942993165,0.1831686943769455,0.08890959173440934,0.0028021544218063354,0.27488044053316113
156,1.0,0.2962862253189087,1.433156967163086,0.16842432618141173,0.08215104192495346,0.005432284623384476,0.28599547147750853,1.2771128416061401,0.16569583117961884,0.08070012629032135,0.002572256978601217,0.24896821444854142
157,1.0,0.3092828929424286,1.6907786130905151,0.1722551941871643,0.08348992019891739,0.005628852732479572,0.2943858623504639,1.0013420581817627,0.17692584693431854,0.08591524958610534,0.0030090286396443843,0.26585012516006823
158,1.0,0.28887457847595216,1.1958624720573425,0.16835964024066924,0.08188108652830124,0.005515958555042744,0.2950965851545334,1.2041292309761047,0.1732993096113205,0.0841638371348381,0.003019155841320753,0.26048230258747934
159,1.0,0.2968365430831909,1.6350153923034667,0.1648574262857437,0.08007999956607818,0.005697310995310545,0.2843373715877533,1.0498980045318604,0.16930405497550965,0.08170615434646607,0.00366045068949461,0.2546706600114703
160,1.0,0.28168302178382876,1.2021411538124085,0.16334971487522126,0.07955242544412613,0.005433283653110266,0.3075223922729492,0.7517898917198181,0.19078210294246672,0.09246904551982879,0.003435120265930891,0.2866862687282264
161,0.9958333333333333,0.3113524913787842,1.6192835211753844,0.17488084733486176,0.08487961292266846,0.006027051154524088,0.296440464258194,1.206859576702118,0.17395968735218048,0.08429335206747054,0.00396326333284378,0.26221630275249486
162,0.9916666666666667,0.3125128626823425,2.0085042238235475,0.1676241338253021,0.08148100227117538,0.0063052215613424775,0.2638239681720734,0.8213653564453125,0.15949178636074066,0.07804969996213913,0.0032830518670380116,0.2408245381899178
163,0.9875,0.3024357438087463,1.6758864283561707,0.16758714020252227,0.08102644681930542,0.007091131713241339,0.2979010581970215,1.460766577720642,0.16967326998710633,0.08239587545394897,0.004017828358337283,0.2560869737993926
164,0.9833333333333333,0.2839824855327606,1.369586443901062,0.1612337976694107,0.07863675355911255,0.006048664730042219,0.27277767062187197,0.5900291800498962,0.17130549848079682,0.08223981857299804,0.0030629719607532025,0.2566082890145481
165,0.9791666666666666,0.28838313221931455,1.5941873908042907,0.16003190875053405,0.07779512107372284,0.005460980068892241,0.30430224537849426,1.226883840560913,0.1791250765323639,0.08672483563423157,0.0032916521187871693,0.26914156428538266
166,0.975,0.30219924449920654,1.7581151962280273,0.16551312804222107,0.08075195550918579,0.006381423026323318,0.3118109405040741,1.160236918926239,0.18626191318035126,0.08892870396375656,0.003626422118395567,0.2788170392625034
167,0.9708333333333333,0.28900655508041384,1.2473536729812622,0.16760305762290956,0.08110858052968979,0.005748615600168705,0.3134519159793854,1.664681088924408,0.17618251740932464,0.08545186668634415,0.003754220623522997,0.2653886047191918
168,0.9666666666666667,0.3008166253566742,1.4915061712265014,0.1707145541906357,0.0826269194483757,0.005459927581250667,0.3297479569911957,2.340022659301758,0.17363946735858918,0.08434378504753112,0.003128069592639804,0.2611113219987601
169,0.9625,0.29583610892295836,1.6697004795074464,0.16344682574272157,0.07937665581703186,0.005843195971101523,0.31279810070991515,1.521322751045227,0.1791938453912735,0.08583580702543259,0.004257548786699772,0.2692872012034058
170,0.9583333333333334,0.2869937360286713,1.2116476535797118,0.16669536530971527,0.08099134713411331,0.005915180314332247,0.274388974905014,0.9502380132675171,0.16482773125171662,0.07925520539283752,0.0035977798979729414,0.2476807165425271
171,0.9541666666666667,0.29385520815849303,1.655848228931427,0.1618105560541153,0.07885175198316574,0.00703489976003766,0.3222764790058136,1.7274991989135742,0.18117736876010895,0.08746768832206726,0.003612910956144333,0.2722579680383206
172,0.95,0.27366203665733335,1.0251820921897887,0.16140129268169404,0.07857256680727005,0.0058654436841607096,0.2845889925956726,0.7984107434749603,0.17412931323051453,0.08475785702466965,0.0034990064799785615,0.26238617673516273
173,0.9458333333333333,0.2884283125400543,1.441558039188385,0.1630434513092041,0.07938317954540253,0.005509871337562799,0.2862820327281952,0.8142837524414063,0.17619794607162476,0.08401553779840469,0.003280058782547712,0.2634935426525772
174,0.9416666666666667,0.29669026732444764,1.7265103101730346,0.16294695436954498,0.07899278700351715,0.0059104512445628645,0.3058685064315796,1.5626946210861206,0.17298778891563416,0.08346439450979233,0.0050709529779851435,0.2615231364034116
175,0.9375,0.2939088702201843,1.8014229536056519,0.1588514566421509,0.07770887911319732,0.006611696444451809,0.30700101852416994,1.769108772277832,0.16935359835624694,0.0820949286222458,0.004958448745310306,0.25640697572380305
176,0.9333333333333333,0.28196888566017153,1.3840945601463317,0.1598256468772888,0.07759715467691422,0.006046499311923981,0.2989060640335083,1.3670423030853271,0.17225629985332488,0.08379685133695602,0.003683292027562857,0.2597364432178438
177,0.9291666666666667,0.2982129693031311,1.5488284707069397,0.16738217771053315,0.08136226683855056,0.006007356569170952,0.29243879318237304,0.64712575674057,0.18320216238498688,0.08815458118915558,0.003336525661870837,0.2746932692360133
178,0.925,0.26508824825286864,1.0338890194892882,0.15533345937728882,0.07583740949630738,0.005801424477249384,0.2854119956493378,0.729156494140625,0.1769958794116974,0.0851982906460762,0.002686289884150028,0.2648804599419236
179,0.9208333333333334,0.2747308164834976,1.1336014866828918,0.16015198826789856,0.07797835916280746,0.005184865277260542,0.3108788371086121,2.050403428077698,0.16748906672000885,0.08024176508188248,0.0032717879861593247,0.25100261978805066
180,0.9166666666666666,0.2919244885444641,1.5581331729888916,0.16348297595977784,0.07905798405408859,0.005279075168073177,0.28035415410995485,0.813025426864624,0.1714165359735489,0.08326444029808044,0.0025648501701653003,0.2572458264417946
181,0.9125,0.29078258872032164,1.5632155656814575,0.16229651868343353,0.07879856079816819,0.005582083947956562,0.29437808990478515,0.7171257495880127,0.1830353170633316,0.0880337968468666,0.0035904164426028727,0.27465953035280105
182,0.9083333333333333,0.29711526036262514,1.9752690076828003,0.1577221065759659,0.07678187042474746,0.006706430204212665,0.29446149468421934,1.1600512146949769,0.1739315629005432,0.084194615483284,0.0030675949063152077,0.26119377329014243
183,0.9041666666666667,0.29217987656593325,1.659792995452881,0.16119844615459442,0.07838407307863235,0.0056071259081363675,0.31731716394424436,2.1720569729804993,0.16894584894180298,0.08165489137172699,0.0031094451900571586,0.25371018550358715
184,0.9,0.2865264117717743,1.4850738525390625,0.16106149256229402,0.07824022471904754,0.005344973597675562,0.303313809633255,1.2025559425354004,0.17897596061229706,0.08647198081016541,0.0035783914849162103,0.2690263329073787
185,0.8958333333333334,0.2923535227775574,1.7256197690963746,0.1599654257297516,0.07776449620723724,0.005710023362189532,0.27337785363197326,0.6596859455108642,0.1697045773267746,0.08221470713615417,0.003335944935679436,0.25525522939860823
186,0.8916666666666666,0.2956105709075928,1.621665120124817,0.16430967450141906,0.07983299940824509,0.0056358945555984976,0.3164799451828003,1.3770495414733888,0.18496769666671753,0.08844866007566451,0.00350419282913208,0.27692054957151413
187,0.8875,0.27711898684501646,1.1124956130981445,0.16191088259220124,0.07882437855005264,0.0060177244246006015,0.32030744552612306,1.5660330653190613,0.18328348696231841,0.08851961493492126,0.003046744503080845,0.2748498464003205
188,0.8833333333333333,0.29222738146781924,1.665394163131714,0.16099271476268767,0.07827881574630738,0.005988051556050778,0.29350054264068604,1.4203649044036866,0.16826988160610198,0.08105673640966415,0.003125969599932432,0.25245258761569855
189,0.8791666666666667,0.2872276306152344,1.3977489948272706,0.1633971482515335,0.07909940481185913,0.005597205087542534,0.2793555736541748,0.894379723072052,0.16879413425922393,0.08157419562339782,0.004311698023229837,0.2546800279058516
190,0.875,0.2832125902175903,1.3534137964248658,0.1614731103181839,0.0783429890871048,0.005588158033788204,0.31091177463531494,1.8108323335647583,0.17213199734687806,0.08295300602912903,0.003003606665879488,0.2580886100418866
191,0.8708333333333333,0.28584885597229004,1.3122117638587951,0.16425955891609192,0.07958582490682602,0.00527422996237874,0.2807939827442169,0.7490024447441102,0.17360971570014955,0.08321783989667893,0.0029926964547485114,0.259820252051577
192,0.8666666666666667,0.26747881174087523,1.1086945533752441,0.15597816705703735,0.0757125347852707,0.005054531432688236,0.30386518239974974,1.0684842705726623,0.1829614371061325,0.08775462806224824,0.0021891620010137556,0.2729052271693945
193,0.8625,0.28786054253578186,1.425166869163513,0.163414666056633,0.07916890531778335,0.005043921060860157,0.27062070965766905,0.8921534180641174,0.16287918984889985,0.0793827161192894,0.0031883733347058294,0.2454502793028951
194,0.8583333333333334,0.2834909617900848,1.333328640460968,0.16224479377269746,0.0785819485783577,0.005328738316893578,0.31323562264442445,1.4585975646972655,0.1815855622291565,0.08657951056957244,0.0026252639945596457,0.27079033679328857
195,0.8541666666666666,0.27238092124462127,1.1821554064750672,0.1577800452709198,0.07647177726030349,0.005328867677599191,0.28892071843147277,0.6323838710784913,0.18182011246681212,0.08660854697227478,0.003041038056835532,0.2714696974959224
196,0.85,0.26460075974464414,1.1251800179481506,0.15371359884738922,0.07456920742988586,0.005125105008482933,0.26617285013198855,0.9270985960960388,0.15923300683498381,0.07748185694217682,0.0032900576945394276,0.24000492147170008
197,0.8458333333333333,0.2752895563840866,1.3696748256683349,0.15517261028289794,0.07576636970043182,0.006520649418234825,0.2847177952528,0.5733794331550598,0.17918644845485687,0.08645636439323426,0.003747165109962225,0.2693899779580533
198,0.8416666666666667,0.2889032930135727,1.8182385921478272,0.15579246282577514,0.07565733641386033,0.0058126765303313736,0.30114327669143676,1.0332502126693726,0.18106318414211273,0.08701290041208268,0.004139392636716366,0.27221547719091177
199,0.8375,0.27240456342697145,1.1298938870429993,0.15856735706329345,0.07697066217660904,0.005939460825175047,0.32143317461013793,1.8506634473800658,0.1777590185403824,0.08628812581300735,0.003732270700857043,0.26777941505424674
200,0.8333333333333334,0.28388728499412536,1.4157217264175415,0.16034018993377686,0.07800988107919693,0.006131112668663263,0.31332502961158754,0.9297837615013123,0.19143906533718108,0.09229960739612579,0.003385690925642848,0.2871243636589497
201,0.8291666666666666,0.3011713147163391,1.8302064657211303,0.16382764875888825,0.07949444353580475,0.005886047054082156,0.2656587302684784,0.5782407283782959,0.16573938727378845,0.08016114830970764,0.004821937996894121,0.25072247358039024
202,0.825,0.2760958820581436,1.3067722082138062,0.15713473856449128,0.07665973454713822,0.006196481827646494,0.28502371311187746,0.7940575003623962,0.1745634913444519,0.08438038975000381,0.004516188614070415,0.26346006970852615
203,0.8208333333333333,0.280736917257309,1.5018083333969117,0.15665790140628816,0.07599869072437286,0.006052149087190628,0.3008979856967926,0.90553098320961,0.18324633538722992,0.088847054541111,0.0032773114275187255,0.27537070135585967
204,0.8166666666666667,0.2970443904399872,1.8761583328247071,0.1601424127817154,0.07771545052528381,0.005803574435412883,0.29290918707847596,1.5991639852523805,0.1642201602458954,0.07923629432916642,0.002955649746581912,0.24641210432164373
205,0.8125,0.28633260130882265,1.5605589270591735,0.15944223403930663,0.07713030129671097,0.005886608082801103,0.3005497395992279,1.5522879481315612,0.1703341096639633,0.08207552134990692,0.003142930148169398,0.25555256116203967
206,0.8083333333333333,0.27020796537399294,0.8740847110748291,0.16257791221141815,0.07895203977823258,0.004910939279943705,0.2718361556529999,0.9633195996284485,0.16246838569641114,0.07909719049930572,0.002741982787847519,0.24430755898356438
207,0.8041666666666667,0.2632241666316986,1.1207279086112976,0.15281896591186522,0.07435387820005417,0.004858969803899526,0.2429647147655487,1.052642834186554,0.14129878282546998,0.06893537640571594,0.0023025627247989177,0.21253672195598486
208,0.8,0.26133543252944946,0.8244570374488831,0.1578212559223175,0.07653525471687317,0.0044904320500791075,0.2924339771270752,1.1635112285614013,0.17306263148784637,0.08329427689313888,0.0023434925358742477,0.2587004009168595
209,0.7958333333333334,0.2644260495901108,1.1135871171951295,0.15386392772197724,0.07471792548894882,0.004873160645365715,0.2733505845069885,0.9971501111984253,0.16306615769863128,0.07928185611963272,0.0021760999225080013,0.244524113740772
210,0.7916666666666666,0.2885294079780579,1.5642643809318542,0.16109564304351806,0.0782755360007286,0.004460587445646524,0.30620877742767333,1.881058156490326,0.16767873466014863,0.08062679618597031,0.002943014493212104,0.25124854533933105
211,0.7875,0.2830319792032242,1.4826530456542968,0.15916432142257692,0.07693708688020706,0.0049019684083759785,0.28605222702026367,1.19179265499115,0.16752851605415345,0.08095627725124359,0.0036273037549108267,0.25211209706030785
212,0.7833333333333333,0.2745477557182312,1.406000590324402,0.15440948605537413,0.07517856061458587,0.005559374205768108,0.3157491087913513,2.0808862686157226,0.1691340059041977,0.0824592724442482,0.003458509407937527,0.25505178775638343
213,0.7791666666666667,0.2848410248756409,1.4801177859306336,0.16030173003673553,0.07756512314081192,0.005141283106058836,0.2847106456756592,1.115076720714569,0.16800407767295839,0.0818636953830719,0.0027811757754534483,0.2526489488314837
214,0.775,0.2924156069755554,1.8474141716957093,0.15770810544490815,0.07683772146701813,0.0048947235569357875,0.307618510723114,1.6997097969055175,0.17197936177253723,0.083326818048954,0.002642100257799029,0.25794828007929027
215,0.7708333333333334,0.2745506167411804,1.001508355140686,0.16301605701446534,0.07911501824855804,0.004748591035604477,0.2793425142765045,0.8498954176902771,0.17040407359600068,0.08214747309684753,0.002588237123563886,0.25513978381641206
216,0.7666666666666666,0.2656585693359375,1.3393041014671325,0.15022695660591126,0.07301698625087738,0.004471013881266117,0.3004022121429443,1.4706188678741454,0.1720734119415283,0.08317468613386154,0.0020710970275104046,0.25731919510290024
217,0.7625,0.27425711750984194,1.205299186706543,0.15891911685466767,0.07702889144420624,0.0043002692051231865,0.2883851945400238,1.0153183937072754,0.17314586639404297,0.08373999893665314,0.0020795539719983937,0.2589654193026945
218,0.7583333333333333,0.261549299955368,1.2001773118972778,0.15033219158649444,0.07313863337039947,0.004146312875673175,0.2703465759754181,1.1201486945152284,0.15867242515087127,0.07701632231473923,0.002106744237244129,0.23779549170285463
219,0.7541666666666667,0.26032669842243195,0.9752719759941101,0.1539731055498123,0.07490162551403046,0.0043876114767044784,0.2725043773651123,0.7584764361381531,0.1681877702474594,0.08064062297344207,0.0018434000900015234,0.250671793310903
220,0.75,0.2620092898607254,1.0451775908470153,0.15351074934005737,0.07446870058774949,0.0053490299731493,0.27850223183631895,0.9943601608276367,0.16708326041698457,0.08021773248910904,0.0027408910915255546,0.2500418839976192
221,0.7458333333333333,0.2880339980125427,1.3649601459503173,0.1645556002855301,0.07993368059396744,0.0051918264478445055,0.2845762372016907,0.8903236627578736,0.172389218211174,0.08360514342784882,0.0037443490233272313,0.25973871066235005
222,0.7416666666666667,0.2657847017049789,1.1372782230377196,0.15410958528518676,0.07484616488218307,0.005421205423772335,0.28313785791397095,0.8408450365066529,0.17328111827373505,0.08317954689264298,0.002903716964647174,0.2593643821310252
223,0.7375,0.2679085284471512,1.3352806925773621,0.15168911814689637,0.07366723865270615,0.0049875139258801935,0.30443609356880186,1.7348650455474854,0.1690317988395691,0.08193604350090027,0.0028445964679121973,0.25381243880838156
224,0.7333333333333334,0.2685530722141266,1.3279433369636535,0.15227562189102173,0.07407376766204835,0.004730767849832773,0.2974317014217377,0.766957414150238,0.18503935635089874,0.08803263753652572,0.002701984066516161,0.27577397795394065
225,0.7291666666666667,0.28621183037757875,1.6801416397094726,0.15723778307437897,0.07624690532684326,0.0046457801014184955,0.2889234125614166,1.6755940198898316,0.15992160737514496,0.07733961045742035,0.0027887362986803053,0.24004995413124564
226,0.725,0.26536104679107664,0.9177297472953796,0.15853879153728484,0.07711752057075501,0.004345689248293638,0.3277454853057861,2.807056522369385,0.16339995861053466,0.07905233055353164,0.002163033187389374,0.24461532235145567
227,0.7208333333333333,0.2786726176738739,1.6709927201271058,0.1524091750383377,0.0737895593047142,0.0046881942078471186,0.279117950797081,0.5049085855484009,0.17795399725437164,0.0848232202231884,0.0023869503755122425,0.2651641678530723
228,0.7166666666666667,0.261003714799881,1.1874675512313844,0.15021726191043855,0.07301666885614395,0.004291498614475131,0.2936397612094879,0.5867592692375183,0.18510347008705139,0.08967596888542176,0.0025151032488793133,0.27729454222135247
229,0.7125,0.2597704082727432,1.121185576915741,0.15058596730232238,0.07326679676771164,0.004564166720956564,0.2768467843532562,1.0363938331604003,0.16483938097953796,0.07955995053052903,0.002711288398131728,0.24711061990819871
230,0.7083333333333333,0.2667765378952026,1.2963317394256593,0.1514499455690384,0.07380064725875854,0.00527197327464819,0.2619728147983551,0.7925575733184814,0.15925082564353943,0.07748644202947616,0.0029176458716392516,0.23965491354465485
231,0.7041666666666666,0.2634527891874313,1.4203940629959106,0.14671239554882048,0.071595598757267,0.005065958760678768,0.2857542037963867,1.1884446382522582,0.16764188706874847,0.08094412535429,0.003029703162610531,0.251615715585649
232,0.7,0.26674083471298216,1.268911635875702,0.15224096179008484,0.07384954243898392,0.0051659543067216875,0.28612983226776123,0.7931906700134277,0.17602963745594025,0.0847052738070488,0.003198402840644121,0.26393331410363313
233,0.6958333333333333,0.2712790846824646,1.3345834970474244,0.15415409207344055,0.07471305280923843,0.004748880956321954,0.28276764750480654,1.293986403942108,0.16377803385257722,0.07891790717840194,0.0025042394176125527,0.2452001804485917
234,0.6916666666666667,0.2646697163581848,1.5099087715148927,0.14590050876140595,0.07099082171916962,0.004962262976914644,0.2685528934001923,0.8753794074058533,0.16292003989219667,0.07795275896787643,0.002837421465665102,0.2437102203257382
235,0.6875,0.2726135700941086,1.2152981400489806,0.15757011771202087,0.07617426663637161,0.004820482432842254,0.24932026863098145,0.6422142744064331,0.15398138165473937,0.0747755691409111,0.002593785244971514,0.23135073604062198
236,0.6833333333333333,0.27333736419677734,1.5304801702499389,0.15154455602169037,0.07357669174671173,0.0046034279279410836,0.2585301548242569,0.6602114498615265,0.1603444993495941,0.07725562304258346,0.0022474040742963552,0.23984752646647392
237,0.6791666666666667,0.25928911864757537,0.9547353506088256,0.15379302501678466,0.07471193671226502,0.004284199047833681,0.30067144632339476,1.6055474281311035,0.16890567541122437,0.08248842805624008,0.0022218311205506325,0.25361593458801507
238,0.675,0.27045693099498747,1.2463056921958924,0.15541346669197081,0.07548364102840424,0.004341299179941416,0.3048576056957245,2.520236146450043,0.1534321576356888,0.07484106570482255,0.0019545853603631256,0.23022780870087448
239,0.6708333333333334,0.2686766624450684,1.3299275755882263,0.1525002419948578,0.0740610972046852,0.004434986133128404,0.29266642332077025,1.2391719937324523,0.1720548003911972,0.08206711560487748,0.002738658804446459,0.25686057480052116
240,0.6666666666666667,0.2544845074415207,1.149176573753357,0.14633274376392363,0.07135842889547347,0.004636065103113651,0.2785483956336975,0.7284971833229065,0.17218493521213532,0.08340855091810226,0.002199974562972784,0.25779346069321035
241,0.6625,0.26654950976371766,1.293269729614258,0.1519328236579895,0.0737022414803505,0.0042326956987380985,0.2661005616188049,0.5959596991539001,0.1666539043188095,0.08065522760152817,0.0018252628622576594,0.2491343947825953
242,0.6583333333333333,0.25124886333942414,0.9541247010231018,0.148489049077034,0.07220458090305329,0.0038629982620477675,0.28607929348945615,1.0696695685386657,0.17121011018753052,0.08177635371685028,0.0020055375061929226,0.2549920014105737
243,0.6541666666666667,0.26036986112594607,0.9137134194374085,0.15565913319587707,0.07508864104747773,0.004421366844326258,0.28748378753662107,0.8116122961044312,0.17657501101493836,0.08517073988914489,0.0027793613728135822,0.26452511227689685
244,0.65,0.25605093836784365,0.8814493536949157,0.1529293954372406,0.07449344545602798,0.004369230568408966,0.24988246858119964,0.6912567138671875,0.15321112275123597,0.07459706217050552,0.0026731309480965137,0.230481315869838
245,0.6458333333333333,0.2564458459615707,1.2143997192382812,0.1463571548461914,0.07132390290498733,0.0046655949205160144,0.2843154966831207,0.6613648116588593,0.17733310163021088,0.08584819883108138,0.002586489310488105,0.2657677897717804
246,0.6416666666666666,0.2765022605657578,1.3009095668792725,0.1583925187587738,0.07671456784009933,0.0047357739880681034,0.2790371775627136,0.6391047954559326,0.17507935762405397,0.08381648063659668,0.0019363826606422663,0.26083222092129293
247,0.6375,0.2475390076637268,0.8922967791557312,0.14718922972679138,0.07157387286424637,0.004014014266431332,0.28716126680374143,0.528334105014801,0.18293846547603607,0.08739097863435745,0.0019636047072708607,0.27229304881766436
248,0.6333333333333333,0.24602270126342773,0.8694732427597046,0.14662659168243408,0.07119706571102143,0.004229699727147818,0.27632975578308105,1.2746250987052918,0.16036732196807862,0.0767671212553978,0.001913101738318801,0.23904754496179523
249,0.6291666666666667,0.2635493814945221,1.3742058157920838,0.14830339550971985,0.07203827947378158,0.003963077533990144,0.29194746613502504,1.2431027173995972,0.1715691566467285,0.08191811293363571,0.0023342239670455455,0.25582149354740974
250,0.625,0.2689415454864502,1.3428611516952516,0.15241572260856628,0.07403819411993026,0.004403607733547687,0.27082890272140503,0.791502845287323,0.16634219884872437,0.0796752318739891,0.0021327504888176917,0.24815018121153118
251,0.6208333333333333,0.25411481261253355,1.221812129020691,0.14467882215976716,0.07068822830915451,0.004186802357435226,0.3222915768623352,1.367235815525055,0.18908027410507203,0.0910462960600853,0.0022958799730986358,0.28242245013825595
252,0.6166666666666667,0.2649723500013351,1.0198145985603333,0.1563264399766922,0.07589538097381592,0.004312201682478189,0.28875808119773866,0.7347701549530029,0.1797080308198929,0.08565541803836822,0.0027030790224671364,0.26806652788072827
253,0.6125,0.2641181379556656,1.2518434405326844,0.15099639892578126,0.07344119995832443,0.00425048153847456,0.26920974254608154,0.7209836483001709,0.16628788709640502,0.08004144430160523,0.0025017797481268643,0.24883111114613712
254,0.6083333333333334,0.2710195243358612,1.1992868065834046,0.15649921000003814,0.07607744485139847,0.004928546585142612,0.2886992871761322,1.018129575252533,0.1731617659330368,0.08339528888463973,0.003196675656363368,0.25975373047403993
255,0.6041666666666667,0.2664236664772034,1.393123710155487,0.14952160120010377,0.07271251678466797,0.004791654366999865,0.34828104376792907,2.3524042546749113,0.187453231215477,0.08919490277767181,0.0021216025575995444,0.2787697365507483
256,0.6,0.2677042454481125,1.2110007286071778,0.15435071289539337,0.07460670322179794,0.004833619203418493,0.25993683040142057,0.8679539561271667,0.15726304948329925,0.0758114993572235,0.0016473235096782445,0.234721872350201
257,0.5958333333333333,0.25499541163444517,1.1230928540229796,0.14758391082286834,0.07170876860618591,0.0040198949631303545,0.27739506363868716,0.7381597757339478,0.17103661298751832,0.08324545919895172,0.0019363568630069495,0.256218429049477
258,0.5916666666666667,0.2451382100582123,1.0210516691207885,0.14277448803186416,0.06972063556313515,0.004023075057193637,0.2842617332935333,1.2589233636856079,0.1659025877714157,0.07952352315187454,0.0021358306985348463,0.2475619416218251
259,0.5875,0.2638127326965332,1.208586037158966,0.1517297774553299,0.0737689882516861,0.004112774971872568,0.25863962173461913,0.7641854763031006,0.1580510824918747,0.07675669342279434,0.0018125898204743862,0.23662036573514342
260,0.5833333333333333,0.2559175848960876,1.1879756093025207,0.14681428968906401,0.07138334512710572,0.004161360487341881,0.2580192804336548,0.6193486154079437,0.1601771742105484,0.07832603305578231,0.0018712224438786507,0.24037442971020936
261,0.5791666666666666,0.255112624168396,1.0125690340995788,0.15020958185195923,0.0726221263408661,0.0038076958153396845,0.28495009541511535,1.3398349165916443,0.16482797861099244,0.07890861928462982,0.0020369072444736958,0.24577350514009594
262,0.575,0.26139119267463684,1.3520901799201965,0.14705556631088257,0.07172090411186219,0.004104027757421136,0.2866563737392426,1.1651611328125,0.1691853165626526,0.08125704377889634,0.002518361993134022,0.252960722334683
263,0.5708333333333333,0.2753750324249268,1.6212563872337342,0.15131775736808778,0.07336917668581008,0.004100824939087033,0.2796534597873688,1.1531293630599975,0.16428421437740326,0.07960750758647919,0.0023357418831437826,0.24622746384702623
264,0.5666666666666667,0.26110097467899324,1.140013301372528,0.15123875439167023,0.07354722023010254,0.004229202587157488,0.2621825009584427,0.996724396944046,0.15575885474681855,0.07549430578947067,0.002055234042927623,0.23330839457921684
265,0.5625,0.25473521947860717,0.952979689836502,0.15102318525314332,0.07317328453063965,0.0038987291976809503,0.2983893394470215,1.2611380696296692,0.17488236725330353,0.08462177962064743,0.0021020812913775445,0.2616062281653285
266,0.5583333333333333,0.2703134536743164,1.262389326095581,0.15515114665031432,0.0753319427371025,0.003917382983490825,0.2789208948612213,0.8001132845878601,0.17146792113780976,0.08258120715618134,0.001736770337447524,0.2557858986314386
267,0.5541666666666667,0.2563186466693878,1.0191124558448792,0.15069002509117127,0.07320990413427353,0.0036907097324728965,0.27770907878875734,0.9231462478637695,0.16874306797981262,0.08047977983951568,0.0015836758073419332,0.2508065236266702
268,0.55,0.2539494544267654,1.0374964237213136,0.14845182597637177,0.0724161610007286,0.003913159016519785,0.2942440152168274,1.2350664854049682,0.1728377491235733,0.08335170149803162,0.002005158877000213,0.2581946094986051
269,0.5458333333333334,0.2839406132698059,1.7736618638038635,0.1536245048046112,0.07475907653570175,0.0046943526715040205,0.2966982781887054,0.9314034938812256,0.1810845047235489,0.08629415780305863,0.002755029033869505,0.270133691560477
270,0.5416666666666667,0.26536020040512087,1.180571186542511,0.15318889319896697,0.07427278757095337,0.004962750244885683,0.27501505613327026,0.8830772757530212,0.1670214205980301,0.08035449534654618,0.002293681725859642,0.24966959767043592
271,0.5375,0.2553257465362549,1.335644829273224,0.1431741714477539,0.06983356773853303,0.004497340228408575,0.29044215083122255,0.8432919025421143,0.17836717069149016,0.0857145220041275,0.002123383618891239,0.2662050763145089
272,0.5333333333333333,0.26081675589084624,1.2295225024223329,0.14953318983316422,0.0723475880920887,0.004100604262202978,0.2671832740306854,0.7374364376068115,0.16450875103473664,0.07965671271085739,0.001789393532089889,0.24595485727768393
273,0.5291666666666667,0.2725320130586624,1.434293234348297,0.15297585129737853,0.07422836273908615,0.004598018387332559,0.2590487986803055,0.9883941054344177,0.15365064442157744,0.07454579472541809,0.002401078725233674,0.2305975178722292
274,0.525,0.2554427653551102,1.2614949822425843,0.14504579603672027,0.07039975970983506,0.004304705560207367,0.28156617283821106,0.8866559505462647,0.17115099132061004,0.08261501938104629,0.0024010065477341413,0.25616701724939045
275,0.5208333333333333,0.27841768264770506,1.6572821617126465,0.15245136618614197,0.07376301884651185,0.004969650134444237,0.2806212782859802,0.5117528319358826,0.17798371016979217,0.08588020950555801,0.0028095328714698555,0.26667345254682
276,0.5166666666666666,0.26958238482475283,1.3376035928726195,0.15285487174987794,0.0740732952952385,0.005052221100777387,0.2744379699230194,0.6158691763877868,0.1723234921693802,0.08241677135229111,0.002443274250254035,0.2571835377719254
277,0.5125,0.25587615966796873,0.9904010176658631,0.15094200670719146,0.07313650250434875,0.004171258071437478,0.27262704968452456,0.8186439394950866,0.16669890880584717,0.08028973489999772,0.0021581316366791727,0.24914677534252405
278,0.5083333333333333,0.255228778719902,1.1476168513298035,0.14701987504959108,0.07179081290960312,0.003979169391095638,0.25990634560585024,1.1649053335189818,0.15057892203330994,0.07335910499095917,0.00204230141825974,0.22598032844252885
279,0.5041666666666667,0.25873675346374514,1.0727637887001038,0.15112646222114562,0.0732297956943512,0.004395147692412138,0.2699062168598175,0.8441083252429962,0.16407439410686492,0.07911091297864914,0.002795312600210309,0.24598061968572438
280,0.5,0.25299978256225586,1.092259442806244,0.14651969969272613,0.07124040126800538,0.004943777993321419,0.2906577706336975,1.161879187822342,0.17177282571792601,0.08294879645109177,0.002159574255347252,0.256881196424365
281,0.49583333333333335,0.2713829934597015,1.331375002861023,0.154302379488945,0.07492905110120773,0.004420624952763319,0.2876514732837677,1.2525192975997925,0.1680649071931839,0.08091959059238434,0.002182776480913162,0.2511672742664814
282,0.4916666666666667,0.25129196643829343,1.0988526821136475,0.14552555978298187,0.07062135562300682,0.004358945786952973,0.27019238471984863,0.6276126563549042,0.16776464283466339,0.08189857304096222,0.003401606297120452,0.25306482217274606
283,0.48750000000000004,0.24701640009880066,0.931955075263977,0.14572345316410065,0.07098122090101242,0.004706142190843821,0.26366018056869506,0.6262047529220581,0.16426182985305787,0.07931191623210906,0.002600596100091934,0.24617434218525888
284,0.4833333333333333,0.26405693888664244,1.27760910987854,0.15082482099533082,0.07284347712993622,0.004120719293132425,0.2624196022748947,0.6741506814956665,0.1624092012643814,0.0787475809454918,0.002076569013297558,0.24323335122317075
285,0.47916666666666663,0.2554108023643494,0.9453305840492249,0.1512760728597641,0.07363348603248596,0.004282657522708178,0.26371650099754335,0.6418665587902069,0.16376427114009856,0.07935446351766587,0.0026835029013454912,0.24580223755910993
286,0.475,0.25509998500347136,1.0748057901859283,0.14849806129932402,0.07204292267560959,0.00462966188788414,0.2769296169281006,1.0468914747238158,0.16489917933940887,0.07957768440246582,0.002092063054442406,0.2465689267963171
287,0.4708333333333333,0.24606387615203856,0.9717650651931763,0.14446917176246643,0.07037831991910934,0.004126864206045866,0.2964209675788879,1.3055511832237243,0.172868013381958,0.08331934660673142,0.002134151477366686,0.2583215114660561
288,0.4666666666666667,0.24509270191192628,1.004417622089386,0.14318113923072814,0.06971710920333862,0.004123862413689494,0.27334715723991393,0.9964128315448761,0.16312682032585143,0.07867242246866227,0.0033110206015408037,0.24511026339605452
289,0.4625,0.2646816253662109,1.3718398094177247,0.1488341987133026,0.07249965816736222,0.004385138023644685,0.294111904501915,1.293319833278656,0.17131807506084443,0.08254707455635071,0.002894309675320983,0.25675945929251615
290,0.45833333333333337,0.2570994943380356,1.2353214263916015,0.1462632179260254,0.07130934894084931,0.004934562742710114,0.29681736826896665,0.9727271556854248,0.17951647341251373,0.08685765415430069,0.002522870432585478,0.2688969979993999
291,0.4541666666666667,0.25018888115882876,1.001031255722046,0.14676372706890106,0.07134575694799423,0.004096909938380122,0.2766150951385498,0.7232461929321289,0.1715685248374939,0.08222406357526779,0.0022502679377794264,0.25604285635054114
292,0.44999999999999996,0.24446913599967957,0.919312846660614,0.1447886645793915,0.0702502116560936,0.0037017505150288344,0.2720297396183014,1.1396210670471192,0.15987714231014252,0.07705222517251968,0.0018234655959531664,0.23875283307861536
293,0.4458333333333333,0.2452836275100708,0.8210955619812011,0.14731999933719636,0.07140395641326905,0.0038535994477570056,0.2627792298793793,0.6565937459468841,0.16338974237442017,0.07851671725511551,0.002349919779226184,0.24425637940876185
294,0.44166666666666665,0.247955784201622,0.8275889039039612,0.14862827360630035,0.07233159989118576,0.004336467385292054,0.27602480053901673,1.1084365487098693,0.16224918961524964,0.0785889133810997,0.003867191635072231,0.24470529463142157
295,0.4375,0.24334744811058046,0.9679516434669495,0.14268780946731568,0.06934840679168701,0.004545373702421784,0.2805656552314758,1.0591829597949982,0.1675235539674759,0.08023023754358291,0.0020727165043354034,0.24982650801539422
296,0.43333333333333335,0.2691563844680786,1.3528342843055725,0.15275029838085175,0.07387176156044006,0.003898622514680028,0.2908251225948334,0.6329761743545532,0.18245777785778045,0.08802759647369385,0.0027009150013327598,0.27318628933280703
297,0.4291666666666667,0.2389253258705139,1.132508099079132,0.13632601499557495,0.06660732924938202,0.004033460095524788,0.2562246561050415,1.3746507287025451,0.14404956996440887,0.069895339012146,0.0020804546773433687,0.21602536365389824
298,0.42500000000000004,0.2457049548625946,0.8043243765830994,0.14794773161411284,0.07172326445579529,0.0038084615021944045,0.28294498324394224,0.9761547803878784,0.17073418498039244,0.0820495456457138,0.0017532536294311285,0.2545369842555374
299,0.4208333333333333,0.2573342353105545,0.9945966958999634,0.15221263766288756,0.07349863052368164,0.0035701314453035595,0.2743905484676361,0.5762165307998657,0.17318865060806274,0.08298719376325607,0.0018563925288617611,0.25803223690018057
300,0.41666666666666663,0.24436377584934235,0.7377726793289184,0.14828976690769197,0.07186299860477448,0.004155672201886773,0.2653721809387207,0.6739876627922058,0.1642860323190689,0.07964807003736496,0.002436887938529253,0.24637099029496312
301,0.4125,0.25757831037044526,1.1326489448547363,0.14926821887493133,0.07235463410615921,0.00395196471363306,0.28642183542251587,0.7637086689472199,0.1774299591779709,0.08511760532855987,0.0019260175060480833,0.26447358201257887
302,0.4083333333333333,0.2555540442466736,1.4647035002708435,0.14096768498420714,0.06885752528905868,0.003575468575581908,0.25468524992465974,0.5419570803642273,0.16046711206436157,0.07711526304483414,0.0016883623553439974,0.23927073746453972
303,0.4041666666666667,0.27902108430862427,1.6979801654815674,0.15206127762794494,0.07402095794677735,0.003998894849792123,0.252512526512146,0.6399565100669861,0.15660284459590912,0.07583621591329574,0.0017495365347713232,0.2341885970439762
304,0.4,0.26714200973510743,1.1769948840141295,0.15468454957008362,0.07508462816476821,0.004125991091132164,0.28794779181480407,1.0876712203025818,0.17165106236934663,0.08268144428730011,0.0019703102763742207,0.256302816933021
305,0.39583333333333337,0.25083780884742735,1.1492369294166564,0.14459649622440338,0.07007070481777192,0.003386995242908597,0.2541183114051819,0.6073716163635254,0.1584736704826355,0.0766007661819458,0.0016454488970339299,0.23671988556161525
306,0.3916666666666667,0.2687262386083603,1.4354047536849976,0.1506083846092224,0.07303420454263687,0.004043013043701649,0.26727825999259947,0.8593355894088746,0.16172540783882142,0.078278286755085,0.0029889676719903947,0.2429926622658968
307,0.38749999999999996,0.2638014167547226,1.1803942680358888,0.15236645340919494,0.07398283183574676,0.004080602480098605,0.2744183480739594,0.7372028350830078,0.1691659390926361,0.08211104720830917,0.0020505436463281513,0.2533275299472735
308,0.3833333333333333,0.24622015357017518,0.9523420214653016,0.14522322416305541,0.07056760191917419,0.003718132805079222,0.260427725315094,1.2034156322479248,0.15011038184165953,0.07331831902265548,0.0017931214068084955,0.2252218222711235
309,0.37916666666666665,0.2531395822763443,1.1681513905525207,0.14521100223064423,0.07077930271625518,0.004209488444030285,0.2493628203868866,0.9136351883411408,0.14843468070030214,0.07232794463634491,0.0023822794668376447,0.22314490480348467
310,0.375,0.25330936908721924,1.1675008177757262,0.14533761739730836,0.07085882872343063,0.004175789840519428,0.25804564356803894,0.9194697380065918,0.15487950146198273,0.07464223355054855,0.001879642577841878,0.23140137759037316
311,0.37083333333333335,0.2534517675638199,1.0905408620834351,0.14754900336265564,0.07130497545003892,0.0037631138227880003,0.2849653780460358,1.3470175862312317,0.16423478126525878,0.07941051572561264,0.0018190761096775533,0.24546437310054897
312,0.3666666666666667,0.25915570855140685,1.0134499192237854,0.15269325375556947,0.07412984818220139,0.0038582397624850272,0.29824415445327757,1.296960973739624,0.17439413964748382,0.08406193554401398,0.0017584791406989098,0.26021455433219676
313,0.36250000000000004,0.24743575751781463,1.2611736416816712,0.13972251117229462,0.06789931952953339,0.0039574185386300085,0.33019219636917113,2.7405251026153565,0.16653290390968323,0.0804158940911293,0.0020552585599943997,0.24900405656080693
314,0.3583333333333333,0.25258971452713014,1.068866455554962,0.14694843888282777,0.07160096764564514,0.003948619542643428,0.27721127271652224,0.5368678212165833,0.1751600593328476,0.08432799428701401,0.0032343910075724124,0.262722444627434
315,0.35416666666666663,0.2529074877500534,1.0169069170951843,0.14809088110923768,0.07203909158706664,0.004540625168010593,0.3075314998626709,1.4975080013275146,0.17658383250236512,0.08506926745176316,0.001906310161575675,0.26355941011570394
316,0.35,0.2584909349679947,1.5203137874603272,0.1417411059141159,0.06922677457332611,0.003827256290242076,0.2925285339355469,0.8090448379516602,0.18049273192882537,0.08652548938989639,0.0024779352825134993,0.26949615660123527
317,0.3458333333333333,0.25779166221618655,1.002059417963028,0.15220548510551452,0.07360641062259674,0.003835959453135729,0.27824834585189817,0.7954257249832153,0.17083758413791655,0.0825586661696434,0.0019786361139267684,0.25537488642148676
318,0.3416666666666667,0.2535298228263855,1.160931658744812,0.14579738974571227,0.07104931771755219,0.0037103414069861174,0.27791025638580324,1.40567187666893,0.1582006812095642,0.07654485404491425,0.001989146019332111,0.23673468127381056
319,0.3375,0.24958553910255432,0.875754201412201,0.14913224577903747,0.07232662588357926,0.003708081739023328,0.2725980758666992,0.7945845007896424,0.16705813109874726,0.08092513531446457,0.0015545336529612542,0.2495378000661731
320,0.33333333333333337,0.25331919491291044,1.114087200164795,0.1468401700258255,0.07128703445196152,0.003538760216906667,0.2789937794208527,0.9086758971214295,0.16929367780685425,0.0816205769777298,0.0016384614398702979,0.25255271622445435
321,0.3291666666666667,0.251053786277771,1.158870005607605,0.14427252113819122,0.07019683867692947,0.003636661823838949,0.2763839244842529,1.0518532991409302,0.16407884657382965,0.07978172302246093,0.0019355399068444966,0.2457961095031351
322,0.32499999999999996,0.26054306626319884,1.2093698501586914,0.14953581988811493,0.07290472388267517,0.003642863407731056,0.28029405474662783,0.8011552572250367,0.17268503606319427,0.08262776732444763,0.0018931550905108452,0.25720595847815275
323,0.3208333333333333,0.246633642911911,0.9120831608772277,0.1463058203458786,0.07112675309181213,0.0036771344020962715,0.23926917612552642,0.6929136574268341,0.14649479687213898,0.07096947580575944,0.0020349876955151557,0.21949926037341358
324,0.31666666666666665,0.23798205256462096,0.8735123991966247,0.14123192727565764,0.0686053603887558,0.003878797311335802,0.30121309161186216,1.495040273666382,0.17246674001216888,0.08286558091640472,0.0020591214764863254,0.25739144240505996
325,0.3125,0.2576188236474991,1.1081405401229858,0.14974330365657806,0.07283656597137451,0.003589484002441168,0.32545740008354185,2.8231873154640197,0.16184895634651184,0.07811214029788971,0.0016014364548027516,0.2415625330992043
326,0.30833333333333335,0.23387302458286285,0.6335506081581116,0.14317492842674256,0.06966819018125534,0.00404677870683372,0.26605411767959597,0.6051954746246337,0.16682049930095671,0.08036284297704696,0.0014298306312412023,0.24861317290924487
327,0.3041666666666667,0.24721127450466157,0.8420969843864441,0.1481859415769577,0.07209931761026382,0.003326233429834247,0.259456130862236,0.9055560469627381,0.15595755279064177,0.07524600625038147,0.0021717996802181005,0.23337535872124135
328,0.30000000000000004,0.2547436624765396,1.0230350255966187,0.1497211992740631,0.07255281955003738,0.003557199938222766,0.24501968026161194,1.0878799438476563,0.14225213825702668,0.06926804631948472,0.001726187951862812,0.2132463725283742
329,0.2958333333333333,0.24309084713459014,1.0379729866981506,0.14134190678596498,0.06885108053684234,0.003517336677759886,0.28856908082962035,0.7581664085388183,0.17883664071559907,0.08615527004003525,0.001664342125877738,0.26665625288151207
330,0.29166666666666663,0.2454060971736908,1.0465578317642212,0.14268285036087036,0.06955669224262237,0.0035396292340010406,0.27456181645393374,0.6050658881664276,0.1729663759469986,0.0823561891913414,0.0021745692472904922,0.2574971343856305
331,0.2875,0.2534946084022522,1.2962726712226869,0.1431873470544815,0.06964423507452011,0.0035496953409165145,0.2662825047969818,0.48220857977867126,0.16937800347805024,0.08154567033052444,0.0017851562704890966,0.25270883007906375
332,0.2833333333333333,0.24707118570804595,1.1128216624259948,0.1425276905298233,0.06932374089956284,0.0036702116020023825,0.2601586639881134,0.47098085284233093,0.16535230576992035,0.07970789521932602,0.0019380718469619751,0.24699827283620834
333,0.2791666666666667,0.2467684656381607,0.8893494248390198,0.1469611257314682,0.07118203341960908,0.0038896425161510707,0.2676088035106659,0.7613870024681091,0.1643371194601059,0.07937539517879486,0.0021093513816595076,0.24582186602056028
334,0.275,0.24255163967609406,1.16003919839859,0.13845072984695433,0.06750913560390473,0.0035811862908303738,0.2943696558475494,0.8612012743949891,0.18115808665752411,0.08642251044511795,0.001906000543385744,0.2694865976460278
335,0.27083333333333337,0.24813793003559112,0.9862636923789978,0.14566808342933654,0.07108827382326126,0.003587323473766446,0.29047001004219053,0.8969560146331788,0.17696040570735933,0.08550445884466171,0.0021929198410362005,0.2646577843930572
336,0.2666666666666667,0.25404615700244904,1.141335129737854,0.14709695875644685,0.0709359459578991,0.003546411171555519,0.2400403380393982,0.5398639440536499,0.14991454780101776,0.07284740060567856,0.002164959069341421,0.22492690747603775
337,0.26249999999999996,0.24519127309322358,0.9869947910308838,0.14374207854270935,0.06983054876327514,0.00401760907843709,0.26640095710754397,1.0336405992507935,0.15741910338401793,0.07660385817289353,0.0027375394012778996,0.23676050095818937
338,0.2583333333333333,0.23620472550392152,1.0351232528686523,0.13665709644556046,0.06655575037002563,0.003876357618719339,0.2690360605716705,0.5261425256729126,0.17061055600643157,0.08175849318504333,0.0017654477385804057,0.2541344969300553
339,0.25416666666666665,0.259272363781929,1.2164967894554137,0.14890313148498535,0.07207782119512558,0.0035930023062974215,0.2660325676202774,0.5841854572296142,0.16756276190280914,0.08014691919088364,0.0015946449246257543,0.24930432601831853
340,0.25,0.23790934085845947,0.9624364674091339,0.13939065039157866,0.067941115796566,0.003408952383324504,0.28969725370407107,0.9146688461303711,0.17634486854076387,0.085124172270298,0.0015762786148115992,0.26304531942587345
341,0.24583333333333335,0.25467691719532015,1.064301347732544,0.14871992766857148,0.0722727656364441,0.0035103722009807827,0.2695678353309631,0.8708032011985779,0.16352969110012056,0.07876858115196228,0.002290941309183836,0.24458921356126667
342,0.2416666666666667,0.24980323612689972,1.3351280570030213,0.13976730406284332,0.0681584969162941,0.003647183952853084,0.26436464190483094,0.8492186546325684,0.15988678634166717,0.07795746177434922,0.0020876277703791857,0.23993187588639558
343,0.23750000000000004,0.2369017481803894,1.0562463045120238,0.13682954609394074,0.06673483699560165,0.0032999595627188683,0.2962216794490814,1.0395584106445312,0.17862965762615204,0.0856146439909935,0.0015812443336471916,0.2658255459507927
344,0.23333333333333328,0.2604843109846115,1.3401320338249207,0.14698744416236878,0.07143944203853607,0.0037069459445774554,0.2778912842273712,0.8370982646942139,0.17043640911579133,0.0815962091088295,0.001491429004818201,0.25352404722943905
345,0.22916666666666663,0.25604766607284546,1.5426560878753661,0.1402097225189209,0.06790256351232529,0.0033113895915448666,0.26781890392303465,0.523295271396637,0.1693900316953659,0.08168992400169373,0.0020801754668354987,0.25316013116389513
346,0.22499999999999998,0.24610089957714082,0.8859069108963012,0.1466176301240921,0.0711798444390297,0.003452441515401006,0.27593417167663575,0.531449806690216,0.1746091365814209,0.08463172316551208,0.0014996352372691035,0.2607404949842021
347,0.22083333333333333,0.2495023190975189,1.134554934501648,0.14354415833950043,0.07007775306701661,0.003687531454488635,0.25652154088020324,0.7191869914531708,0.15807801187038423,0.07595272064208984,0.001830418361350894,0.23586115087382498
348,0.21666666666666667,0.25050394535064696,1.0762039422988892,0.14567271769046783,0.07068880945444107,0.003712582401931286,0.276070761680603,0.9215017437934876,0.16669164299964906,0.08078704327344895,0.0018940422451123595,0.24937272851821035
349,0.21250000000000002,0.25531651079654694,1.0893771290779113,0.14820093810558319,0.07223320305347443,0.004402115987613797,0.252366840839386,0.5802586913108826,0.15733963251113892,0.07621308416128159,0.0028127205558121206,0.2363654372282326
350,0.20833333333333337,0.2588451862335205,1.3561100125312806,0.14541637897491455,0.07064983248710632,0.004191333241760731,0.26025296151638033,0.9017062067985535,0.15612324178218842,0.07589833736419678,0.0023603693582117556,0.23438194850459698
351,0.20416666666666672,0.25740127861499784,1.3941532373428345,0.14360287189483642,0.0696307048201561,0.004686188418418169,0.2627484858036041,0.6777641654014588,0.16225498616695405,0.07826597839593888,0.0037892207503318785,0.24431018531322482
352,0.19999999999999996,0.24476678669452667,0.8302614688873291,0.14659051597118378,0.07082855850458145,0.004879743419587612,0.25396726429462435,0.5662661075592041,0.15905890762805938,0.07654445022344589,0.002751857554540038,0.23835521540604532
353,0.1958333333333333,0.2505291014909744,0.9949151515960694,0.14721519649028778,0.07138893157243728,0.004155040299519896,0.2905919849872589,1.5187860012054444,0.16435581147670747,0.07935171276330948,0.002641794923692942,0.2463493191637099
354,0.19166666666666665,0.2452998399734497,0.8960414886474609,0.14541971385478974,0.07086550891399383,0.004266738332808018,0.2756641387939453,0.4090217053890228,0.1770755171775818,0.0853584811091423,0.0019189882092177867,0.26435298649594186
355,0.1875,0.24697579741477965,1.32596595287323,0.13795742988586426,0.06719372719526291,0.004091320605948567,0.2753627061843872,0.932282555103302,0.16595472991466523,0.08047477304935455,0.0019294875673949718,0.24835899053141475
356,0.18333333333333335,0.24382003545761108,1.1932103157043457,0.13874611854553223,0.06751338690519333,0.0035284432116895912,0.27299064993858335,0.9995799541473389,0.16321409046649932,0.07894405424594879,0.0016902110073715448,0.24384835571981966
357,0.1791666666666667,0.25523843467235563,0.9801624298095704,0.15116352438926697,0.07287762314081192,0.003584818122908473,0.26847751140594484,0.8104389488697052,0.1643274486064911,0.07888138741254806,0.0019110310822725296,0.24511986710131167
358,0.17500000000000004,0.25985498130321505,1.2815907001495361,0.1478653222322464,0.07174410521984101,0.003595657041296363,0.2662395924329758,0.781301474571228,0.16290332973003388,0.07873494476079941,0.002324573462828994,0.2439628479536623
359,0.17083333333333328,0.2516979843378067,1.0609822511672973,0.14653854966163635,0.07135244607925414,0.003955021174624563,0.27588369846343996,0.7789836168289185,0.16920366287231445,0.08208626210689544,0.0024485431145876645,0.2537384680937975
360,0.16666666666666663,0.2583825379610062,1.4404996633529663,0.14347629845142365,0.06977289915084839,0.003836692217737436,0.2708462536334991,0.765436315536499,0.16662099063396454,0.08025499135255813,0.002014385163784027,0.24889036715030669
361,0.16249999999999998,0.24322085082530975,0.9398446559906006,0.14330340921878815,0.06990090757608414,0.0036423814482986925,0.293362495303154,1.2568067193031311,0.1719853013753891,0.08283038139343261,0.0016852145548909903,0.25650089732371273
362,0.15833333333333333,0.24552142322063447,1.109428834915161,0.1416535943746567,0.06882461905479431,0.0035206856671720745,0.26622459292411804,0.8214629530906677,0.1624114692211151,0.07819208353757859,0.001954307849518955,0.24255786060821263
363,0.15416666666666667,0.24203182458877565,0.923623549938202,0.14308110177516936,0.06935118734836579,0.003781672986224294,0.26142517328262327,0.7782678365707397,0.15982599854469298,0.0774967223405838,0.0015088432468473912,0.23883156413212417
364,0.15000000000000002,0.24401780664920808,0.9320061445236206,0.1444208323955536,0.06991089209914207,0.0034517995081841946,0.23039421141147615,0.5872004508972168,0.14238024055957793,0.06949471235275269,0.0018064947333186864,0.21368144764564928
365,0.14583333333333337,0.23913653194904327,0.8581416487693787,0.1423395186662674,0.06926446706056595,0.003576606884598732,0.26261158287525177,0.5938259601593018,0.16440203189849853,0.0793695941567421,0.002050341572612524,0.24582196762785313
366,0.14166666666666672,0.2482752561569214,0.9770127773284912,0.14615027308464051,0.07111669927835465,0.003395807510241866,0.2786784291267395,0.5280602455139161,0.17645977139472963,0.0853612020611763,0.0020313236862421038,0.26385229714214803
367,0.13749999999999996,0.23598215281963347,0.8571758270263672,0.14035660028457642,0.06826985776424407,0.003280852735042572,0.2585158348083496,0.6916136264801025,0.15923412144184113,0.07765743732452393,0.0017517401836812496,0.2386432989500463
368,0.1333333333333333,0.2298865109682083,0.7510958671569824,0.13872980773448945,0.06705568134784698,0.003136281669139862,0.26834935545921323,0.7154040038585663,0.16619805991649628,0.07979366034269333,0.0017910365713760257,0.24778275683056564
369,0.12916666666666665,0.2429520845413208,1.0632729530334473,0.14102175384759902,0.06835425645112991,0.00335578708909452,0.2679480820894241,0.5540996789932251,0.16878283023834229,0.0816352590918541,0.0018139980733394624,0.25223208740353587
370,0.125,0.24076961278915404,0.9447798132896423,0.1417517125606537,0.06881494522094726,0.003719115164130926,0.24793218374252318,0.6777333498001099,0.1528172791004181,0.07397499829530715,0.001615804387256503,0.22840808178298175
371,0.12083333333333335,0.24623374342918397,0.963502836227417,0.14529549479484558,0.07031234800815582,0.0034416322596371174,0.3101107835769653,1.5433691382408141,0.1776108294725418,0.08534211218357086,0.0017135211732238532,0.26466646282933654
372,0.1166666666666667,0.257719025015831,1.0288275837898255,0.15166326463222504,0.07361784279346466,0.0031461702194064854,0.27412588596343995,0.9939903676509857,0.1645876407623291,0.07886935919523239,0.0016983219189569353,0.24515532187651842
373,0.11250000000000004,0.24531864523887634,1.2966879844665526,0.13764380663633347,0.06702717244625092,0.0034940548706799746,0.2826493740081787,0.9809984922409057,0.17015807926654816,0.08194261491298675,0.0022374642547219993,0.2543381584342569
374,0.10833333333333328,0.24500201940536498,1.145370876789093,0.14060133546590806,0.06832675188779831,0.003425610810518265,0.2663461983203888,0.9306776881217956,0.15955325067043305,0.07807180136442185,0.0016016846522688866,0.2392267366871238
375,0.10416666666666663,0.26522213220596313,1.408627712726593,0.14894987642765045,0.0722520187497139,0.003522813320159912,0.2853652834892273,1.1841872930526733,0.1675596684217453,0.08126298040151596,0.002034040354192257,0.2508566891774535
376,0.09999999999999998,0.24591355323791503,0.9666576504707336,0.14439362585544585,0.0707238495349884,0.003592713223770261,0.2599794089794159,1.1195388555526733,0.15122424066066742,0.07396930903196335,0.002399386279284954,0.22759293597191574
377,0.09583333333333333,0.2616193860769272,1.287692391872406,0.1492554485797882,0.07192836105823516,0.0036096247844398023,0.3096953570842743,1.4876004219055177,0.1774582713842392,0.08597589582204819,0.003266350505873561,0.2667005177121609
378,0.09166666666666667,0.24040274024009706,0.863346540927887,0.1432002604007721,0.06934491991996765,0.00391432256437838,0.2887144148349762,1.1221921920776368,0.17191283404827118,0.08226287066936493,0.0017458362272009254,0.25592154094483704
379,0.08750000000000002,0.2387043923139572,1.0864632725715637,0.13755847364664078,0.06688892766833306,0.0033261976670473812,0.27028095722198486,0.5335598587989807,0.17090814411640168,0.08245240300893783,0.0018272203393280505,0.25518776746466754
380,0.08333333333333337,0.24528980851173401,0.7380840063095093,0.14936579763889313,0.0720612272620201,0.0034405096899718045,0.2717649698257446,0.7928065419197082,0.16669050455093384,0.08028785139322281,0.0020048145204782488,0.2489831704646349
381,0.07916666666666672,0.2445391297340393,1.0495349049568177,0.14214155972003936,0.06912524476647378,0.003572568669915199,0.2851943612098694,0.9007822871208191,0.17379694879055024,0.08348348140716552,0.001780960033647716,0.25906139023136343
382,0.07499999999999996,0.23950497806072235,0.8024837613105774,0.14386137425899506,0.06989253461360931,0.0033531160093843936,0.2903478264808655,0.506358540058136,0.18496620357036592,0.08948123455047607,0.0014192725531756878,0.2758667106740177
383,0.0708333333333333,0.24040041863918304,1.0281766176223754,0.1398680478334427,0.06807332560420036,0.0032274872064590454,0.27304879426956175,0.6804095029830932,0.16970406472682953,0.08214628547430039,0.001572282798588276,0.2534226329997182
384,0.06666666666666665,0.2501099109649658,0.984209680557251,0.14746436178684236,0.0713462620973587,0.00354600646533072,0.29492453932762147,1.0746160686016082,0.17631313800811768,0.08526915162801743,0.0022075124550610782,0.2637898020911962
385,0.0625,0.24802294373512268,1.0483647346496583,0.14440999925136566,0.07000180333852768,0.004320402815937996,0.2924797534942627,1.0990245819091797,0.17409894466400147,0.08416403979063034,0.0024920709431171416,0.26075505539774896
386,0.05833333333333335,0.2419146865606308,1.0218640565872192,0.14079028069972993,0.06855667978525162,0.0038236161693930627,0.2660628467798233,0.6349240720272065,0.16623190343379973,0.07981492131948471,0.0019366341643035413,0.24798345891758797
387,0.054166666666666696,0.24090781807899475,1.0604639768600463,0.13918277025222778,0.06792630404233932,0.003969646850600838,0.2646446228027344,0.830093502998352,0.1608840763568878,0.0777230903506279,0.002269316604360938,0.24087648331187664
388,0.050000000000000044,0.2479080080986023,1.1320640087127685,0.1426303952932358,0.06933410316705704,0.003963166801258922,0.27217247188091276,0.660226047039032,0.16967334747314453,0.08170501738786698,0.0019746543606743217,0.25335301922168585
389,0.04583333333333328,0.2425767421722412,0.8487784266471863,0.14508454501628876,0.07028612047433853,0.0034854575525969265,0.2755229115486145,0.9303738117218018,0.16649722754955293,0.08024068474769593,0.0017475892789661884,0.24848550157621502
390,0.04166666666666663,0.23583380579948426,0.8311295330524444,0.14062630236148835,0.06847779750823975,0.0035916381049901245,0.29372276067733766,0.7281101703643799,0.18309382796287538,0.08785326629877091,0.0018647017888724804,0.2728117960505188
391,0.03749999999999998,0.24200670421123505,1.0659570097923279,0.1400767058134079,0.06811761185526848,0.0036673440132290124,0.2822918474674225,0.7846843659877777,0.1738552838563919,0.0838504359126091,0.0020911935716867447,0.2597969133406878
392,0.033333333333333326,0.2553811490535736,1.1266631007194519,0.1480071008205414,0.07162507623434067,0.003898135060444474,0.25563463270664216,0.8248564541339874,0.15444681346416472,0.07511295229196549,0.0026583071798086167,0.23221807293593882
393,0.029166666666666674,0.24673404097557067,1.0581899523735045,0.1435155987739563,0.06948291212320327,0.003979667136445641,0.29297442436218263,1.2115994334220885,0.17189500629901885,0.08319593369960784,0.003070997539907694,0.2581619375385344
394,0.025000000000000022,0.24672985076904297,0.7876231491565704,0.14905999302864076,0.0721642330288887,0.0037538592703640463,0.26333717107772825,0.43486263155937194,0.16789255142211915,0.0813872441649437,0.002022981340996921,0.25130277692805975
395,0.02083333333333337,0.2405327022075653,0.8844198703765869,0.14275918155908585,0.06930427476763726,0.003873304510489106,0.272837245464325,1.1536290407180787,0.1600097805261612,0.07691909596323968,0.002598976343870163,0.23952785283327102
396,0.01666666666666672,0.2405075818300247,1.0602339386940003,0.13926102817058564,0.0675006628036499,0.0038777354173362257,0.25665890574455263,1.0924875140190125,0.1495305299758911,0.07325711697340012,0.0021932199597358704,0.2249808669090271
397,0.012499999999999956,0.24896774291992188,1.2890350461006164,0.14018099308013915,0.06837107688188553,0.0034892483614385127,0.2688008725643158,0.5239177167415618,0.1699146717786789,0.08230720013380051,0.0017228977521881461,0.25394476966466756
398,0.008333333333333304,0.2434136152267456,1.0104181170463562,0.1422644853591919,0.06921081095933915,0.00325154522433877,0.268931046128273,0.557239830493927,0.16955232322216035,0.0818690076470375,0.0015850160969421267,0.25300634696613994
399,0.004166666666666652,0.24712176918983458,1.0298156142234802,0.14456719160079956,0.069977767765522,0.00336468773894012,0.2775246620178223,0.696723997592926,0.1721472293138504,0.08348189294338226,0.0019876456819474695,0.25761676793918015
400,0.0,0.24481120705604553,1.1893447875976562,0.13938458561897277,0.06785540357232094,0.003781743673607707,0.24638144671916962,1.0100211381912232,0.1445221185684204,0.07019614428281784,0.0027250987477600574,0.2174433615989983
401,0.0,0.24448407888412477,0.9078857779502869,0.1451471447944641,0.07009769082069398,0.004005335783585906,0.26355517506599424,0.6895130276679993,0.162837952375412,0.07858252227306366,0.002898632828146219,0.2443191074766219
402,0.0,0.2317482203245163,0.9027402400970459,0.13618515729904174,0.06625389903783799,0.004453911352902651,0.304489004611969,1.441601610183716,0.1751921147108078,0.08437757641077041,0.0033425433095544575,0.2629122344311327
403,0.0,0.2415774941444397,1.0646284818649292,0.13964352905750274,0.06785364896059036,0.0042829230893403295,0.25963162183761596,0.6952512979507446,0.15974878668785095,0.0772436335682869,0.003563310718163848,0.2405557309743017
404,0.0,0.24025522470474242,0.7623765349388123,0.1445995479822159,0.07059690803289413,0.004374965000897646,0.26892347633838654,1.2473934173583985,0.15508446246385574,0.07486938238143921,0.003095653560012579,0.23304949840530753
405,0.0,0.24906136095523834,0.8856027007102967,0.14854462146759034,0.07185236364603043,0.004192603193223477,0.28970998525619507,0.9755109310150146,0.17480969727039336,0.08440350741147995,0.002462924784049392,0.2616761294659227
406,0.0,0.2516643613576889,1.0844391584396362,0.14629887342453002,0.07096414715051651,0.0037363205570727586,0.27811668515205384,0.7035776436328888,0.1724846363067627,0.0834352657198906,0.0021789173595607282,0.258098819386214
407,0.0,0.24509288966655732,1.0360857844352722,0.142903134226799,0.06932364553213119,0.0035670721903443337,0.2816296756267548,0.590665602684021,0.17760348320007324,0.08541549146175384,0.0017814512364566326,0.26480042589828373
408,0.0,0.251926851272583,0.954817396402359,0.14902679324150087,0.07244313508272171,0.003624831745401025,0.2908115327358246,0.9636570155620575,0.176020547747612,0.08465935587882996,0.0024438332300633194,0.26312373685650525
409,0.0,0.2469975769519806,0.9623345136642456,0.14556943476200104,0.07047847062349319,0.004159277165308594,0.24809053242206575,0.7119128108024597,0.15147533416748046,0.07437418252229691,0.0017672976944595575,0.22761681438423692
410,0.0,0.24482628405094148,1.1836714625358582,0.1398802489042282,0.0677049845457077,0.0034618138335645197,0.2700627684593201,0.6712594509124756,0.16838339269161223,0.08057111203670501,0.001940942811779678,0.25089544754009696
411,0.0,0.25451506972312926,1.1404890894889832,0.14721946120262147,0.07139176577329635,0.003378338133916259,0.2680989682674408,0.4969386696815491,0.17013937532901763,0.08213652074337005,0.0018298567039892078,0.25410575277637687
412,0.0,0.23782981932163239,0.8120093464851379,0.14244970679283142,0.06923866122961045,0.003562339162454009,0.26459009647369386,0.6493415713310242,0.16475856602191924,0.07930084615945816,0.0021008615382015704,0.24616027371957896
413,0.0,0.23642590045928955,0.8894114911556243,0.13992744833230972,0.06818662062287331,0.003258975362405181,0.2497681438922882,0.6102149605751037,0.1556072324514389,0.0751604437828064,0.0013880084035918117,0.23215568463783712
414,0.0,0.2376820832490921,0.729308021068573,0.14415471255779266,0.07011707350611687,0.0030621127691119908,0.24959248900413514,0.6125689148902893,0.1547369658946991,0.07568016201257706,0.0015966027975082397,0.23201373070478437
415,0.0,0.2348616063594818,0.8319244027137757,0.14002198576927186,0.06809122264385223,0.0035813356284052134,0.28359400629997256,0.47966197729110716,0.1817064553499222,0.08672488778829575,0.0015456337481737138,0.26997697688639166
416,0.0,0.2349416971206665,0.7978533506393433,0.14079759418964385,0.06841635107994079,0.003584311623126268,0.27550681233406066,0.5851365506649018,0.1734557569026947,0.08379523158073425,0.001403450476936996,0.258654438960366
417,0.0,0.24297993183135985,0.9120599031448364,0.14395485520362855,0.06991625279188156,0.0034940578043460846,0.2871952772140503,0.9403778970241546,0.1746438831090927,0.08339582085609436,0.0018885009922087193,0.25992820495739577
418,0.0,0.24629949331283568,1.029193991422653,0.14380790293216705,0.06981770396232605,0.0035961355082690717,0.27786871790885925,0.8683404684066772,0.16882362067699433,0.08198717683553695,0.0020153808873146772,0.25282617839984595
419,0.0,0.24392639398574828,0.7175842463970185,0.14820851087570192,0.07229438722133637,0.0037919314578175544,0.2629792094230652,0.6072942972183227,0.16404640078544616,0.07960280627012253,0.002222343161702156,0.24587155021727086
420,0.0,0.2559103399515152,1.3670951843261718,0.14305007457733154,0.06984630972146988,0.004002209194004536,0.2971098721027374,1.203257393836975,0.17481940388679504,0.08446883410215378,0.0034478080924600363,0.2627360460814089
421,0.0,0.23470572233200074,0.7561805248260498,0.14119517356157302,0.06866854652762414,0.0043131688609719275,0.29611443281173705,0.6891224026679993,0.18556818664073943,0.08847863376140594,0.0027878939174115656,0.2768347143195569
422,0.0,0.2417944610118866,0.9221798300743103,0.14288633763790132,0.06932799518108368,0.0038294739555567504,0.2688880145549774,0.7469650745391846,0.16538967490196227,0.08020519018173218,0.0017684354912489652,0.2473633005749434
423,0.0,0.230474054813385,0.6699220061302185,0.14037860035896302,0.06832136511802674,0.003352857893332839,0.2981565475463867,1.191562581062317,0.17669167816638948,0.08480796664953232,0.0018200482241809367,0.2633196930401027
424,0.0,0.23498743772506714,0.8283127546310425,0.14034202992916106,0.06815511584281922,0.003281819634139538,0.27413591742515564,1.0006502866744995,0.1636141359806061,0.07963811010122299,0.0017283292487263679,0.24498057533055545
425,0.0,0.2259021908044815,0.8029031991958618,0.1347367525100708,0.0655150331556797,0.0031266274861991407,0.26527554392814634,0.6133059322834015,0.16589610576629638,0.08023555725812911,0.0014894587686285377,0.24762112179305404
426,0.0,0.22229432165622712,0.7307743191719055,0.13358238637447356,0.06524307802319526,0.003091269824653864,0.26584337949752807,0.9542489409446716,0.1592254489660263,0.07725580781698227,0.001469281199388206,0.2379505379823968
427,0.0,0.2296890586614609,0.7845689415931701,0.1378606975078583,0.0667609803378582,0.00306064086034894,0.26244060397148133,0.6240099191665649,0.1639861911535263,0.07902939021587371,0.0014094098238274454,0.24442499119322747
