epoch,train_total,train_class,train_param,train_kl,train_closed_loop,val_total,val_class,val_param,val_kl,val_closed_loop,val_select
1,1.3460414052009582,0.8043901979923248,0.940187418460846,1.1984727904200554,0.3651625007390976,0.9685635805130005,0.6998940944671631,0.6175221085548401,2.748443269729614,0.10806872844696044,1.4254849314689637
2,0.7240230679512024,0.642582368850708,0.4009955793619156,8.971835803985595,0.08233032524585723,0.40467692613601686,0.5614641427993774,0.1229456216096878,21.357010650634766,0.039283016324043275,0.7236927807331085
3,0.39029647707939147,0.526399451494217,0.12504127696156503,30.792939376831054,0.05311947390437126,0.2913427114486694,0.4542698264122009,0.06267933547496796,38.357662963867185,0.031769657880067824,0.5487188197672367
4,0.27622612565755844,0.4051973640918732,0.07128417268395423,46.27128677368164,0.03544602580368519,0.1830754965543747,0.2770510375499725,0.042812971770763396,52.27789993286133,0.01728626247495413,0.33715027179569
5,0.16280095428228378,0.20576102882623673,0.057213881984353065,57.97948799133301,0.0251414205878973,0.08991082161664962,0.08731171488761902,0.04341189190745354,65.78086853027344,0.023970995098352432,0.154694601893425
6,0.09382723197340966,0.07549917735159398,0.0524734515696764,69.67800521850586,0.025230857729911804,0.050030910223722455,0.023663586005568504,0.03510531559586525,73.11199951171875,0.015007364377379418,0.07377626597881318
7,0.06945712342858315,0.034175443649291995,0.04827752485871315,74.9410270690918,0.0209848677739501,0.04585082978010178,0.015295545570552349,0.03459431603550911,76.27926940917969,0.013413801975548267,0.06330366358160973
8,0.05756409429013729,0.024050675705075263,0.041167375072836875,76.44582290649414,0.01641935799270868,0.031286653876304624,0.008096315525472164,0.023576895520091058,76.49305572509766,0.0075234795920550825,0.039196690637618305
9,0.05077211186289787,0.02013045474886894,0.035972758382558825,76.0318489074707,0.014585469849407673,0.027040689811110498,0.007619884423911571,0.01939346119761467,74.88564453125,0.005193692818284035,0.03220703843981028
10,0.04746049493551254,0.018677271064370872,0.03289093170315027,74.45550155639648,0.015081524662673474,0.031635948643088344,0.006916172336786985,0.02336244136095047,73.28268280029297,0.01151288878172636,0.04179150247946381
11,0.04635980390012264,0.017654773034155368,0.0320455189794302,72.41371994018554,0.013674028869718313,0.02905312292277813,0.0058938260190188885,0.02147841490805149,70.66164093017578,0.0067400430329144,0.03411228395998478
12,0.043518540635705,0.015425904002040625,0.030130498483777045,70.0987335205078,0.012243056483566762,0.024360202252864838,0.0058752458542585375,0.016482093557715415,69.50781860351563,0.006416801828891039,0.02877414124086499
13,0.03844676949083805,0.01186299417167902,0.026596850715577602,68.45968017578124,0.011296480055898428,0.020056110247969626,0.003991202497854829,0.013066302984952927,67.074658203125,0.004879643581807614,0.02193714906461537
14,0.0331930048763752,0.007038146955892444,0.023589772172272205,66.65113525390625,0.010132713802158832,0.0182362824678421,0.001873249700292945,0.012046230770647526,65.18327178955079,0.004932842589914799,0.01885232306085527
15,0.03295775409787893,0.006935874791815877,0.023146985843777657,64.62635765075683,0.0099723594263196,0.01917310506105423,0.0016886905767023563,0.012540404498577119,63.18161315917969,0.006998222228139639,0.021227317303419112
16,0.03127466477453709,0.00613206964917481,0.021716896258294583,62.60333366394043,0.009271669015288354,0.016645950824022294,0.0015659240540117025,0.01045627724379301,61.25044250488281,0.0031667226925492288,0.015188923990353941
17,0.029692105203866958,0.005103027960285544,0.020447945967316628,60.7984317779541,0.008969286689534783,0.016010218858718873,0.0012523405952379108,0.009695973061025143,59.35701446533203,0.0037807624787092207,0.014729076134972274
18,0.029955888353288173,0.005265678837895393,0.020541239902377127,58.574136352539064,0.008389647165313364,0.016584886983036996,0.0018580885604023933,0.00987105406820774,57.32793273925781,0.003473748918622732,0.015202891547232866
19,0.030420557223260404,0.005330449901521206,0.020775916427373885,57.26107902526856,0.008103229757398366,0.019149161502718927,0.0009542660554870963,0.012411538511514664,56.638674926757815,0.004630608018487692,0.017996412585489452
20,0.03132247142493725,0.004531289893202483,0.02148780319839716,56.44461669921875,0.009622809616848827,0.01708993911743164,0.0010459320386871696,0.010545200668275356,55.35027313232422,0.002433728240430355,0.01402486094739288
21,0.029661248624324798,0.004372895695269108,0.019947072863578795,54.597792053222655,0.008547431509941816,0.01620682030916214,0.0011876984732225536,0.00935591608285904,52.98231658935547,0.0033043396193534135,0.013847954175435008
22,0.02792111560702324,0.00500536672770977,0.017892522644251584,52.98280830383301,0.007717277621850371,0.015440702810883522,0.0010512674693018199,0.008151274360716342,52.31107635498047,0.0045889817178249356,0.013791523547843097
23,0.02766395974904299,0.004835199750959873,0.01731685604900122,52.4609375,0.008245634334161877,0.014442375674843789,0.0010116787161678076,0.007258220110088587,51.6702392578125,0.0032010398339480163,0.01147093866020441
24,0.0271100789308548,0.0047838285099714994,0.01672200420871377,51.148372650146484,0.00774315008893609,0.014872094243764877,0.0010473740519955754,0.007478079758584499,49.600929260253906,0.0038259003311395647,0.012351354141719638
25,0.026084758713841437,0.003635092847980559,0.016246279701590538,49.13488121032715,0.007516288850456476,0.014865318313241005,0.0008444682112894953,0.007509818859398365,47.86285552978516,0.0038016320206224917,0.012155919091310353
26,0.027536192908883095,0.0036683900514617564,0.017512480169534682,48.097877502441406,0.007449206663295627,0.013079540990293025,0.0008414117502979935,0.005697364918887615,47.11276702880859,0.003218501666560769,0.009757278335746378
27,0.02611097749322653,0.003586838161572814,0.016157209500670434,46.98294792175293,0.006732042878866196,0.014587845467031003,0.0008398470934480428,0.007193291652947664,46.097825622558595,0.00278305122628808,0.010816189972683786
28,0.026594635099172592,0.0032138760900124906,0.016464250814169645,45.63989601135254,0.007620932208374143,0.01927971690893173,0.0007861541584134102,0.011378483287990094,44.39216079711914,0.0046187639236450195,0.016783401370048523
29,0.02732808329164982,0.003632188565097749,0.01665653046220541,44.49357948303223,0.008289274107664824,0.01425327118486166,0.000617377320304513,0.006825480423867702,43.835263061523435,0.0026309976354241373,0.010073855379596352
30,0.024755490571260454,0.0030386444414034486,0.014843693934381008,43.79116973876953,0.006079327920451761,0.013072234950959683,0.0007760179811157286,0.005551094003021717,42.88606262207031,0.002334073558449745,0.00866118554258719
31,0.023119558580219746,0.0027923784917220475,0.013282416667789222,43.157492065429686,0.005650132801383734,0.01436464786529541,0.0010199597105383872,0.006267438083887101,42.3622329711914,0.0032938192132860424,0.01058121700771153
32,0.024591229669749737,0.0026697883848100902,0.014505971223115921,41.88102645874024,0.006404375750571489,0.01408882886171341,0.0007222559652291238,0.006233872473239898,40.67703628540039,0.0030796960927546024,0.010035824531223625
33,0.024066243134438992,0.0022539319819770754,0.014204871747642756,40.32012100219727,0.006307834433391691,0.014222965575754642,0.0005075659952126444,0.0065079529769718645,39.288571166992185,0.002965501323342323,0.009981020295526832
34,0.02341567650437355,0.0024412848055362702,0.013539084233343601,39.225363159179686,0.005845995247364044,0.013664291240274906,0.0005086525285150856,0.005956158414483071,38.62019500732422,0.0026128618977963925,0.009077672840794549
35,0.02394842766225338,0.0022828830173239113,0.013992114551365375,38.825003433227536,0.0057728474494069815,0.013771155662834645,0.0004982672980986536,0.005997457262128592,38.25923614501953,0.002369139716029167,0.008864864276256412
36,0.023470945470035077,0.002477228327188641,0.01341323647648096,38.10942687988281,0.005442771827802062,0.012558146566152572,0.0006977217621169984,0.004769185371696949,36.74487991333008,0.0022945044096559287,0.007761411543469876
37,0.023687726818025112,0.00265270204981789,0.013420976232737303,36.52403373718262,0.005901225050911308,0.015665649995207788,0.0005318768264260143,0.007316514849662781,35.4542839050293,0.004119334649294615,0.011967726325383411
38,0.02361744549125433,0.0023243845556862653,0.013348651677370071,35.78052597045898,0.006074478104710579,0.013770446553826332,0.0008155187824741006,0.0056431379169225694,35.21030044555664,0.0027094528544694186,0.009168109553866089
39,0.024645468778908254,0.003234315779991448,0.013687191996723413,35.691992568969724,0.006105589820072055,0.017057419195771216,0.0006937183323316276,0.008662888966500758,35.195368957519534,0.003037369903177023,0.012393977202009408
40,0.024337556958198548,0.002234039129689336,0.01375246625393629,35.05655860900879,0.006141899200156331,0.01592859849333763,0.0005661251256242394,0.007273737899959087,34.382625579833984,0.0037381837610155344,0.01157804678659886
41,0.024117860943078995,0.002060594584327191,0.013577426690608263,34.42207641601563,0.005984417255967855,0.014974344335496426,0.0004569095908664167,0.006276492215692997,33.53153762817383,0.003891295986250043,0.010624697792809456
42,0.02480380330234766,0.0023956712684594095,0.01381133934482932,33.72308158874512,0.006459001451730728,0.014216872677206994,0.0006742291385307908,0.005366299208253622,33.25812759399414,0.003641077224165201,0.009681605570949615
43,0.024631405621767043,0.002603264094796032,0.013269629422575235,33.611167907714844,0.006590101169422269,0.015907959267497062,0.0012146283639594912,0.006597746256738901,32.788963317871094,0.0038448180072009563,0.011657192627899349
44,0.023819833248853683,0.002907566144131124,0.012636757828295231,32.742080497741696,0.005740988114848733,0.014412280730903148,0.0007163704140111804,0.006044018361717462,31.831227493286132,0.00228910599835217,0.009049494774080813
45,0.023542330041527747,0.0027525624725967647,0.012495885789394378,32.25144309997559,0.005363530386239291,0.015376793406903743,0.0005619664210826158,0.00640650987625122,31.678044891357423,0.0034705338533967734,0.010439010150730609
46,0.02359902858734131,0.0027260522125288843,0.012310627195984126,31.666705322265624,0.005743549903854728,0.01449165791273117,0.0004395520896650851,0.006020620558410883,30.899568939208983,0.0024877398274838923,0.008947912475559861
47,0.023837267979979516,0.0024974724045023324,0.012376900762319565,31.11574306488037,0.006169003015384078,0.017955240234732626,0.00038078969228081403,0.008126655593514442,30.54094009399414,0.005236316099762916,0.013743761385558172
48,0.02433730512857437,0.002734766970388591,0.012673490773886442,30.704614448547364,0.006098591443151236,0.01753918156027794,0.00034359326818957927,0.008291309885680675,30.423586273193358,0.0036966965533792974,0.012331599707249553
49,0.02486376091837883,0.0023148908861912788,0.013405864220112562,30.714202880859375,0.005664227437227965,0.015379526466131211,0.00047629872569814323,0.006516226101666689,30.070899963378906,0.0025668996851891277,0.00955942451255396
50,0.023898275196552278,0.0031339477747678755,0.012226613890379667,30.31088638305664,0.005053930403664708,0.015423297882080078,0.0003307212260551751,0.006190584413707257,29.763353729248045,0.0032530284021049737,0.009774334041867406
51,0.023975243046879768,0.0023302621091715993,0.012289477977901697,29.922112274169923,0.005780990375205875,0.016463133692741393,0.00034433125983923674,0.006780760921537876,29.55756378173828,0.0039460570085793735,0.011071149189956487
52,0.024382122047245502,0.0018538793898187577,0.01267841886729002,29.86372299194336,0.006024392414838075,0.015741069801151752,0.00028636489296332004,0.005983150564134121,29.176616668701172,0.004057632340118289,0.01032714779721573
53,0.023805870302021505,0.001631154236383736,0.012431266158819199,29.120748138427736,0.005684057716280222,0.013436196744441986,0.0003510060370899737,0.004677076172083616,28.03083381652832,0.002310892380774021,0.007338974589947611
54,0.022386641427874564,0.0018692655256018042,0.011386800464242697,28.381169891357423,0.004804585222154855,0.013950883597135543,0.00034101985511370003,0.00503696259111166,27.676079177856444,0.002541740378364921,0.007919722824590282
55,0.022035393863916397,0.001557415386196226,0.011222516279667616,28.118295097351073,0.0046032772865146395,0.012328226491808892,0.00036275967140682043,0.0036379717756062748,27.439317321777345,0.0019261263078078628,0.005926857754820958
56,0.021959618106484412,0.0015186603413894773,0.011129153985530138,27.59203815460205,0.004690727358683944,0.01502909529954195,0.000649783038534224,0.005665697529911995,26.57115020751953,0.00319716720841825,0.00951264777686447
57,0.022362847998738288,0.002257460809778422,0.011136798281222582,26.996124076843262,0.004806848149746657,0.015222195722162723,0.0005506127141416073,0.006014954298734665,26.580220031738282,0.002713144524022937,0.00927871153689921
58,0.023432699404656886,0.002009590179659426,0.011988711077719927,27.059974479675294,0.00518360142596066,0.014958511851727963,0.0002845219656592235,0.005923029407858849,26.381976318359374,0.002484898129478097,0.00869244950299617
59,0.022948028147220613,0.0021197824855335055,0.01176821943372488,26.49253120422363,0.004609241290017963,0.014746642485260964,0.0003208053472917527,0.005857581924647093,25.51902084350586,0.002401092741638422,0.008579480013577268
60,0.0230049267411232,0.0020220238715410233,0.011762417294085026,26.063300323486327,0.00482501455117017,0.016034097224473954,0.0007808661554008723,0.006293237023055553,25.48053321838379,0.0034125345759093762,0.010486637754365803
61,0.024644127674400808,0.003851811238564551,0.012000431958585977,26.38816967010498,0.005338797299191356,0.017090950906276704,0.003267838712781668,0.005649404507130385,26.39809799194336,0.0035124138928949835,0.012429657112807035
62,0.02459427174180746,0.003080095222685486,0.011721779964864254,27.050295066833495,0.005893706390634179,0.016629666835069657,0.00023566994932480156,0.0063216759823262695,26.290513610839845,0.004080192744731903,0.010637538676382974
63,0.024360415898263453,0.0016930395155213772,0.01219958085566759,26.691643524169923,0.005812893528491259,0.01521218754351139,0.0002566175098763779,0.005702505819499493,25.518845748901366,0.002685872232541442,0.008644995561917312
64,0.02369777373969555,0.002582804660778493,0.011745328921824694,25.79896831512451,0.004810745362192392,0.015841594338417052,0.0006992867682129144,0.00575986634939909,25.62690124511719,0.003062953986227512,0.009522107103839517
65,0.02421825919300318,0.002520571229979396,0.012007886543869972,26.063696670532227,0.004958771588280797,0.015105038695037366,0.0024333711597137155,0.004308082070201636,25.47800216674805,0.002599842194467783,0.009341295424383134
66,0.024355214834213258,0.0025454247603192925,0.011981356143951415,26.37625904083252,0.004793961811810732,0.01479071080684662,0.0004847281379625201,0.005200529005378485,25.368062591552736,0.0019527134485542775,0.007637970591895282
67,0.023439938575029372,0.0012921489658765494,0.012012622971087693,25.188386344909667,0.004686265252530575,0.016514483094215392,0.0006982213002629578,0.006699579488486052,23.723630523681642,0.0030367557890713217,0.01043455657782033
68,0.023289713077247143,0.0013445407268591226,0.011881131678819656,24.42994270324707,0.004860261594876647,0.0155633132904768,0.0002919745456892997,0.006083104759454727,23.88361511230469,0.0024275847245007753,0.008802664029644802
69,0.02301618307828903,0.002202038886025548,0.01119688106700778,24.488642692565918,0.004539400571957231,0.014892553351819516,0.0006675445823930204,0.005293252971023321,23.946714782714842,0.0020078232046216726,0.007968620758038013
70,0.023841070011258125,0.0033758279983885585,0.011033071856945752,25.068972969055174,0.00469188648276031,0.01578420735895634,0.0004146272432990372,0.00581204853951931,25.006301879882812,0.0020252803806215525,0.008251956163439898
71,0.023795911483466624,0.002305825601797551,0.01137243965640664,25.14656810760498,0.004687054548412561,0.016291530430316926,0.00029391154530458154,0.006760785076767206,23.812644958496094,0.0018606018042191864,0.008915298426290975
72,0.02413798328489065,0.0021714533504564315,0.012108583934605122,24.367900848388672,0.004342456092126667,0.016088638082146646,0.00041379447211511435,0.006056480575352907,23.82248458862305,0.0024983307346701624,0.008968605782138185
73,0.022835066728293895,0.0015998732764273883,0.010949406027793884,24.278283882141114,0.004448300041258335,0.015649739652872086,0.0002640919992700219,0.006045358162373305,23.418494415283202,0.0018491669557988643,0.008158617117442191
74,0.022924417443573476,0.0017249150259885937,0.010886844713240862,23.833644294738768,0.004713334701955318,0.01658630296587944,0.0003899461473338306,0.006543273571878672,23.144847869873047,0.002568925730884075,0.009502145450096578
75,0.022407511435449123,0.001346620317781344,0.010563513822853565,23.325556182861327,0.004847208689898253,0.016596771031618118,0.0003834172326605767,0.006331321317702532,22.41020278930664,0.0033398293890058994,0.010054567939369008
76,0.022803843021392822,0.002580228651640937,0.010466932505369186,22.854907989501953,0.004723861487582326,0.014420275576412678,0.00034414432593621314,0.00482929041609168,22.37807693481445,0.0018304880475625395,0.007003922789590433
77,0.024100292846560477,0.004433058510767296,0.010579520370811224,23.32816104888916,0.0046458033379167315,0.015238531492650509,0.0004201735253445804,0.0052886858582496645,22.332205963134765,0.0022837195079773664,0.007992578891571612
78,0.023536695539951323,0.003201414056820795,0.010529754776507616,23.214468574523927,0.004705181927420199,0.016425245255231858,0.00035590656916610896,0.006217675376683473,22.898906707763672,0.002198085095733404,0.008771667041582986
79,0.025225201062858103,0.004837989172665402,0.010713335033506155,24.462086486816407,0.004860693123191595,0.016233136132359504,0.0003235080512240529,0.005026165116578341,24.723600769042967,0.0025587907992303373,0.007908463967032731
80,0.024155674688518047,0.0026293988106772304,0.010553167294710874,24.6726505279541,0.004837495274841785,0.01509215272963047,0.0002561646280810237,0.004556921683251858,23.123513793945314,0.0023154856637120245,0.007128571975044906
81,0.02389200795441866,0.0019190372084267437,0.011195421125739813,23.08775939941406,0.004773051338270306,0.01621132455766201,0.001335405185818672,0.005328788515180349,22.149217224121095,0.0024888010695576666,0.009152994770556689
82,0.024552820436656474,0.0027535380562767387,0.011061171162873506,23.03250675201416,0.005343103921040893,0.01716100759804249,0.0015643361024558545,0.005474821757525205,22.74809875488281,0.0031545937061309816,0.01019375156611204
83,0.02497091516852379,0.003569105180213228,0.011136704403907061,23.119070625305177,0.004910488473251462,0.015730343386530878,0.001290738396346569,0.0047554802149534225,22.19443130493164,0.0022376100067049267,0.008283828618004918
84,0.027536502853035928,0.008003523084335029,0.011263495218008757,23.06971378326416,0.005163932172581554,0.0173084681853652,0.0029767595580779014,0.005228625517338515,22.45396499633789,0.002321594743989408,0.010526979819405823
85,0.02567067164927721,0.003038422705139965,0.011519376002252103,23.803677558898926,0.005031042313203215,0.017093461751937867,0.00018500121659599246,0.005499080196022988,23.548255157470702,0.0029877443797886372,0.008671825792407618
86,0.0259191757068038,0.001747782895108685,0.012395538110285997,23.41279182434082,0.005164491385221482,0.017010627686977385,0.00035428515402600167,0.0064744528383016585,21.685707092285156,0.0020683591719716787,0.008897097164299338
87,0.024109193682670595,0.0018594917317386716,0.011517547257244586,22.10931053161621,0.004088701214641333,0.015415388345718383,0.0002234490617411211,0.005014890339225531,21.592001724243165,0.0017925058957189322,0.007030845296685584
88,0.022689237631857394,0.0010399122460512445,0.01031084768474102,22.269528007507326,0.0041196832433342935,0.015213968046009541,0.00027379062958061696,0.004604180436581373,21.642344665527343,0.0019005202455446124,0.006778491311706603
89,0.022842660173773767,0.001118341795518063,0.010749865416437387,21.687934494018556,0.003764986013993621,0.015907081589102746,0.00021969513909425586,0.0057210101746022705,20.365029907226564,0.0020275705959647895,0.007968275909661315
90,0.02321023363620043,0.0011005793465301394,0.011091285943984985,21.12051067352295,0.004128857748582959,0.016462473943829537,0.00020036459027323873,0.006094220094382763,20.461235809326173,0.0021210304461419583,0.00841561513079796
91,0.022557874955236912,0.0010594677063636483,0.010395717900246381,20.94975700378418,0.004200567165389657,0.014684763178229332,0.00016718991682864725,0.004550678376108408,19.967778396606445,0.0019303016364574433,0.0066481699293944995
92,0.021913598105311394,0.001060148369288072,0.009929513093084097,20.374209213256837,0.004163748538121581,0.01656181663274765,0.00016975975449895486,0.006281801965087652,19.57845993041992,0.002378087630495429,0.008829649350082036
93,0.0225222647190094,0.0009285150445066392,0.010370519757270814,20.445714378356932,0.004360460210591555,0.014257863163948059,0.0001355672473437153,0.004142898600548506,19.674635696411134,0.0017969517037272453,0.006075417551619467
94,0.021998271346092224,0.0010896160849370063,0.010024831350892782,20.28102855682373,0.003793098218739033,0.014737885445356369,0.00013546642730943859,0.0048308433964848515,19.286197662353516,0.0015495913568884135,0.006515901180682703
95,0.022252905555069445,0.0012809840322006495,0.010106239281594754,19.84394226074219,0.004160602414049208,0.015139054507017136,0.0001898059097584337,0.004909308534115553,18.95532684326172,0.0022621259558945894,0.0073612403997685765
96,0.021697338297963144,0.0009207630791934207,0.00986880250275135,19.569164848327638,0.003949911263771355,0.015889329090714454,0.0003282683319412172,0.005609021615236997,18.922954559326172,0.0020663111004978417,0.008003601047676057
97,0.021500127948820592,0.001043861819198355,0.009717733785510062,19.465877342224122,0.003639025497250259,0.016150736808776857,0.00016989833966363221,0.005789142567664385,18.82591323852539,0.0022921545896679163,0.008251195496995933
98,0.02135140337049961,0.0010178467200603336,0.00945281023159623,19.5485107421875,0.003621798614040017,0.014657927118241787,0.0003803571278695017,0.004368963185697794,18.84711456298828,0.0017273979960009457,0.006476718309568242
99,0.021570602245628834,0.0013741628383286298,0.00938190622255206,19.64099826812744,0.003558641648851335,0.014957997016608715,0.0004829858720768243,0.004539874009788036,19.14201126098633,0.0014026690274477004,0.006425528909312561
100,0.022277848236262797,0.0022669613303150983,0.009250193927437067,20.02481288909912,0.0037635328248143197,0.015859680064022542,0.0005284318933263421,0.00487758619710803,19.098484420776366,0.0023372706957161425,0.0077432887861505146
101,0.022958945855498313,0.0012514183355960995,0.010392249654978513,19.599937629699706,0.004086037771776319,0.017013305425643922,0.0008249325881479308,0.006037141848355532,18.6086124420166,0.0023326970636844634,0.009194771500187927
102,0.023585758171975613,0.002134926267899573,0.010504218004643916,19.4181921005249,0.004221598291769624,0.014486400410532951,0.0002029545954428613,0.0038793694227933885,18.835303497314452,0.0017990986583754421,0.005881422676611693
103,0.02224151287227869,0.0008592214726377279,0.009914583433419466,19.338931274414062,0.0038755366578698157,0.015401972457766533,0.00016989727737382054,0.005056184250861406,18.372444915771485,0.0015980607364326715,0.006824142264667899
104,0.022337689809501172,0.0014420084247831256,0.009842335060238839,19.140117835998534,0.003642979031428695,0.015943586826324463,0.0003393087303265929,0.0053269038908183575,18.572223281860353,0.0015789441531524062,0.007245156774297356
105,0.02312049064785242,0.0026311716297641396,0.009854997973889112,19.201223945617677,0.0037385304924100636,0.017701805382966996,0.001042960281483829,0.006524615176022053,18.647943115234376,0.001731080049648881,0.009298655507154764
106,0.024573787674307825,0.0027083703957032413,0.011072521936148405,19.39287757873535,0.0037377105094492436,0.019635110348463058,0.0025413964642211793,0.007261083368211985,18.87046585083008,0.0022039624862372877,0.01200644231867045
107,0.024288055673241615,0.0014022601681062952,0.01110931783914566,19.607561302185058,0.003975125239230692,0.018587644025683404,0.0002561021567089483,0.007348634954541922,18.934650039672853,0.0019618394784629346,0.009566576589713804
108,0.023793893679976464,0.0009860880789346993,0.010991547536104918,19.26436576843262,0.0038130910135805605,0.017390168085694314,0.00012114542041672394,0.006661428231745958,18.340361404418946,0.0015287444926798343,0.008311318144842516
109,0.0233436768874526,0.0010284365620464087,0.01067119874060154,18.839624404907227,0.003781328140757978,0.016942837089300156,0.00013730831124121324,0.005873387586325407,17.903628540039062,0.002486635698005557,0.008497331595572179
110,0.022683256678283213,0.0015659317257814109,0.009938047174364329,18.609942054748537,0.0034535506274551153,0.01541199516505003,0.0002951318136183545,0.004637120570987463,17.949259948730468,0.0015104317106306552,0.006442684095236473
111,0.022082710824906825,0.0011744175339117647,0.009542066324502229,18.43475475311279,0.0034442948410287498,0.016051098331809045,0.0002488340920535848,0.005365967191755772,17.505801391601562,0.0016899898182600737,0.007304791102069431
112,0.022353954799473285,0.001445130305364728,0.009627621620893478,18.23114757537842,0.0035886505618691446,0.01593942046165466,0.0021568795666098593,0.004059565905481577,17.65561714172363,0.0018285369966179132,0.00804498246870935
113,0.024895563907921314,0.004305132362060249,0.00988928284496069,19.008734703063965,0.004227559431456029,0.018709852918982507,0.0023376993834972382,0.005251553189009428,19.177211380004884,0.0029086519964039324,0.010497904568910598
114,0.02478931974619627,0.002213877424946986,0.010366382822394372,19.560907745361327,0.004332562373019755,0.01869487911462784,0.0007190379197709263,0.005927621573209763,19.079252624511717,0.0030651299748569727,0.009711789467837663
115,0.02426537238061428,0.001553184149088338,0.010415535885840654,19.242243576049805,0.004017908708192408,0.016358789801597596,0.00041264548199251296,0.004954888764768839,18.20367317199707,0.0014609329402446747,0.0068284671870060265
116,0.023310115188360216,0.0018429947405820713,0.009703599009662866,18.81688289642334,0.0035424533765763045,0.017356010153889656,0.001394239696674049,0.005114822182804346,18.190506744384766,0.0019871513824909924,0.008496213261969386
117,0.023308161459863187,0.0017237755819223821,0.009767849650233983,18.53197498321533,0.00367443785071373,0.01674942970275879,0.00019273451762273907,0.005397199187427759,17.866211700439454,0.0016082601156085729,0.0071981938206590705
118,0.023834470845758914,0.002373072231421247,0.009956668317317962,18.434818267822266,0.003629448148421943,0.01756405383348465,0.0002314334808033891,0.005925242137163877,18.11842575073242,0.0016664470313116908,0.007823122649278957
119,0.025065924786031247,0.0030430332379182802,0.010152058769017458,18.963381004333495,0.004218276357278228,0.016808554902672766,0.0002429763524560258,0.004694468807429075,18.85383186340332,0.0015491371508687735,0.006486582310753875
120,0.02904324810951948,0.00963171105249785,0.010140817519277335,19.935099601745605,0.004251029412262142,0.021416251361370087,0.0005597959912847728,0.008071620482951403,19.344497299194337,0.002916068397462368,0.011547484871698543
121,0.030139737576246262,0.008834247523918749,0.011148213874548674,20.005268859863282,0.004942424548789859,0.021659649536013605,0.003307260380825028,0.006230776570737362,20.369383239746092,0.002903531398624182,0.012441568350186573
122,0.027660322561860084,0.0027099467726657165,0.011246741190552712,20.595898246765138,0.004990221047773957,0.019911383092403413,0.0007119113928638398,0.006074184086173773,19.535537719726562,0.0031291307881474496,0.009915226267185061
123,0.025622892007231713,0.0010736573254689573,0.010789478663355112,19.68314380645752,0.0043829003348946575,0.018342769518494607,0.00012279070651857182,0.0057520754635334015,18.43025016784668,0.0023893886245787144,0.008264254794630688
124,0.024476817809045315,0.0006798633665312081,0.010568690113723278,18.644592094421387,0.004017098387703299,0.01777835115790367,0.00015350150060839952,0.005959498882293701,17.629170227050782,0.0016240324592217803,0.0077370328421238815
125,0.023792678862810133,0.0008664034685352817,0.010140810441225768,18.09846897125244,0.0038142478559166195,0.017348415032029153,8.633565448690206e-05,0.0053763451986014845,17.409639739990233,0.0020957535598427057,0.007558434412931092
126,0.023140152916312218,0.0008063277142355219,0.009548265859484673,18.020998191833495,0.0036709881387650967,0.017174017801880836,0.00017971901688724757,0.005548610631376505,17.08454818725586,0.0015445639844983816,0.007272893632762134
127,0.023166299797594547,0.001068989426130429,0.009687957353889942,17.624192428588866,0.003504969784989953,0.016723218932747842,0.0001493461983045563,0.005074473004788161,16.99934959411621,0.0015589711721986533,0.00678279037529137
128,0.023635874129831792,0.0018949201505165548,0.009516645595431328,17.56307888031006,0.0038627957459539176,0.01683010570704937,0.00031629641307517886,0.004889158625155687,16.831314086914062,0.0020215160911902785,0.007226971129421144
129,0.022910894826054573,0.00136640505224932,0.009177218191325665,17.620928382873537,0.0033699498744681478,0.01747066043317318,0.00022935154265724123,0.005540558602660894,16.91007308959961,0.001816857513040304,0.00758676765835844
130,0.023524540662765502,0.0019162459124345333,0.009468000289052725,17.305079650878906,0.003700231853872538,0.018191898614168166,0.0002212012972449884,0.005923203658312559,16.45291976928711,0.0029273916035890577,0.009071796559146604
131,0.022839590534567834,0.0009765239694388584,0.009330118633806705,17.055003547668456,0.0037003650795668364,0.017362018674612047,0.0011977260699495673,0.0050234471447765825,16.42499237060547,0.0019626776222139595,0.00818385083694011
132,0.02259631883352995,0.000994822321808897,0.009023192431777715,17.302999687194824,0.0033114711521193387,0.01699879802763462,0.00012325303687248378,0.005044559668749571,16.720081329345703,0.0017147181555628777,0.006882530861184932
133,0.02248696479946375,0.0006732731271767989,0.009143010713160038,16.98544387817383,0.003423995547927916,0.016386472806334495,0.0001397491927491501,0.004976143594831228,15.828629112243652,0.0016288321698084474,0.006744724957388825
134,0.022631334140896797,0.0010649123083567246,0.009301589336246252,16.539049339294433,0.003432252071797848,0.0167921107262373,0.00014257005968829617,0.005015294440090657,16.2940315246582,0.0015770615078508853,0.006734926007629838
135,0.022675443068146707,0.0009293449082178995,0.00900264186784625,17.217579078674316,0.0031725252512842415,0.01635085679590702,0.00013252071512397378,0.0042791037354618314,16.464034271240234,0.0017845374997705222,0.006196161950356327
136,0.02302729748189449,0.0008273690793430433,0.009361097682267427,16.766091918945314,0.0037031462183222176,0.017149687558412553,0.00023734543938189745,0.005144638754427433,15.71791706085205,0.0023963850922882556,0.007778369286097585
137,0.022922078706324102,0.0007142853864934295,0.009561419673264026,16.24572343826294,0.0037503918167203663,0.01677788570523262,9.309086744906381e-05,0.005294075142592192,15.51571865081787,0.0016179964877665043,0.00700516249780776
138,0.02285208161920309,0.000627150121727027,0.009581043850630522,16.25764980316162,0.0034793689846992493,0.01813638284802437,0.00010961865191347898,0.006275460124015808,15.591556167602539,0.0020958806853741407,0.008480959461303427
139,0.02252786811441183,0.0006182292738230899,0.00929454443976283,16.15707130432129,0.003390090400353074,0.015721097774803638,0.00032026465341914443,0.00418679709546268,15.38319435119629,0.0013656961731612683,0.005872757922043092
140,0.02263067737221718,0.0008631340606370941,0.009389899484813214,16.01695899963379,0.003194680018350482,0.01637886241078377,0.00011425013653934001,0.004729022085666656,15.460533142089844,0.001540685910731554,0.00638395813293755
141,0.022699553705751895,0.0005870938941370696,0.009424891322851181,16.138469314575197,0.003206987422890961,0.016216281428933145,0.00010835074353963137,0.004716088529676199,15.300825309753417,0.001317870756611228,0.006142310029827058
142,0.022416219301521777,0.0009526275098323822,0.009074327303096652,15.826958465576173,0.003256875858642161,0.0158221822232008,0.00012315448111621663,0.0042636050842702385,15.206636047363281,0.0014005764853209258,0.005787336050707381
143,0.022506538219749926,0.0011836576624773443,0.008804569486528635,16.069593143463134,0.0032407621387392283,0.016383274272084237,0.0001489932503318414,0.00421484000980854,15.729685592651368,0.0016944270115345716,0.006058260271674953
144,0.02246140819042921,0.0011532205098774284,0.008775703655555845,15.960878372192383,0.003234523441642523,0.017233457416296005,0.00012613612198038028,0.0054875115863978864,14.837723731994629,0.001999431289732456,0.007613078998110723
145,0.023045668564736842,0.0012826483027311042,0.009151360113173723,15.86778974533081,0.003497674618847668,0.017196256294846536,0.00035283092583995315,0.005098133813589811,15.500786590576173,0.0013672745786607265,0.006818239318090492
146,0.02304258868098259,0.0009830492810579017,0.00923543106764555,16.070265102386475,0.003168677585199475,0.017460582405328752,0.00015967523067956791,0.00532041871920228,15.30310935974121,0.0017781101632863283,0.007258204113168176
147,0.02307656016200781,0.0014243045763578266,0.009000486601144076,16.075085830688476,0.003097466635517776,0.016857966408133508,0.00015048699569888412,0.004663102980703116,15.547021102905273,0.0013851172756403685,0.006198707252042369
148,0.023021980375051498,0.0015438103233464061,0.008596153184771537,16.179374313354494,0.0033623707247897984,0.016755372658371924,0.00016364741022698582,0.004527052864432335,15.56044979095459,0.001263525802642107,0.005954226077301427
149,0.022839656658470632,0.000636275639408268,0.00902348170056939,15.89608793258667,0.003310901974327862,0.017304204776883124,0.00010333853424526751,0.005207178182899952,14.900189781188965,0.0018894306384027004,0.00719994735554792
150,0.022887774184346198,0.0013865510118193924,0.008809122908860444,15.70150442123413,0.0032184953102841972,0.016695978119969368,0.00011742300994228571,0.004146413039416074,15.515948677062989,0.0017077834578230976,0.0059716195071814575
151,0.022730448842048646,0.0008177562820492312,0.008505921345204115,16.278789138793947,0.003050328348763287,0.017060236632823945,8.15652216260787e-05,0.004906316660344601,15.188024139404297,0.0012923604575917126,0.006280242339562392
152,0.023391712829470633,0.000826762305223383,0.009527334850281477,15.638134384155274,0.0031320282723754644,0.017921111732721328,0.00011855933553306386,0.005497457459568977,15.0670597076416,0.0018268183572217821,0.007442835152323824
153,0.02343528885394335,0.0007464301917934791,0.00940987579524517,15.781668281555175,0.003158444189466536,0.0179365161806345,8.706890803296119e-05,0.005323670990765095,15.063861465454101,0.0020909122657030823,0.0075016521645011386
154,0.023335161060094832,0.0011461297021014617,0.009011423122137785,15.636446952819824,0.003421217785216868,0.017474082112312318,0.0003251608228310943,0.005143884569406509,14.863895225524903,0.0014448374975472688,0.006913882889784873
155,0.023347940854728223,0.0012865646451245994,0.008992116898298264,15.681464672088623,0.003118812502361834,0.017390115931630135,0.00019973128219135105,0.004540252033621073,15.613565826416016,0.001298969890922308,0.0060389532067347314
156,0.023277596570551395,0.0009236976504325867,0.008659027563408018,16.148037910461426,0.003122501261532307,0.017334472760558127,0.00018292166059836746,0.004568184353411197,15.3837739944458,0.0013509678654372692,0.006102073879446834
157,0.023510177060961722,0.001665467635029927,0.008759609330445528,15.749476909637451,0.003108988981693983,0.017281156778335572,7.635626825504005e-05,0.004570871219038963,15.25620994567871,0.001391966175287962,0.006039193662581965
158,0.023375464603304863,0.0010402524305391126,0.008719409164041281,15.911570262908935,0.0031315763015300037,0.018066400662064552,0.00032001936342567204,0.005169789493083954,15.164279556274414,0.001513639627955854,0.00700344848446548
159,0.02312853280454874,0.000702555023599416,0.008824751619249583,15.619332885742187,0.0030702674528583886,0.017535738274455072,0.00011454014456830919,0.005069105327129364,14.68577308654785,0.001468346407637,0.006651991879334674
160,0.023229387030005454,0.000741103565087542,0.00908701466396451,15.22922716140747,0.0031768778571859,0.016960621997714042,8.890567551134154e-05,0.004570729564875364,14.591080665588379,0.0013451524078845977,0.006004787648271304
161,0.023479369282722474,0.002015392723842524,0.008569156844168901,15.32630033493042,0.003129688184708357,0.017338312044739724,0.00023027982097119094,0.004078878369182348,15.228475570678711,0.0017707421211525798,0.006079900311306119
162,0.023476563952863218,0.001178748597158119,0.008476722799241544,15.825028324127198,0.0031843870412558315,0.017680853605270386,0.00042744304082589226,0.004629654530435801,14.848471641540527,0.0016204306157305837,0.006677528186992277
163,0.024101366847753526,0.0015882780920946971,0.00918594617396593,15.305568313598632,0.003294488275423646,0.017428844794631006,0.00016703764849808068,0.004765507578849792,14.575554084777831,0.0014014841523021459,0.0063340293796500195
164,0.02332278396934271,0.0009095821500523016,0.008803668804466725,15.199067115783691,0.0032021763734519483,0.01765686571598053,0.0004160017007961869,0.004579936154186726,14.812072372436523,0.0014460597420111298,0.006441997596994042
165,0.023689321242272854,0.0010325579991331325,0.008812603820115329,15.456320190429688,0.0032179504167288544,0.01807318292558193,0.00014434915501624346,0.005046842526644469,14.584991073608398,0.001843095337972045,0.0070342870196327565
166,0.024447461217641832,0.0028314388677245007,0.008773136511445045,15.245197105407716,0.0032101839315146208,0.017657829448580742,0.00042118991841562093,0.004451451171189546,14.840522766113281,0.0013562984764575957,0.006228939566062764
167,0.025850556418299676,0.004663201188668609,0.008866424625739455,15.605101203918457,0.0032445427030324938,0.06025874465703964,0.08175548762083054,0.005166871938854456,15.049588775634765,0.0032954464200884103,0.09021780597977341
168,0.03250511102378369,0.014682975865434855,0.010107867047190666,15.809163665771484,0.0035521175712347032,0.020983358845114708,6.200147763593122e-05,0.006809070147573948,15.763068580627442,0.0018046220997348429,0.008675693724944722
169,0.026518620550632477,0.002630870403663721,0.009692116174846888,16.304272174835205,0.003467919351533055,0.0206741139292717,0.0007867671316489578,0.0061719253659248356,15.27492446899414,0.0024029890075325964,0.009361681505106391
170,0.026347749307751654,0.002902034006547183,0.00971596734598279,15.71966609954834,0.003638097597286105,0.018575188145041464,0.00040942240739241245,0.004873400088399649,15.031246185302734,0.0014410361181944609,0.006723858613986522
171,0.025489113107323647,0.001607815083116293,0.009566475171595812,15.69994649887085,0.0033905528951436283,0.01909618452191353,8.856252679834142e-05,0.0049670103937387465,15.28681240081787,0.0020293380599468946,0.007084910980483982
172,0.02528316341340542,0.000833892633090727,0.009424206241965294,15.872968196868896,0.0035825172904878854,0.019609277695417406,0.00019301448191981762,0.005735471937805414,15.019789886474609,0.0017205606913194061,0.007649047111044638
173,0.025870971195399762,0.0021629149065120145,0.00987677974626422,15.178195095062256,0.0035671903984621166,0.02032361924648285,0.002209553378634155,0.005508087016642094,14.752121734619141,0.0019003400579094888,0.009617980453185737
174,0.028914585150778292,0.00802072770311497,0.009450509399175643,15.744694995880128,0.0035116558661684393,0.019786079227924348,0.00025002982874866575,0.005196600686758757,15.720348167419434,0.0015755217988044023,0.007022152314311825
175,0.02863019220530987,0.0049424788914620875,0.009653832577168942,16.691584014892577,0.003799968073144555,0.021244362741708756,4.886012029601261e-05,0.005160322599112988,17.067155838012695,0.0022516963072121143,0.007460879026621114
176,0.02694266214966774,0.0014471810223767533,0.009400321170687675,17.018197059631348,0.003685473673976958,0.020163941010832787,0.00019037771271541716,0.005501674488186836,15.587689399719238,0.0016998202074319125,0.007391872408334166
177,0.025752169266343116,0.0007501450585550628,0.0099368741735816,15.537884140014649,0.0033783912425860763,0.019578133523464204,0.00014317728055175395,0.005568790715187788,14.785731506347656,0.0017047646222636103,0.007416732618003153
178,0.024997392669320107,0.0005531862610951066,0.009312359243631363,15.380536937713623,0.0034395236521959304,0.019236797094345094,0.0001618778747797478,0.00508009335026145,14.94151782989502,0.0015556261874735355,0.006797597412514733
179,0.024732896126806736,0.0007926306367153302,0.009098472725600004,15.230861854553222,0.003212972544133663,0.018538244441151618,0.00013051005807938055,0.004925503302365542,14.44121437072754,0.001245198049582541,0.006301211410027463
180,0.024763158150017263,0.0009467264637351037,0.009364608488976956,14.902155017852783,0.0030264939414337277,0.018962237983942032,9.182157155009917e-05,0.005189915839582682,14.405398178100587,0.0015231076162308455,0.006804845027363627
181,0.024404475837945937,0.0004968765177181921,0.00916152112185955,14.89021110534668,0.003037749696522951,0.018827638030052184,0.0003846912586595863,0.005017717275768519,14.249169921875,0.0014441528823226691,0.006846561416750774
182,0.024408156424760817,0.0007803193933796137,0.008929141890257597,14.763868427276611,0.003307468444108963,0.018349094316363335,0.00011937718372792005,0.004625058267265558,14.35401725769043,0.0012043824652209878,0.005948817916214467
183,0.023983022943139077,0.0006865456904051826,0.008626972325146198,14.755666923522949,0.0030226859962567687,0.018566153943538666,0.00011594338866416365,0.004790048766881228,14.100917053222656,0.0016315899789333343,0.006537582134478725
184,0.02433702927082777,0.0013138494832674041,0.008322509983554483,15.016342735290527,0.003085118136368692,0.018766709417104722,0.00022681507398374378,0.00455658258870244,14.538340377807618,0.001442892337217927,0.00622628999990411
185,0.02472888957709074,0.00117723415751243,0.008878705464303494,14.787588787078857,0.0031660944456234573,0.019200554862618447,0.0003441614273469895,0.005466304998844862,13.887547874450684,0.0014323757262900473,0.007242842152481898
186,0.02528785578906536,0.0015886701847193762,0.00911355260759592,14.68443021774292,0.003446896793320775,0.01819687373936176,9.788404277060181e-05,0.004172582738101482,14.366074752807616,0.0012298001674935222,0.005500266948365606
187,0.02476067338138819,0.0014733633259311318,0.00866899974644184,14.72852020263672,0.0031676512910053132,0.018637241795659065,0.0001627981459023431,0.004800401907414198,13.855611038208007,0.0016008893493562938,0.006564089402672835
188,0.025337623059749605,0.0025352328491862865,0.008787087909877301,14.695762443542481,0.0029378043487668037,0.019914253428578377,0.0006863633985631168,0.005154506582766771,14.653295707702636,0.0012849343940615654,0.0071258043753914535
189,0.02619086243212223,0.002429369301535189,0.008755850978195668,15.490172290802002,0.0031642282847315073,0.019371258094906807,0.0011757676023989917,0.0039204316213727,15.122106552124023,0.001145105203613639,0.00624130442738533
190,0.02522255703806877,0.0012449920264771207,0.008549464493989944,15.211088180541992,0.0032001246931031347,0.01987672857940197,0.0005866060615517199,0.005498745199292898,14.043856430053712,0.0014860326889902353,0.007571383949834854
191,0.02544969953596592,0.001136753725586459,0.009446776192635297,14.459300708770751,0.003251830115914345,0.019414369761943818,8.468722371617332e-05,0.005105413496494293,14.085775756835938,0.0016293933382257818,0.006819494058436248
192,0.025162388011813162,0.0009989098572987132,0.008948453608900309,14.73830623626709,0.003131411410868168,0.019834480062127114,8.165285689756274e-05,0.005262450966984034,14.246970939636231,0.0017082237172871828,0.00705232754116878
193,0.024607939645648003,0.0005636822679662146,0.008723747543990612,14.537550067901611,0.0031472300412133335,0.019500989839434622,0.0004549346966086887,0.005370214395225048,13.500086975097656,0.0017514484701678158,0.007576597562001552
194,0.024316164292395116,0.0005432810197817161,0.008964861277490854,13.92762212753296,0.003139737993478775,0.018972351029515267,0.0004875385537161492,0.005078536365181208,13.319234466552734,0.001460776198655367,0.007026851117552724
195,0.024113097228109837,0.0006948224327061325,0.008609111234545708,14.05301570892334,0.002909770770929754,0.0194679819047451,0.0001703735120827332,0.00526047358289361,13.727352142333984,0.001476307213306427,0.00690715430828277
196,0.02463462222367525,0.0009085130208404735,0.008550572488456965,14.458213424682617,0.0029214876005426047,0.019201558828353883,0.00031186896230792625,0.004614025726914406,13.95731315612793,0.0015068634413182736,0.0064327581305406055
197,0.024709005281329154,0.00065947956754826,0.00887247109785676,14.208801651000977,0.003022248251363635,0.01926485113799572,0.00010113068419741467,0.00519349416717887,13.537087059020996,0.0013735208194702864,0.0066681456708465705
198,0.024220373854041098,0.0003972623962908983,0.008710964303463697,13.983870697021484,0.0029334939550608396,0.019384142011404037,0.00014641772286267952,0.005560822691768408,13.34477195739746,0.0010775732807815075,0.006784813695412595
199,0.024227936565876008,0.0006167483123135753,0.008739744033664464,13.836969470977783,0.0028240674873813987,0.01864025928080082,8.437580181634985e-05,0.00469568558037281,13.32450065612793,0.0012890149373561144,0.006069076319545274
200,0.02417733184993267,0.0006209864863194525,0.008413649071007967,14.020395183563233,0.002865587337873876,0.01930206045508385,0.0002205989876529202,0.005031847301870585,13.401638412475586,0.0015165489166975021,0.006768995206221007
201,0.02424927018582821,0.0007418991561280563,0.00841860631480813,14.017193603515626,0.0028850405476987364,0.019048271328210832,0.000295521697262302,0.004496648628264666,13.629278564453125,0.0015491653233766557,0.006341335648903624
202,0.024183633178472518,0.0008662262029247358,0.008193382062017918,14.191178226470948,0.002731919032521546,0.018678082898259164,8.724991857889108e-05,0.004374842066317797,13.572888946533203,0.0013734519481658936,0.0058355439330625815
203,0.024034172110259534,0.0004158828451181762,0.008544960990548134,13.896176815032959,0.0027701846323907376,0.018676812201738356,0.00021506379416678101,0.004809266328811646,13.211657524108887,0.0010967132169753314,0.0061210433399537575
204,0.024256296269595624,0.0007160317531088367,0.00878907386213541,13.674042320251464,0.002870326233096421,0.018729402497410775,9.594738367013633e-05,0.004680764861404896,13.451478385925293,0.0010983705054968596,0.005875082750571891
205,0.024218211881816387,0.0006397116245352663,0.008395804930478335,14.108487033843994,0.0027881274931132794,0.018879469111561777,8.620629014330917e-05,0.004432939924299717,13.695516967773438,0.0014158174162730575,0.005934963630716083
206,0.02406792640686035,0.0003357541238074191,0.00853848601691425,13.916539096832276,0.0028900457778945564,0.01905425600707531,0.0003928812686353922,0.005222021602094173,13.048612213134765,0.0011743628419935703,0.006789265712723136
207,0.024093849025666712,0.0011682322045089677,0.008449372556060552,13.658986377716065,0.002802747208625078,0.01888195164501667,0.0004352007468696684,0.004468427319079637,13.495431327819825,0.0014009844977408647,0.00630461256369017
208,0.023983625508844853,0.0007018736796453595,0.008176762936636805,14.087530136108398,0.002736789104528725,0.018665311858057976,0.00013330924266483635,0.00443580262362957,13.507686233520507,0.0013103353092446923,0.005879447175539098
209,0.02437715083360672,0.0006557868255185895,0.008680859487503767,13.9576171875,0.002821558993309736,0.019658834487199784,0.0010493844805750997,0.005047412402927875,13.414879035949706,0.001343700406141579,0.007440497289644555
210,0.024329610727727415,0.000814827813883312,0.008640739414840937,13.898749256134034,0.002765413885936141,0.019207931682467462,9.494360128883272e-05,0.005139419529587031,13.364030647277833,0.0013140189461410046,0.006548382077016869
211,0.024451521039009095,0.0009320226847194136,0.008520090905949473,14.065342712402344,0.0028001517057418823,0.019070572033524514,0.00013434744178084657,0.004751262534409761,13.67430591583252,0.0011556574143469333,0.006041267390537541
212,0.024111377261579036,0.000661042527644895,0.00831027664244175,14.07802448272705,0.0027851081918925046,0.018540282174944876,5.965243035461753e-05,0.004491567891091108,13.305493927001953,0.001426789117977023,0.005978009439422749
213,0.023858488351106644,0.0009262730469345115,0.008213077997788787,13.779342746734619,0.002805860433727503,0.018087895959615706,5.39805281732697e-05,0.00410807216539979,13.413064575195312,0.0010795366950333118,0.0052415893886063715
214,0.024004618264734746,0.0007038149982690811,0.008393380092456937,13.901058197021484,0.0027165434090420603,0.018288888037204742,5.935642257099971e-05,0.004334757663309574,13.308146476745605,0.0012326088501140476,0.005626722935994621
215,0.023991054110229015,0.0005150573917489965,0.008576462045311928,13.752271270751953,0.002809583465568721,0.018824439123272897,0.0001134380159783177,0.005042904522269964,13.159776496887208,0.001130077545531094,0.006286420083779377
216,0.023724983073771,0.0005039647920057177,0.00848881909623742,13.627750015258789,0.0027128614485263823,0.01864209249615669,7.661097843083552e-05,0.004883018974214792,13.096495056152344,0.0012485454324632883,0.006208175385108917
217,0.023865550756454468,0.00036800927482545377,0.008642497099936008,13.618141841888427,0.0028418121393769978,0.01808866746723652,5.91291711316444e-05,0.004219213034957647,13.10722599029541,0.0014653270598500967,0.005743669265939388
218,0.023477762006223202,0.00041231573559343817,0.00832589901983738,13.511685466766357,0.002868037857115269,0.01836703233420849,0.0001534389884909615,0.004575445223599673,12.930048561096191,0.0015696359099820257,0.006298520122072659
219,0.02368429061025381,0.0008049723735894076,0.008263126946985722,13.593201065063477,0.002850952185690403,0.018828217312693594,7.575844938401133e-05,0.005075834691524506,13.113341522216796,0.0012023235205560923,0.006353916661464609
220,0.023900569416582584,0.001163330487906933,0.008286623144522309,13.645330142974853,0.002773899422027171,0.018595227971673012,0.0001070141326636076,0.004983070027083159,12.988930320739746,0.0011394390370696784,0.006229523196816444
221,0.023957913927733897,0.001518682116875425,0.00832794290035963,13.48060064315796,0.0027800563490018248,0.018694785237312318,0.0001429542855476029,0.004869064502418041,13.113131713867187,0.0012822231743484735,0.006294241962314118
222,0.024282233975827693,0.0017442911805119366,0.007958314195275307,14.090230751037598,0.002723086252808571,0.018817531317472456,8.51277305628173e-05,0.004610113520175219,13.587721061706542,0.0011542645515874028,0.005849505802325439
223,0.02426716312766075,0.0009903518366627395,0.008177667297422886,14.222147369384766,0.002744343806989491,0.01891154460608959,5.336241592885926e-05,0.004583704378455877,13.691590499877929,0.001219135383144021,0.005856202177528757
224,0.02383295465260744,0.0005237623801804148,0.008162051113322378,14.059783935546875,0.0026984764030203224,0.018588881939649582,4.275531355233397e-05,0.004668381903320551,13.291957092285156,0.0012143288971856237,0.005925466114058508
225,0.02336363457143307,0.0003295295340649318,0.00815215241163969,13.690141201019287,0.0027131517883390186,0.018002436310052872,0.00012085407797712833,0.004447158239781856,12.973748588562012,0.0010422030230984093,0.005610215340857394
226,0.023427538760006427,0.0006525548931676894,0.008184682950377465,13.517302703857421,0.002798550412990153,0.018529075011610985,5.316548558766954e-05,0.0048449688591063024,13.078549194335938,0.0011579482816159725,0.006056082626309945
227,0.023374302498996257,0.00047015604213811456,0.00814645541831851,13.599374294281006,0.0027867879485711454,0.018290603533387184,4.0324971632799136e-05,0.00462351469323039,13.030228805541991,0.0012333934661000966,0.005897233130963285
228,0.023465727083384992,0.0010061991750262677,0.007944990647956729,13.6551043510437,0.0027250631246715784,0.017749388143420218,0.00012426934554241598,0.00398538438603282,13.124098777770996,0.0011555395554751157,0.005265193287050352
229,0.0230075228959322,0.00028664117126027123,0.007951536728069187,13.559570598602296,0.0027061896631494164,0.018135328218340872,0.0001421557884896174,0.004521070327609777,12.887687492370606,0.0013109839987009765,0.005974210114800371
230,0.023223732598125935,0.0008138838267768734,0.008105379808694125,13.373841190338135,0.002675138460472226,0.018083402886986732,6.745713035343215e-05,0.004341279529035092,13.115361404418945,0.0011860656552016736,0.005594802314590197
231,0.023130960389971734,0.0005737012063036673,0.007742913719266653,13.679686546325684,0.002843017550185323,0.018162254616618155,9.490003285463899e-05,0.004425795935094357,13.02626304626465,0.0013254905818030239,0.00584618654975202
232,0.023067179322242736,0.0009222818131092936,0.007846300164237619,13.38340654373169,0.002752662170678377,0.017494580894708633,0.00011765370945795439,0.004145160410553217,12.780469512939453,0.001020249060820788,0.00528306318083196
233,0.023049248568713664,0.0005987108292174525,0.008006629440933466,13.416692447662353,0.0026531398296356203,0.018118148669600487,7.297181291505694e-05,0.004365198966115713,13.119514656066894,0.0011938967742025851,0.005632067553233356
234,0.02297250274568796,0.0005384355899877846,0.00788037027232349,13.496831226348878,0.002652165200561285,0.018220355734229088,0.00013304445892572402,0.004779864661395549,12.787771606445313,0.00117239102255553,0.006085300142876804
235,0.022898274846374987,0.0003524133571772836,0.008213067660108209,13.224542427062989,0.0025689158821478484,0.017202677205204964,9.248512797057628e-05,0.00400365786626935,12.615971755981445,0.0010736087802797555,0.005169751774519683
236,0.02308396864682436,0.0012176365751656703,0.007941222190856934,13.262126159667968,0.0025436023715883493,0.018201393261551856,0.00021849211188964545,0.00458502983674407,13.00445785522461,0.0010053174570202827,0.005808839405653998
237,0.02272116094827652,0.0005856602816493251,0.007657998334616422,13.543596363067627,0.002453470905311406,0.01797787509858608,5.143452144693583e-05,0.004281074088066816,13.096912002563476,0.0011483416659757496,0.005480850275489502
238,0.022903407365083693,0.0006877154228277504,0.007742625474929809,13.512718296051025,0.002608411177061498,0.01831894665956497,6.688192370347678e-05,0.004774185828864574,12.929530334472656,0.0011635785456746816,0.006004646298242733
239,0.022764286398887633,0.0005307359271682799,0.007778404047712684,13.398017978668213,0.002644991548731923,0.018016615882515907,4.738207790069282e-05,0.004662444721907378,12.793070411682129,0.0010748174972832203,0.005784644297091291
240,0.022993540018796922,0.000639977105311118,0.007905489765107632,13.467512798309325,0.0026010965928435327,0.017802230641245843,0.00015452176885446533,0.004247277695685625,12.925996589660645,0.0011033894028514625,0.005505188867391554
241,0.023051622323691845,0.0005831591144669801,0.008032543677836656,13.433807754516602,0.002587382053025067,0.017404667660593988,0.00017376195755787195,0.003874107077717781,12.902671813964844,0.00108201268594712,0.0051298817212227735
242,0.023746303841471673,0.0017655598974670283,0.00779669270850718,13.732200717926025,0.002669259253889322,0.01856214590370655,0.00029288750956766305,0.004242544062435627,13.600248527526855,0.001145818457007408,0.005681250029010698
243,0.023018482699990274,0.00045905625011073426,0.007540186308324337,13.955240154266358,0.0025870545068755746,0.018337852880358697,8.263788768090308e-05,0.004559116158634424,13.18692855834961,0.0011009766720235347,0.005742730718338862
244,0.022941437549889088,0.0006676162418443709,0.007940930174663663,13.410885429382324,0.002511627250351012,0.018129723146557808,3.605911006161477e-05,0.0046491286717355255,12.886480331420898,0.0011521679116412997,0.00583735569343844
245,0.02391271200031042,0.0017229662218596787,0.008252051938325167,13.57068452835083,0.002456983202137053,0.018582865968346594,9.378774266224354e-05,0.004384049493819475,13.472924995422364,0.0013579919934272767,0.005835829229908995
246,0.02314758226275444,0.0003371994709596038,0.007744308561086655,13.9812575340271,0.0025068320566788314,0.018397489935159682,0.00013932205765740946,0.004512959532439709,13.257783126831054,0.00111417006701231,0.005766451657109428
247,0.022873211465775967,0.0003636565728811547,0.007925240602344275,13.496805763244629,0.0025386720197275283,0.017718952894210816,7.480372150894254e-05,0.004359851498156786,12.706414794921875,0.001230567949824035,0.005665223169489765
248,0.022606052830815314,0.00035007004480576144,0.008019484579563141,13.114567470550536,0.0025939303915947674,0.017991232126951216,4.013794095953926e-05,0.004860034864395857,12.561668205261231,0.0010989193804562091,0.005999092185811606
249,0.022410067729651928,0.00030602843544329516,0.007836002949625253,13.148028755187989,0.002546042902395129,0.017410033196210862,5.874570742889773e-05,0.0041043744422495365,12.69859046936035,0.001155387982726097,0.005318508132404531
250,0.022306848131120206,0.00030448876423179173,0.0076952014118432995,13.17082176208496,0.0025771604385226967,0.017651909589767457,3.640480863396078e-05,0.0043506230227649215,12.607549667358398,0.001351066748611629,0.005738094580010511
251,0.022487113997340203,0.0008134789328323677,0.007625299366191029,13.2421480178833,0.0024258531630039215,0.017534418031573296,4.545383562799543e-05,0.003924409346655011,12.880349349975585,0.0014138630358502269,0.005383726218133234
252,0.022872440330684186,0.001225171891564969,0.00745000708848238,13.420948696136474,0.0027777950279414656,0.017760416492819786,7.513806049246341e-05,0.004171197023242712,12.957047080993652,0.0011892045848071575,0.005435539668542333
253,0.022565029561519623,0.0005893381588975899,0.007588318968191743,13.37511167526245,0.0026138588320463894,0.017677246034145354,4.16643641074188e-05,0.004330507665872574,12.775186920166016,0.001101436442695558,0.005473608472675551
254,0.022368353232741355,0.00042476306189200843,0.007723018806427717,13.203668403625489,0.0024585682898759843,0.018113383278250694,0.0003436830338614527,0.0046573390252888204,12.645213317871093,0.0012779764365404844,0.006278998495690758
255,0.022463899478316306,0.0006402401952072978,0.0076830044854432344,13.124668979644776,0.0026722101960331202,0.017121655866503716,9.945364436134697e-05,0.004013831354677677,12.516737365722657,0.00108271858189255,0.005196003580931573
256,0.022923997044563292,0.0013154939442756586,0.007721996214240789,13.203783416748047,0.0026809397153556348,0.017992070689797402,0.00014855207700747997,0.004315267223864794,12.885379409790039,0.0014342935755848885,0.0058981128764571625
257,0.022763759642839432,0.0012499156437115744,0.00723644345998764,13.6390851020813,0.0025265449192374946,0.017445386201143265,0.000221780565334484,0.0036787205375730992,13.144293212890625,0.0010229620151221753,0.004923463118029759
258,0.022587560303509235,0.0005130863370141015,0.007518415991216898,13.589670372009277,0.002445859950967133,0.017753371223807334,6.739302043570205e-05,0.004333089012652636,12.825327301025391,0.001122516393661499,0.005522998426749837
259,0.023028411902487278,0.0010435103715281003,0.007863385835662484,13.329211807250976,0.0026281166123226286,0.018228577077388765,0.0009776580845937133,0.004527909215539694,12.653047180175781,0.001117583131417632,0.006623150431551039
260,0.022702133841812612,0.0008679012767970562,0.007807285105809569,13.144684028625488,0.002632426004856825,0.017711830884218217,8.775793976383284e-05,0.004431124497205019,12.66779956817627,0.0011380534619092942,0.005656935898878146
261,0.022679895162582397,0.0007159567947383038,0.007690367987379432,13.364812183380128,0.0025334722828119992,0.01740078255534172,4.537927015917376e-05,0.0038787283934652804,12.910713195800781,0.0011773018166422843,0.005101409480266739
262,0.02274309266358614,0.0010553649699431844,0.007599698519334197,13.385938739776611,0.0024595447815954686,0.01771918945014477,4.185315119684674e-05,0.00420043608173728,12.910147285461425,0.0011753569822758436,0.00541764621520997
263,0.022322835773229598,0.0008206309292290825,0.007297931844368577,13.42083101272583,0.002387513220310211,0.01756899058818817,0.0001107910466089379,0.004004224110394717,12.93421974182129,0.0011503007961437106,0.005265315953147365
264,0.022481516934931278,0.00047771193203516304,0.007533400831744075,13.50390043258667,0.0024107181234285235,0.0174696434289217,5.787879890704062e-05,0.003919644933193922,12.955955123901367,0.0011302067199721933,0.005107730452073156
265,0.0222766499966383,0.0004403057901072316,0.0074834897182881836,13.332413005828858,0.0024811873212456704,0.017771995812654495,0.000472284946590662,0.00431433692574501,12.644548988342285,0.0011539343744516374,0.005940556246787309
266,0.02224706970155239,0.0005946246979874559,0.007678220933303237,13.037216949462891,0.002468639565631747,0.017213528603315355,5.484529974637553e-05,0.004035654664039612,12.607757949829102,0.0010853856801986694,0.005175885643984657
267,0.02252675350755453,0.0006905002010171302,0.007718058349564671,13.24864902496338,0.0024295905604958534,0.017422489821910858,7.498039922211319e-05,0.003788394434377551,12.955884170532226,0.0012814395129680633,0.005144814346567728
268,0.02203405499458313,0.0002522687427699566,0.007360859215259552,13.316683387756347,0.0024607547093182802,0.017201006412506104,0.00010535978944972157,0.004042668407782913,12.552429962158204,0.0011064572958275677,0.005254485493060202
269,0.02197553925216198,0.0002763597993180156,0.0076894522178918125,12.914725399017334,0.0024663612712174654,0.01733846068382263,5.5646731925662604e-05,0.004404398333281279,12.380121231079102,0.001052234275266528,0.00551227934047347
270,0.0222554262727499,0.0006805045646615327,0.007687251549214125,13.015426349639892,0.002424990269355476,0.017227578535676004,3.1007895449874924e-05,0.004053946025669575,12.652127075195313,0.001012003398500383,0.005096957319619833
271,0.02205390129238367,0.0005763842957094312,0.0073179985396564,13.245754146575928,0.002403911924920976,0.016901975870132445,0.00010386976937297732,0.003540694946423173,12.836312866210937,0.0009460663073696196,0.00459063102316577
272,0.02207059469074011,0.0005460789587232284,0.007252612942829728,13.321812438964844,0.0024462589994072915,0.016741330176591872,5.111867358209565e-05,0.0035298871342092754,12.68035011291504,0.0010110647417604923,0.004592070549551863
273,0.022024735622107983,0.0005665116012096405,0.007390967383980751,13.171639251708985,0.0023577450774610043,0.017045073956251145,7.391580729745328e-05,0.0038795294240117073,12.612702751159668,0.0010317670879885555,0.004985212319297716
274,0.02206505313515663,0.0006621881562750787,0.007400080934166909,13.11699686050415,0.0024337620008736847,0.017101873084902762,3.6142635508440435e-05,0.0038203642703592776,12.752169418334962,0.0010225349571555853,0.004879041863023304
275,0.021872011572122575,0.0006379010970704258,0.007132127275690436,13.22713098526001,0.0023876042803749444,0.017145852372050286,5.105995805934072e-05,0.003919338341802359,12.695890998840332,0.0010101846186444164,0.004980582918506116
276,0.02196589410305023,0.0005310791646479629,0.007361564133316278,13.121086883544923,0.0024354054359719155,0.01718236319720745,2.419703087070957e-05,0.0041045619174838064,12.505036544799804,0.0011213319608941673,0.005250090909248684
277,0.02180319242179394,0.0003463006520178169,0.007421746430918574,13.005465412139893,0.0024056603200733663,0.01725963465869427,4.2439407116035e-05,0.004241549409925938,12.497200012207031,0.0009993283543735742,0.005283317171415548
278,0.022018925845623018,0.0005093233929073903,0.007535055605694651,13.04208984375,0.002374236076138914,0.01681542806327343,4.5154399413149807e-05,0.003774123685434461,12.527638244628907,0.0009821776766330004,0.004801455761480611
279,0.02186548188328743,0.00033339844376314434,0.007427121186628938,13.097229099273681,0.002348863845691085,0.01709594838321209,4.9482117174193266e-05,0.003962651267647744,12.594410133361816,0.0010282924165949225,0.005040425801416859
280,0.0218058455735445,0.000540563826507423,0.007326240511611104,13.023151874542236,0.0023723412305116653,0.016787656769156455,3.3334405088680796e-05,0.003923459909856319,12.367960739135743,0.0009591375244781374,0.004915931839423138
281,0.021726200915873052,0.000497889680264052,0.0073358997702598575,12.960452842712403,0.0023618061561137436,0.017168490588665007,4.1553636401658876e-05,0.004141498170793056,12.525455856323243,0.0009615172166377306,0.0051445690238324454
282,0.02168237641453743,0.00044626540475292133,0.007212226279079914,13.064008235931396,0.0023660163395106794,0.01756955571472645,0.00022348080528900027,0.004368408117443323,12.61312484741211,0.0009525635279715062,0.005544452450703829
283,0.02190387099981308,0.000564882779144682,0.007394302450120449,13.059496688842774,0.0023352608550339937,0.016676580905914305,5.466247603180818e-05,0.0037708109244704246,12.435563659667968,0.000885749445296824,0.004711222845799057
284,0.02184966541826725,0.0006299205182585865,0.007224631030112505,13.054683017730714,0.0025107803987339137,0.016787263751029968,5.1346940745133905e-05,0.0037485416047275066,12.477498626708984,0.0010710986331105231,0.004870987178583164
285,0.021967441774904728,0.0010686707923014183,0.007193650398403406,13.007680797576905,0.0024635487934574485,0.01719564534723759,3.80112058337545e-05,0.004109888058155775,12.545709419250489,0.0010420821607112884,0.0051899814247008185
286,0.021729560382664204,0.0006249348298297264,0.00710488767363131,13.108655452728271,0.002407098584808409,0.01705925315618515,0.0001844616825110279,0.003751302557066083,12.70194969177246,0.00102753727696836,0.004963301516545471
287,0.021676142141222952,0.00045770194847136734,0.007042266754433512,13.204231548309327,0.002401584992185235,0.01733897626399994,0.0008969022026576567,0.003719804808497429,12.61664695739746,0.0011081448057666421,0.005724851816921728
288,0.02173136230558157,0.0005509027221705764,0.007119191670790314,13.145390796661378,0.0023826561868190766,0.016983354464173317,6.0516891971929e-05,0.0037756957113742828,12.677436065673827,0.0009999262169003488,0.00483613882024656
289,0.02152254432439804,0.00036400410535861736,0.007090660836547613,13.085713195800782,0.002328334958292544,0.01689416468143463,0.000399344887046027,0.0035896482411772014,12.498604583740235,0.0012124769855290651,0.005201470113752294
290,0.02157961931079626,0.0005802980391308665,0.00713869072496891,12.927887535095214,0.0024457823717966677,0.017092792317271233,5.527741595869884e-05,0.004100361187011003,12.41764850616455,0.0010942860040813684,0.00524992460705107
291,0.02136426027864218,0.0002235372579889372,0.0071612277533859015,12.897430610656738,0.0023876660736277698,0.016825959086418152,0.0003437171362747904,0.003878266178071499,12.32100601196289,0.0009096560068428516,0.005131639321189141
292,0.021312668547034265,0.00031634219849365766,0.007238922361284495,12.738013362884521,0.002355122659355402,0.01715209148824215,0.00027072472657891923,0.004254670534282923,12.208589363098145,0.001106937532313168,0.00563233279317501
293,0.0216292392462492,0.00038172775821294637,0.007464420655742288,12.755672931671143,0.0024365619057789443,0.01674429289996624,0.00013316011099959724,0.003824395313858986,12.335781669616699,0.00103507045423612,0.004992625879094703
294,0.02159183155745268,0.0009155756008112804,0.007059938041493297,12.866297817230224,0.0024156148312613366,0.017045465111732484,5.028327941545285e-05,0.00403295336291194,12.522231483459473,0.0009302757913246751,0.005013512433652068
295,0.021466884575784207,0.00046967899252194913,0.006977745797485113,13.073920249938965,0.0023607570677995683,0.01652921102941036,4.572767938952893e-05,0.0034842129331082105,12.5590238571167,0.0009262185776606202,0.004456159190158359
296,0.021628733724355698,0.0004546062817098573,0.00713190664537251,13.068610095977784,0.002401826740242541,0.016982733458280563,3.972702397732064e-05,0.003897680016234517,12.52145881652832,0.0010874627390876413,0.005024869779299479
297,0.021232151240110398,0.00022773041346226818,0.006978555675595998,12.956647586822509,0.002366165327839553,0.01682863011956215,3.184226843586657e-05,0.003966166637837887,12.325032043457032,0.0010430193739011883,0.005041028280174942
298,0.021443967521190644,0.0003145100810797885,0.007318928372114897,12.786373710632324,0.0023628200171515344,0.016660404577851295,7.83828174462542e-05,0.003946108184754849,12.158807754516602,0.001032593520358205,0.005057084522559308
299,0.02154250368475914,0.0008456257397483569,0.007122013112530112,12.801586246490478,0.0023921815678477286,0.01695713624358177,4.8291980056092144e-05,0.003988805692642927,12.41465072631836,0.0010590658523142338,0.005096163525013253
300,0.021293830871582032,0.00031596504559274765,0.006958501040935516,12.983006572723388,0.00238868014421314,0.016682573407888413,4.53312874014955e-05,0.003670007223263383,12.510502433776855,0.0009587941924110055,0.004674132703075884
301,0.02122180685400963,0.0003886010337737389,0.0069338168483227495,12.963554573059081,0.0022602688521146776,0.017045945674180985,3.909022416337393e-05,0.004016460943967104,12.476229858398437,0.0010674166260287166,0.005122967794159194
302,0.021154219657182692,0.0002946970067569055,0.007003154559060931,12.864324855804444,0.0022787824273109436,0.016693250834941865,3.6567241477314386e-05,0.0038124996237456797,12.340756034851074,0.0010434215189889073,0.004892488384211901
303,0.02130768559873104,0.0005422829883173109,0.007095534168183803,12.78321590423584,0.00231558654922992,0.01669621728360653,9.700113805592992e-05,0.0038624680135399105,12.305528450012208,0.0009594399016350508,0.004918909053230891
304,0.02159507628530264,0.0007452752681274433,0.007200071401894092,12.837578868865966,0.0023695759708061816,0.01685875654220581,6.564065697602927e-05,0.003822356928139925,12.47213249206543,0.0010628916090354324,0.004950889194151387
305,0.021444429643452168,0.0005949091530055739,0.00698427795432508,12.981188678741455,0.0023630160372704267,0.016700460761785507,4.964251857018098e-05,0.003624788764864206,12.51323585510254,0.0010752293281257152,0.004749660611560102
306,0.021406032145023346,0.0008032270066905767,0.006855078879743815,12.983621501922608,0.002331436099484563,0.01680683307349682,4.85298725834582e-05,0.0036873269826173784,12.643094253540038,0.0009042926598340273,0.004640149515034863
307,0.021366476267576217,0.0003951130565837957,0.006918549211695791,13.074516773223877,0.002351706731133163,0.016521251201629637,8.027866570046172e-05,0.003449189802631736,12.5414644241333,0.0009809133829548956,0.004510381851287094
308,0.021292339824140073,0.00020421984008862638,0.007093489496037364,12.931215190887452,0.0023310496704652905,0.01659938432276249,3.4207985299872236e-05,0.0037989493459463118,12.324302482604981,0.0009180557215586304,0.004751213052804814
309,0.021310555189847945,0.00044765034108422696,0.00721560837700963,12.758099174499511,0.0022260440746322274,0.016560648381710053,3.0307002452900635e-05,0.003789067454636097,12.293553924560547,0.0009257450699806213,0.004745119527069619
310,0.02157794460654259,0.0008991886898002122,0.007155747199431062,12.821305179595948,0.0023025944479741155,0.016542941704392432,8.483328638249077e-05,0.0036549016833305357,12.400743865966797,0.0008897586609236896,0.004629493630636717
311,0.021148155443370342,0.000505075283581391,0.006872072396799922,12.891139316558839,0.0022648104699328543,0.016636770963668824,7.561456950497814e-05,0.0037452984135597943,12.374670028686523,0.0009579905774444342,0.004778903560509207
312,0.021518264152109622,0.0009546653818688355,0.007038513710722327,12.848591613769532,0.0023076512152329087,0.016959968209266662,5.600975382549223e-05,0.004054408473894,12.40552635192871,0.0009440574329346418,0.005054475660654135
313,0.021174814179539682,0.0002942860737675801,0.007026901049539447,12.89040756225586,0.002220723731443286,0.016817785426974298,0.0003777850462938659,0.0037427489180117844,12.407723426818848,0.0009568415116518736,0.005077375475957524
314,0.02153520081192255,0.0009466172363318037,0.006980935810133815,12.923718929290771,0.002314474037848413,0.016973821073770524,0.0006955266449949704,0.0036470324732363222,12.534010696411134,0.0008900283835828304,0.005232587501814124
315,0.021257781237363816,0.0006077557060052641,0.0067455113865435125,13.066046810150146,0.0022846894804388284,0.01659818962216377,4.24644107624772e-05,0.003560573747381568,12.53133430480957,0.0009700979106128215,0.004573136068756867
316,0.02091693729162216,0.00040263635528390294,0.00663143778219819,13.00922737121582,0.002149906731210649,0.016757907345891,3.117857413599267e-05,0.0038369963876903057,12.473874855041505,0.0008628919254988432,0.004731066887325142
317,0.020938114449381828,0.0002438268122205045,0.0069019404705613855,12.835059642791748,0.0021584002068266274,0.01643548086285591,6.302470537775662e-05,0.003681547101587057,12.267935180664063,0.000908970064483583,0.004653541871448397
318,0.020907055214047433,0.00023898161089164205,0.006997623899951577,12.691268825531006,0.002197340759448707,0.016297250241041183,2.7839048561872916e-05,0.0036839347798377276,12.172821235656738,0.0008531494764611125,0.004564923304860713
319,0.020969566702842713,0.0005698781242244877,0.0068744997959584,12.686949062347413,0.002246355917304754,0.016774988919496536,2.360818016313715e-05,0.004072388494387269,12.21480941772461,0.0009519737563095987,0.0050479704308600045
320,0.021203733421862124,0.0008423895334999543,0.006875703809782863,12.767895412445068,0.0022778768092393876,0.016668293997645377,2.6293588598491623e-05,0.0037754070945084095,12.385242080688476,0.000988996960222721,0.004790697643329622
321,0.02126267533749342,0.0007388817532046233,0.0069054288789629934,12.89168815612793,0.0021922340732999147,0.016407380998134612,3.646688273875043e-05,0.003508623130619526,12.418481063842773,0.0009240847313776613,0.004469174744735937
322,0.021133263222873212,0.0006800923751143273,0.0067976876627653835,12.874823951721192,0.002241408382542431,0.016395300254225732,9.730556630529463e-05,0.003542569512501359,12.372599983215332,0.0008629536489024759,0.0045028287277091295
323,0.02104822639375925,0.00042074947923538276,0.0068348215892910956,12.893847846984864,0.0022183633409440517,0.01624417267739773,3.240146688767709e-05,0.0033668818417936564,12.393349647521973,0.0009354789042845368,0.0043347622129658704
324,0.0208932239562273,0.0002882165354094468,0.006761931162327528,12.8517991065979,0.0022707693045958877,0.016293809935450553,6.298152729868888e-05,0.003569496190175414,12.263490867614745,0.0008586621144786478,0.0044911398319527505
325,0.020912780426442623,0.00021179667528485878,0.006992759136483073,12.729342174530029,0.0021695609437301757,0.016567865014076234,2.3814772794139573e-05,0.0039150559343397616,12.174654579162597,0.0009324937127530575,0.004871364419886959
326,0.02077486626803875,0.0003343593685713131,0.006826005782932043,12.672485637664796,0.002218389278277755,0.01632145754992962,2.4428352116956375e-05,0.003639756888151169,12.201091003417968,0.0009367908351123333,0.0046009760753804585
327,0.021012856625020504,0.00024010167689993977,0.007006209809333086,12.691525840759278,0.0023901388980448247,0.016447997465729714,3.115879517281428e-05,0.003777709882706404,12.197970581054687,0.0009134724736213684,0.004722341151500586
328,0.020776126347482205,0.00022584620819543488,0.006874692114070058,12.691606521606445,0.0021938074380159376,0.016182027757167816,4.383756822790019e-05,0.0035568212624639273,12.156047821044922,0.0008944769157096744,0.004495135746401502
329,0.02081478163599968,0.00044347809307510033,0.006868065148591995,12.59278974533081,0.0022643727832473816,0.016370513662695884,3.649964492069557e-05,0.0038393646478652953,12.065237998962402,0.000895320693962276,0.004771184986748267
330,0.020897279679775237,0.0006217964910320006,0.006938988342881203,12.5232985496521,0.0022481881198473273,0.01636497490108013,5.863635306013748e-05,0.003786661010235548,12.062200736999511,0.0009735909290611744,0.0048188882923568595
331,0.021004544384777547,0.000504714748240076,0.00699407821521163,12.582616233825684,0.0023509840946644546,0.016364171728491785,3.542885679053143e-05,0.0037922215182334186,12.1240234375,0.0008604232338257134,0.0046880736088496635
332,0.02094089090824127,0.0004644407359592151,0.0069425931666046384,12.64894666671753,0.0022342596901580693,0.016380344331264497,2.848690201062709e-05,0.0036859240382909773,12.189923095703126,0.0009805070934817196,0.004694918033783324
333,0.020807626098394393,0.0005148488999111578,0.006741136824712157,12.678065872192382,0.0022619970142841337,0.016634296253323556,6.238112837309018e-05,0.00397176961414516,12.157026290893555,0.0009486186550930143,0.004982769397611265
334,0.02103789746761322,0.0010087824790389276,0.006766447145491838,12.636753940582276,0.0022606085054576396,0.016162100434303283,2.5191754684783518e-05,0.003530776174739003,12.146546173095704,0.0009443622780963779,0.0045003302075201645
335,0.021011941693723203,0.0008377649573958479,0.006827399134635925,12.64820375442505,0.0022349111968651414,0.01634974367916584,9.862472761597018e-05,0.003650021646171808,12.173897743225098,0.0009530244627967477,0.004701670836584526
336,0.02068219520151615,0.00034462604235159234,0.006739780819043517,12.69157133102417,0.002157059428282082,0.016278797388076784,5.151147925062105e-05,0.0035399779211729766,12.243263244628906,0.0009395992499776184,0.004531088650401216
337,0.020737954042851926,0.0002906519468524493,0.006812232173979282,12.69629945755005,0.0021681915270164607,0.01632816679775715,2.9119969985913487e-05,0.0036410524044185877,12.210120391845702,0.0009248656337149441,0.004595038008119445
338,0.020855651050806046,0.0007077046189806424,0.006730372132733464,12.688733673095703,0.002165384171530604,0.0161257803440094,2.854620361176785e-05,0.0034517580177634956,12.188549423217774,0.0009423969779163599,0.004422701199291623
339,0.020723032392561437,0.0004420694342115894,0.006682433094829321,12.684928226470948,0.0022692716214805842,0.016300121322274208,2.7005403353541624e-05,0.0036117461044341327,12.224539756774902,0.0009006645530462265,0.0045394160608339005
340,0.020899383910000326,0.00034119162446586413,0.006812284467741847,12.760728740692139,0.0023115493124350904,0.016376803815364837,2.24822430027416e-05,0.003707649931311607,12.227273178100585,0.0008612761972472072,0.004591408371561556
341,0.02065983284264803,0.00027070753203588537,0.00667331488803029,12.7288987159729,0.0022445299662649633,0.016014745458960533,5.134476341481786e-05,0.003365256870165467,12.173909759521484,0.0008998130913823843,0.004316414724962669
342,0.02061226647347212,0.00035657889166031966,0.006693115644156933,12.651936435699463,0.0021778494119644165,0.01656215563416481,9.653341403463856e-05,0.0039280003402382135,12.126882934570313,0.000918008922599256,0.004942542676872108
343,0.020583561062812804,0.0002302849581610644,0.006755047617480159,12.611189842224121,0.0022043613251298668,0.015825027599930763,2.445296704536304e-05,0.0033238417003303767,12.068361854553222,0.0008411948918364942,0.004189489559212234
344,0.02073485590517521,0.0004269263859896455,0.006843330711126328,12.55802412033081,0.0022400740534067156,0.016194992884993552,2.1639663464156912e-05,0.0036447106394916773,12.0845516204834,0.0009098197566345334,0.004576170059590367
345,0.020809634402394295,0.0006877106410684064,0.006749223684892058,12.602722358703613,0.002227665134705603,0.01621655896306038,2.6481311215320603e-05,0.0036925653461366893,12.10494155883789,0.0008116214536130429,0.004530668110965053
346,0.020711759477853774,0.0004404617939144373,0.006797714438289404,12.595766258239745,0.002196093532256782,0.01631438322365284,0.0001609321181604173,0.0037227554712444544,12.08170394897461,0.0008589155273512006,0.0047426031167560724
347,0.020539893209934233,0.0003465958710876293,0.006654522428289056,12.595898914337159,0.0022323463344946504,0.016355984658002854,2.4964979820651935e-05,0.0037862421944737435,12.103913497924804,0.0009066912229172885,0.004717898397211684
348,0.020587460324168205,0.000632812700496288,0.006603626441210509,12.624903392791747,0.0020850467728450893,0.016114543378353118,2.5050923068192787e-05,0.0034897975157946346,12.158272171020508,0.0009078953647986054,0.004422743803661432
349,0.02076140623539686,0.0003051165367651265,0.0068480731453746556,12.680192470550537,0.0021611627307720482,0.01617800034582615,2.478309761499986e-05,0.0034712867345660925,12.220582580566406,0.000947478786110878,0.00444354861829197
350,0.02060167659074068,0.00030592506154789587,0.006625584885478019,12.722318840026855,0.0022016196977347135,0.015987549722194672,3.065225246245973e-05,0.0033428559079766275,12.206764221191406,0.0008452053647488355,0.0042187135251879225
351,0.020343318954110144,0.0002708627129322849,0.006459040800109506,12.705873775482178,0.002085944637656212,0.01618643179535866,3.1475503783440216e-05,0.003539941878989339,12.191718482971192,0.0008780677220784127,0.0044494851048511915
352,0.020681818202137946,0.0008533200300007593,0.006475852942094207,12.687505626678467,0.002183598221745342,0.016195612400770186,3.06859532429371e-05,0.0035763054620474577,12.181182098388671,0.0008455620030872524,0.004452553418377647
353,0.020795394852757453,0.00048003026167862115,0.006830690428614616,12.679564571380615,0.002090249536558986,0.016098425537347794,2.5463136262260376e-05,0.0034350468311458828,12.226868629455566,0.0008475532638840377,0.004308063231292181
354,0.02032395787537098,0.00025569231293047777,0.006423542974516749,12.729408454895019,0.002086318621877581,0.016149674355983735,7.647300080861896e-05,0.0034241183195263146,12.2299222946167,0.0009147953474894166,0.00441538666782435
355,0.020665375515818596,0.00033319923386443406,0.006712776655331254,12.691884326934815,0.00218822886236012,0.01625412590801716,3.200552600901574e-05,0.0036186704412102698,12.183988952636719,0.0008709254441782832,0.004521601411397569
356,0.02049263808876276,0.0003056784269574564,0.00662585380487144,12.62253942489624,0.0021828096127137543,0.01630511097609997,0.00023368328402284533,0.0036142713855952025,12.135350036621094,0.0008772952947765589,0.004725249964394607
357,0.020408092811703683,0.00012328453594818712,0.006628161203116179,12.612141132354736,0.0022122964030131696,0.01604259479790926,2.6792430071509442e-05,0.0035037743393331764,12.08442726135254,0.0008819927694275975,0.004412559538832283
358,0.02078454550355673,0.00038815105799585583,0.0069222676102072,12.569405937194825,0.002197591378353536,0.01617635041475296,2.713816193136154e-05,0.003649275517091155,12.078542900085449,0.0008699227590113878,0.004546336438033904
359,0.020420550368726254,0.0002772215586446691,0.006691416725516319,12.54656400680542,0.002087916317395866,0.016281643137335777,2.8996323817409574e-05,0.003785810573026538,12.055435943603516,0.0008517950540408492,0.0046666019508847965
360,0.020461587980389596,0.00031365825270768255,0.006673018867149949,12.545865058898926,0.0021717494120821355,0.015809137374162674,2.7226709062233567e-05,0.003329148003831506,12.059403038024902,0.000813945266418159,0.0041703199793118985
361,0.02037401534616947,0.00014915949068381452,0.006717961747199297,12.546775627136231,0.002069395314902067,0.016228127852082254,6.197958973643835e-05,0.003717792686074972,12.044819259643555,0.0008690505055710673,0.004648822781382478
362,0.020580574311316012,0.000223403048585169,0.006836785608902574,12.527584266662597,0.0022090043756179513,0.0160620030015707,2.0312334527261555e-05,0.0035443622153252365,12.046119499206544,0.0009227285627275705,0.004487403112580069
363,0.020532529801130295,0.00017373904192936608,0.006828543217852712,12.510592365264893,0.0022130470722913744,0.01593204066157341,2.7564071206143127e-05,0.0034426395315676926,12.033485794067383,0.0008842647541314364,0.004354468356905272
364,0.020334460586309434,0.00028087543832953086,0.006609096797183156,12.506037998199464,0.0021577754057943823,0.015866157412528992,4.213740721752402e-05,0.003401575842872262,12.001865005493164,0.0008832949097268283,0.004327008159816614
365,0.020592525973916052,0.00027723492530640215,0.006828693300485611,12.507686328887939,0.00223505727481097,0.01614909656345844,5.937130772508681e-05,0.003654383402317762,12.012973403930664,0.0009041062323376537,0.004617860942380502
366,0.02056505922228098,0.0004484649412916042,0.00674714520573616,12.47792615890503,0.0022315100533887742,0.015850362554192542,2.044276843662374e-05,0.003370042238384485,12.019875717163085,0.0009004459483548999,0.004290930955176009
367,0.02058009020984173,0.0004955377720762044,0.00673318156041205,12.496033477783204,0.0022062110947445035,0.015891854465007783,2.362734194321092e-05,0.0034323779866099356,12.020770263671874,0.0008537854650057852,0.004309790793558931
368,0.020268908143043517,0.00019751337458728813,0.006613589823246002,12.516502189636231,0.0020801168866455555,0.01622781828045845,8.402119456150104e-05,0.003712172340601683,12.025339508056641,0.0008965898188762367,0.004692783354039421
369,0.02031314354389906,0.0002536591455282178,0.006591752078384161,12.504250621795654,0.0021806212142109873,0.015857256948947906,1.9584390611271373e-05,0.0034407188184559347,12.001838493347169,0.0008098143269307911,0.004270117535997997
370,0.020572269149124623,0.0005070962077297736,0.0067276271991431715,12.505121994018555,0.0021719424054026603,0.015943101793527602,2.3047063587000592e-05,0.003527723532170057,11.989992904663087,0.0008277235319837928,0.004378494127740851
371,0.0206800676882267,0.0006289533223025501,0.006783369416370988,12.506739902496339,0.0021509623154997827,0.01583792418241501,7.69264323025709e-05,0.003347507445141673,12.022656631469726,0.0008585939183831214,0.004283027795827366
372,0.020233625173568727,0.0002901980282331351,0.006482752971351147,12.518260765075684,0.002175023593008518,0.015790551155805587,2.1981156896799804e-05,0.0033203202299773695,12.032688522338868,0.0008531026192940772,0.004195404006168246
373,0.020623942278325556,0.0009463834223424783,0.006563415564596653,12.525858116149902,0.0021229540230706333,0.016127588972449303,2.8897829179186373e-05,0.0036231527104973794,12.038201332092285,0.0009035696741193533,0.004555620213795919
374,0.02059200406074524,0.0003591598397179041,0.0067790566943585874,12.530552959442138,0.0022056285524740815,0.016038128361105918,6.925635498191695e-05,0.003530934639275074,12.048553466796875,0.0008480240125209093,0.0044482150067779004
375,0.020525016263127326,0.0001696797291515395,0.006772566912695765,12.5546124458313,0.0022259932477027176,0.015953248366713524,2.4198064784286545e-05,0.003468195255845785,12.045118713378907,0.0008556688902899623,0.004348062210920034
376,0.020373842120170592,0.0002404073835350573,0.006639572279527784,12.521960926055907,0.0021842096466571093,0.016253262385725976,6.91902132530231e-05,0.003755702031776309,12.029643058776855,0.0008666436769999564,0.004691535922029288
377,0.020483458787202834,0.0002459078088577371,0.006773039605468512,12.515786075592041,0.002143357053864747,0.016002649441361427,0.00016810204288049136,0.0034431857522577046,12.028553581237793,0.000893716188147664,0.00450500398328586
378,0.02064900193363428,0.00041035531103261746,0.006800251314416528,12.526651287078858,0.0022338425274938344,0.015879246592521667,2.2346612604451364e-05,0.003404060425236821,12.036589241027832,0.000854846672154963,0.004281253709996236
379,0.02048163451254368,0.00018981458342750556,0.006755569903180003,12.524648666381836,0.0022130166413262486,0.015973081439733507,2.0049859085702337e-05,0.003490561293438077,12.040204429626465,0.0008645803667604923,0.0043751915192842715
380,0.020309767872095107,0.0003060965085751377,0.00655679851770401,12.516973114013672,0.0021658943267539145,0.016019205376505852,2.1366168948588892e-05,0.0035161123145371676,12.045778274536133,0.0008932610508054495,0.004430739534291206
381,0.020523058995604516,0.00021122594480402768,0.0067618838511407375,12.537451457977294,0.0022362205665558575,0.015897369012236595,3.906688943970949e-05,0.0034198053646832703,12.041497039794923,0.0008330630022101104,0.00429193525633309
382,0.020485799014568328,0.0004176384296442848,0.006682955008000135,12.518008613586426,0.002152031648438424,0.016061055287718774,2.0851666340604426e-05,0.00356453456915915,12.045074653625488,0.0008820407558232546,0.004467426991323009
383,0.02067658007144928,0.000689014745876193,0.0067237384617328646,12.523258495330811,0.0021701506339013577,0.016028034687042236,3.15694538585376e-05,0.0035258195362985133,12.05036735534668,0.0008721248828805983,0.0044295138730376495
384,0.020467556826770306,0.0002647198525664862,0.0066996737848967316,12.533904552459717,0.0022032354725524785,0.016106069833040238,3.470287701929919e-05,0.0036035929806530476,12.051263046264648,0.0008677234291099012,0.004506019286782248
385,0.02036188282072544,0.00028954999870620666,0.006594536872580647,12.537382793426513,0.0021703748498111963,0.015952760353684425,2.629767986945808e-05,0.003458163654431701,12.051462554931641,0.0008599702036008239,0.004344431537901983
386,0.020289600268006323,0.0003997219755547121,0.006514084385707974,12.537572479248047,0.0020761626306921243,0.015705146268010138,2.121753896062728e-05,0.0032266003079712393,12.050589561462402,0.0008346934686414897,0.004082511315573356
387,0.02037134990096092,0.0003690299781737849,0.006583729712292552,12.539571762084961,0.0021270654047839343,0.01609700806438923,0.00017979897165787406,0.0035342824179679156,12.051763534545898,0.0008421238977462054,0.004556205287371995
388,0.020790414325892924,0.0008669771836139262,0.006716484436765313,12.530057907104492,0.0022207651752978565,0.01598982997238636,2.4645970916026273e-05,0.003504643077030778,12.057022094726562,0.0008316823397763074,0.004360971387723111
389,0.020238591358065605,0.00017131999775301665,0.006528222048655152,12.542221546173096,0.0021649742731824516,0.016006965562701224,5.11890793859493e-05,0.0035088971722871064,12.059632873535156,0.0008256815141066909,0.0043857677657797465
390,0.020279526151716708,0.0003432862591580488,0.006470031198114156,12.5608699798584,0.0021539627108722926,0.015995033830404282,1.9385729319765233e-05,0.0034772680141031743,12.06053466796875,0.0008950756629928947,0.004391729406415835
391,0.020420220494270325,0.00013832925324095414,0.006718935258686542,12.547642517089844,0.0021689553163014353,0.016044146195054055,2.0667051830969286e-05,0.0035681700799614193,12.060262680053711,0.0008107588277198374,0.004399595959512226
392,0.020457980595529078,0.0002643247149535455,0.006679961131885648,12.538871669769287,0.0022139688953757286,0.01599244065582752,2.7196785958949475e-05,0.0034960078075528143,12.059298324584962,0.0008470725966617465,0.00437027719017351
393,0.020251655392348765,0.0001982633584702853,0.00653274254873395,12.545158195495606,0.002149244351312518,0.0160015344619751,8.627430652268231e-05,0.0034543279092758895,12.058088874816894,0.000891958677675575,0.0044325608934741466
394,0.02032779734581709,0.0003046617050131317,0.006540762819349765,12.562929344177245,0.002143546775914729,0.015991074591875078,2.7580480673350393e-05,0.0034788665827363728,12.05792465209961,0.0008809848106466234,0.004387431874056346
395,0.020555559359490872,0.00021445856327773072,0.006821511359885335,12.54974431991577,0.0021541482070460915,0.015960654243826866,3.056888526771217e-05,0.0034653161652386188,12.058187484741211,0.0008437328855507076,0.004339617936057039
396,0.02033269628882408,0.0001740747429721523,0.0065727709792554375,12.571346950531005,0.002203081746120006,0.01605190336704254,2.460243194946088e-05,0.003546279715374112,12.057463836669921,0.0008717156364582479,0.004442597783781821
397,0.020432287827134132,0.00019035038640140555,0.006668791547417641,12.564573383331298,0.0022074953885748982,0.015857590176165105,3.0924551174393856e-05,0.003344472823664546,12.056474685668945,0.0008823605719953775,0.004257757946834318
398,0.020345514826476573,0.0004354155527835246,0.006504605617374181,12.55951099395752,0.0021273809135891495,0.015983085706830026,2.156900300178677e-05,0.0034974627662450073,12.055754470825196,0.0008381672203540802,0.004357198989600874
399,0.020340130664408207,0.0004450203268788755,0.00647419267334044,12.554931449890137,0.002176991547457874,0.015885001793503762,3.188734226569068e-05,0.0033880204893648623,12.055807304382324,0.0008504603640176356,0.004270368195648189
400,0.020452984049916266,0.00032738419613451695,0.006660810532048344,12.562429332733155,0.0021321034291759133,0.015974254161119462,3.066063582082279e-05,0.0034719824325293303,12.055511093139648,0.0008628604933619499,0.004365503561712103
