sample_id,curve_id,load_case,deployment,response_axis,step,force,displacement,signed_force,signed_displacement,converged,final_load,reference_stiffness,target_linear_displacement
miura_00002,0,bending,0.3,z,1,63.9985598837643,0.000166670500059933,-63.9985598837643,-0.000166670500059933,1,3839.91359302586,383991.359302586,0.01
miura_00002,0,bending,0.3,z,2,127.997119767529,0.000333369898252927,-127.997119767529,-0.000333369898252927,1,3839.91359302586,383991.359302586,0.01
miura_00002,0,bending,0.3,z,3,191.995679651293,0.000500125395968544,-191.995679651293,-0.000500125395968544,1,3839.91359302586,383991.359302586,0.01
miura_00002,0,bending,0.3,z,4,255.994239535057,0.000666964197481996,-255.994239535057,-0.000666964197481996,1,3839.91359302586,383991.359302586,0.01
miura_00002,0,bending,0.3,z,5,319.992799418822,0.000833913618319925,-319.992799418822,-0.000833913618319925,1,3839.91359302586,383991.359302586,0.01
miura_00002,0,bending,0.3,z,6,383.991359302586,0.00100100111593755,-383.991359302586,-0.00100100111593755,1,3839.91359302586,383991.359302586,0.01
miura_00002,0,bending,0.3,z,7,447.98991918635,0.0011682543208322,-447.98991918635,-0.0011682543208322,1,3839.91359302586,383991.359302586,0.01
miura_00002,0,bending,0.3,z,8,511.988479070115,0.00133570106806619,-511.988479070115,-0.00133570106806619,1,3839.91359302586,383991.359302586,0.01
miura_00002,0,bending,0.3,z,9,575.987038953879,0.00150336942937259,-575.987038953879,-0.00150336942937259,1,3839.91359302586,383991.359302586,0.01
miura_00002,0,bending,0.3,z,10,639.985598837643,0.00167128774578511,-639.985598837643,-0.00167128774578511,1,3839.91359302586,383991.359302586,0.01
miura_00002,0,bending,0.3,z,11,703.984158721408,0.00183948466098092,-703.984158721408,-0.00183948466098092,1,3839.91359302586,383991.359302586,0.01
miura_00002,0,bending,0.3,z,12,767.982718605172,0.00200798915533787,-767.982718605172,-0.00200798915533787,1,3839.91359302586,383991.359302586,0.01
miura_00002,0,bending,0.3,z,13,831.981278488936,0.00217683058080614,-831.981278488936,-0.00217683058080614,1,3839.91359302586,383991.359302586,0.01
miura_00002,0,bending,0.3,z,14,895.979838372701,0.00234603869666687,-895.979838372701,-0.00234603869666687,1,3839.91359302586,383991.359302586,0.01
miura_00002,0,bending,0.3,z,15,959.978398256465,0.00251564370626597,-959.978398256465,-0.00251564370626597,1,3839.91359302586,383991.359302586,0.01
miura_00002,0,bending,0.3,z,16,1023.97695814023,0.00268567629477183,-1023.97695814023,-0.00268567629477183,1,3839.91359302586,383991.359302586,0.01
miura_00002,0,bending,0.3,z,17,1087.97551802399,0.00285616766808887,-1087.97551802399,-0.00285616766808887,1,3839.91359302586,383991.359302586,0.01
miura_00002,0,bending,0.3,z,18,1151.97407790776,0.00302714959296356,-1151.97407790776,-0.00302714959296356,1,3839.91359302586,383991.359302586,0.01
miura_00002,0,bending,0.3,z,19,1215.97263779152,0.00319865443840553,-1215.97263779152,-0.00319865443840553,1,3839.91359302586,383991.359302586,0.01
miura_00002,0,bending,0.3,z,20,1279.97119767529,0.00337071521849358,-1279.97119767529,-0.00337071521849358,1,3839.91359302586,383991.359302586,0.01
miura_00002,0,bending,0.3,z,21,1343.96975755905,0.00354336563667604,-1343.96975755905,-0.00354336563667604,1,3839.91359302586,383991.359302586,0.01
miura_00002,0,bending,0.3,z,22,1407.96831744282,0.00371664013165592,-1407.96831744282,-0.00371664013165592,1,3839.91359302586,383991.359302586,0.01
miura_00002,0,bending,0.3,z,23,1471.96687732658,0.00389057392496022,-1471.96687732658,-0.00389057392496022,1,3839.91359302586,383991.359302586,0.01
miura_00002,0,bending,0.3,z,24,1535.96543721034,0.00406520307031609,-1535.96543721034,-0.00406520307031609,1,3839.91359302586,383991.359302586,0.01
miura_00002,0,bending,0.3,z,25,1599.96399709411,0.00424056450491939,-1599.96399709411,-0.00424056450491939,1,3839.91359302586,383991.359302586,0.01
miura_00002,0,bending,0.3,z,26,1663.96255697787,0.00441669610275501,-1663.96255697787,-0.00441669610275501,1,3839.91359302586,383991.359302586,0.01
miura_00002,0,bending,0.3,z,27,1727.96111686164,0.0045936367300342,-1727.96111686164,-0.0045936367300342,1,3839.91359302586,383991.359302586,0.01
miura_00002,0,bending,0.3,z,28,1791.9596767454,0.00477142630292419,-1791.9596767454,-0.00477142630292419,1,3839.91359302586,383991.359302586,0.01
miura_00002,0,bending,0.3,z,29,1855.95823662917,0.00495010584769578,-1855.95823662917,-0.00495010584769578,1,3839.91359302586,383991.359302586,0.01
miura_00002,0,bending,0.3,z,30,1919.95679651293,0.00512971756342163,-1919.95679651293,-0.00512971756342163,1,3839.91359302586,383991.359302586,0.01
miura_00002,0,bending,0.3,z,31,1983.95535639669,0.00531030488734906,-1983.95535639669,-0.00531030488734906,1,3839.91359302586,383991.359302586,0.01
miura_00002,0,bending,0.3,z,32,2047.95391628046,0.00549191256319354,-2047.95391628046,-0.00549191256319354,1,3839.91359302586,383991.359302586,0.01
miura_00002,0,bending,0.3,z,33,2111.95247616422,0.00567458671240694,-2111.95247616422,-0.00567458671240694,1,3839.91359302586,383991.359302586,0.01
miura_00002,0,bending,0.3,z,34,2175.95103604799,0.00585837490867308,-2175.95103604799,-0.00585837490867308,1,3839.91359302586,383991.359302586,0.01
miura_00002,0,bending,0.3,z,35,2239.94959593175,0.00604332625578082,-2239.94959593175,-0.00604332625578082,1,3839.91359302586,383991.359302586,0.01
miura_00002,0,bending,0.3,z,36,2303.94815581552,0.00622949146907787,-2303.94815581552,-0.00622949146907787,1,3839.91359302586,383991.359302586,0.01
miura_00002,0,bending,0.3,z,37,2367.94671569928,0.00641692296071999,-2367.94671569928,-0.00641692296071999,1,3839.91359302586,383991.359302586,0.01
miura_00002,0,bending,0.3,z,38,2431.94527558304,0.00660567492889858,-2431.94527558304,-0.00660567492889858,1,3839.91359302586,383991.359302586,0.01
miura_00002,0,bending,0.3,z,39,2495.94383546681,0.00679580345132658,-2495.94383546681,-0.00679580345132658,1,3839.91359302586,383991.359302586,0.01
miura_00002,0,bending,0.3,z,40,2559.94239535057,0.00698736658315743,-2559.94239535057,-0.00698736658315743,1,3839.91359302586,383991.359302586,0.01
miura_00002,0,bending,0.3,z,41,2623.94095523434,0.00718042445965285,-2623.94095523434,-0.00718042445965285,1,3839.91359302586,383991.359302586,0.01
miura_00002,0,bending,0.3,z,42,2687.9395151181,0.00737503940381829,-2687.9395151181,-0.00737503940381829,1,3839.91359302586,383991.359302586,0.01
miura_00002,0,bending,0.3,z,43,2751.93807500187,0.0075712760393038,-2751.93807500187,-0.0075712760393038,1,3839.91359302586,383991.359302586,0.01
miura_00002,0,bending,0.3,z,44,2815.93663488563,0.00776920140886617,-2815.93663488563,-0.00776920140886617,1,3839.91359302586,383991.359302586,0.01
miura_00002,0,bending,0.3,z,45,2879.93519476939,0.00796888509869134,-2879.93519476939,-0.00796888509869134,1,3839.91359302586,383991.359302586,0.01
miura_00002,0,bending,0.3,z,46,2943.93375465316,0.00817039936890257,-2943.93375465316,-0.00817039936890257,1,3839.91359302586,383991.359302586,0.01
miura_00002,0,bending,0.3,z,47,3007.93231453692,0.0083738192906035,-3007.93231453692,-0.0083738192906035,1,3839.91359302586,383991.359302586,0.01
miura_00002,0,bending,0.3,z,48,3071.93087442069,0.00857922288978064,-3071.93087442069,-0.00857922288978064,1,3839.91359302586,383991.359302586,0.01
miura_00002,0,bending,0.3,z,49,3135.92943430445,0.00878669129847468,-3135.92943430445,-0.00878669129847468,1,3839.91359302586,383991.359302586,0.01
miura_00002,0,bending,0.3,z,50,3199.92799418822,0.00899630891356843,-3199.92799418822,-0.00899630891356843,1,3839.91359302586,383991.359302586,0.01
miura_00002,0,bending,0.3,z,51,3263.92655407198,0.00920816356361728,-3263.92655407198,-0.00920816356361728,1,3839.91359302586,383991.359302586,0.01
miura_00002,0,bending,0.3,z,52,3327.92511395575,0.00942234668411667,-3327.92511395575,-0.00942234668411667,1,3839.91359302586,383991.359302586,0.01
miura_00002,0,bending,0.3,z,53,3391.92367383951,0.00963895350165582,-3391.92367383951,-0.00963895350165582,1,3839.91359302586,383991.359302586,0.01
miura_00002,0,bending,0.3,z,54,3455.92223372327,0.00985808322737951,-3455.92223372327,-0.00985808322737951,1,3839.91359302586,383991.359302586,0.01
miura_00002,0,bending,0.3,z,55,3519.92079360704,0.0100798392602236,-3519.92079360704,-0.0100798392602236,1,3839.91359302586,383991.359302586,0.01
miura_00002,0,bending,0.3,z,56,3583.9193534908,0.010304329400377,-3583.9193534908,-0.010304329400377,1,3839.91359302586,383991.359302586,0.01
miura_00002,0,bending,0.3,z,57,3647.91791337457,0.0105316660734486,-3647.91791337457,-0.0105316660734486,1,3839.91359302586,383991.359302586,0.01
miura_00002,0,bending,0.3,z,58,3711.91647325833,0.0107619665657985,-3711.91647325833,-0.0107619665657985,1,3839.91359302586,383991.359302586,0.01
miura_00002,0,bending,0.3,z,59,3775.9150331421,0.0109953532715024,-3775.9150331421,-0.0109953532715024,1,3839.91359302586,383991.359302586,0.01
miura_00002,0,bending,0.3,z,60,3839.91359302586,0.0112319539514241,-3839.91359302586,-0.0112319539514241,1,3839.91359302586,383991.359302586,0.01
miura_00002,1,bending,0.6,z,1,27.9061575901442,0.000166687220847942,-27.9061575901442,-0.000166687220847942,1,1674.36945540865,167436.945540865,0.01
miura_00002,1,bending,0.6,z,2,55.8123151802883,0.00033343410515031,-55.8123151802883,-0.00033343410515031,1,1674.36945540865,167436.945540865,0.01
miura_00002,1,bending,0.6,z,3,83.7184727704325,0.000500249698220314,-83.7184727704325,-0.000500249698220314,1,1674.36945540865,167436.945540865,0.01
miura_00002,1,bending,0.6,z,4,111.624630360577,0.000667142599291055,-111.624630360577,-0.000667142599291055,1,1674.36945540865,167436.945540865,0.01
miura_00002,1,bending,0.6,z,5,139.530787950721,0.000834121427649906,-139.530787950721,-0.000834121427649906,1,1674.36945540865,167436.945540865,0.01
miura_00002,1,bending,0.6,z,6,167.436945540865,0.00100119482318285,-167.436945540865,-0.00100119482318285,1,1674.36945540865,167436.945540865,0.01
miura_00002,1,bending,0.6,z,7,195.343103131009,0.00116837144690562,-195.343103131009,-0.00116837144690562,1,1674.36945540865,167436.945540865,0.01
miura_00002,1,bending,0.6,z,8,223.249260721153,0.00133565998153212,-223.249260721153,-0.00133565998153212,1,1674.36945540865,167436.945540865,0.01
miura_00002,1,bending,0.6,z,9,251.155418311298,0.00150306913193002,-251.155418311298,-0.00150306913193002,1,1674.36945540865,167436.945540865,0.01
miura_00002,1,bending,0.6,z,10,279.061575901442,0.00167060762572062,-279.061575901442,-0.00167060762572062,1,1674.36945540865,167436.945540865,0.01
miura_00002,1,bending,0.6,z,11,306.967733491586,0.00183828421378374,-306.967733491586,-0.00183828421378374,1,1674.36945540865,167436.945540865,0.01
miura_00002,1,bending,0.6,z,12,334.87389108173,0.00200610767076884,-334.87389108173,-0.00200610767076884,1,1674.36945540865,167436.945540865,0.01
miura_00002,1,bending,0.6,z,13,362.780048671874,0.00217408679566657,-362.780048671874,-0.00217408679566657,1,1674.36945540865,167436.945540865,0.01
miura_00002,1,bending,0.6,z,14,390.686206262018,0.00234223041228465,-390.686206262018,-0.00234223041228465,1,1674.36945540865,167436.945540865,0.01
miura_00002,1,bending,0.6,z,15,418.592363852163,0.00251054736981221,-418.592363852163,-0.00251054736981221,1,1674.36945540865,167436.945540865,0.01
miura_00002,1,bending,0.6,z,16,446.498521442307,0.00267904654329166,-446.498521442307,-0.00267904654329166,1,1674.36945540865,167436.945540865,0.01
miura_00002,1,bending,0.6,z,17,474.404679032451,0.00284773683415769,-474.404679032451,-0.00284773683415769,1,1674.36945540865,167436.945540865,0.01
miura_00002,1,bending,0.6,z,18,502.310836622595,0.00301662717073561,-502.310836622595,-0.00301662717073561,1,1674.36945540865,167436.945540865,0.01
miura_00002,1,bending,0.6,z,19,530.216994212739,0.00318572650872329,-530.216994212739,-0.00318572650872329,1,1674.36945540865,167436.945540865,0.01
miura_00002,1,bending,0.6,z,20,558.123151802883,0.00335504383170182,-558.123151802883,-0.00335504383170182,1,1674.36945540865,167436.945540865,0.01
miura_00002,1,bending,0.6,z,21,586.029309393028,0.00352458815161783,-586.029309393028,-0.00352458815161783,1,1674.36945540865,167436.945540865,0.01
miura_00002,1,bending,0.6,z,22,613.935466983172,0.00369436850924117,-613.935466983172,-0.00369436850924117,1,1674.36945540865,167436.945540865,0.01
miura_00002,1,bending,0.6,z,23,641.841624573316,0.003864393974632,-641.841624573316,-0.003864393974632,1,1674.36945540865,167436.945540865,0.01
miura_00002,1,bending,0.6,z,24,669.74778216346,0.00403467364762574,-669.74778216346,-0.00403467364762574,1,1674.36945540865,167436.945540865,0.01
miura_00002,1,bending,0.6,z,25,697.653939753604,0.00420521665823861,-697.653939753604,-0.00420521665823861,1,1674.36945540865,167436.945540865,0.01
miura_00002,1,bending,0.6,z,26,725.560097343748,0.00437603216711811,-725.560097343748,-0.00437603216711811,1,1674.36945540865,167436.945540865,0.01
miura_00002,1,bending,0.6,z,27,753.466254933893,0.00454712936596851,-753.466254933893,-0.00454712936596851,1,1674.36945540865,167436.945540865,0.01
miura_00002,1,bending,0.6,z,28,781.372412524037,0.00471851747795085,-781.372412524037,-0.00471851747795085,1,1674.36945540865,167436.945540865,0.01
miura_00002,1,bending,0.6,z,29,809.278570114181,0.00489020575807468,-809.278570114181,-0.00489020575807468,1,1674.36945540865,167436.945540865,0.01
miura_00002,1,bending,0.6,z,30,837.184727704325,0.00506220349358014,-837.184727704325,-0.00506220349358014,1,1674.36945540865,167436.945540865,0.01
miura_00002,1,bending,0.6,z,31,865.090885294469,0.00523452000429608,-865.090885294469,-0.00523452000429608,1,1674.36945540865,167436.945540865,0.01
miura_00002,1,bending,0.6,z,32,892.997042884614,0.00540716464299921,-892.997042884614,-0.00540716464299921,1,1674.36945540865,167436.945540865,0.01
miura_00002,1,bending,0.6,z,33,920.903200474758,0.00558014679571496,-920.903200474758,-0.00558014679571496,1,1674.36945540865,167436.945540865,0.01
miura_00002,1,bending,0.6,z,34,948.809358064902,0.00575347588205987,-948.809358064902,-0.00575347588205987,1,1674.36945540865,167436.945540865,0.01
miura_00002,1,bending,0.6,z,35,976.715515655046,0.00592716135550012,-976.715515655046,-0.00592716135550012,1,1674.36945540865,167436.945540865,0.01
miura_00002,1,bending,0.6,z,36,1004.62167324519,0.00610121270364106,-1004.62167324519,-0.00610121270364106,1,1674.36945540865,167436.945540865,0.01
miura_00002,1,bending,0.6,z,37,1032.52783083533,0.00627563944846671,-1032.52783083533,-0.00627563944846671,1,1674.36945540865,167436.945540865,0.01
miura_00002,1,bending,0.6,z,38,1060.43398842548,0.00645045114655816,-1060.43398842548,-0.00645045114655816,1,1674.36945540865,167436.945540865,0.01
miura_00002,1,bending,0.6,z,39,1088.34014601562,0.00662565738930191,-1088.34014601562,-0.00662565738930191,1,1674.36945540865,167436.945540865,0.01
miura_00002,1,bending,0.6,z,40,1116.24630360577,0.00680126780305815,-1116.24630360577,-0.00680126780305815,1,1674.36945540865,167436.945540865,0.01
miura_00002,1,bending,0.6,z,41,1144.15246119591,0.00697729204930862,-1144.15246119591,-0.00697729204930862,1,1674.36945540865,167436.945540865,0.01
miura_00002,1,bending,0.6,z,42,1172.05861878606,0.00715373982477596,-1172.05861878606,-0.00715373982477596,1,1674.36945540865,167436.945540865,0.01
miura_00002,1,bending,0.6,z,43,1199.9647763762,0.00733062086151799,-1199.9647763762,-0.00733062086151799,1,1674.36945540865,167436.945540865,0.01
miura_00002,1,bending,0.6,z,44,1227.87093396634,0.00750794492698714,-1227.87093396634,-0.00750794492698714,1,1674.36945540865,167436.945540865,0.01
miura_00002,1,bending,0.6,z,45,1255.77709155649,0.00768572182406126,-1255.77709155649,-0.00768572182406126,1,1674.36945540865,167436.945540865,0.01
miura_00002,1,bending,0.6,z,46,1283.68324914663,0.00786396139102296,-1283.68324914663,-0.00786396139102296,1,1674.36945540865,167436.945540865,0.01
miura_00002,1,bending,0.6,z,47,1311.58940673678,0.00804267350154879,-1311.58940673678,-0.00804267350154879,1,1674.36945540865,167436.945540865,0.01
miura_00002,1,bending,0.6,z,48,1339.49556432692,0.0082218680646142,-1339.49556432692,-0.0082218680646142,1,1674.36945540865,167436.945540865,0.01
miura_00002,1,bending,0.6,z,49,1367.40172191706,0.00840155502438767,-1367.40172191706,-0.00840155502438767,1,1674.36945540865,167436.945540865,0.01
miura_00002,1,bending,0.6,z,50,1395.30787950721,0.00858174436007854,-1395.30787950721,-0.00858174436007854,1,1674.36945540865,167436.945540865,0.01
miura_00002,1,bending,0.6,z,51,1423.21403709735,0.00876244608575718,-1423.21403709735,-0.00876244608575718,1,1674.36945540865,167436.945540865,0.01
miura_00002,1,bending,0.6,z,52,1451.1201946875,0.00894367025009968,-1451.1201946875,-0.00894367025009968,1,1674.36945540865,167436.945540865,0.01
miura_00002,1,bending,0.6,z,53,1479.02635227764,0.0091254269361362,-1479.02635227764,-0.0091254269361362,1,1674.36945540865,167436.945540865,0.01
miura_00002,1,bending,0.6,z,54,1506.93250986779,0.00930772626090723,-1506.93250986779,-0.00930772626090723,1,1674.36945540865,167436.945540865,0.01
miura_00002,1,bending,0.6,z,55,1534.83866745793,0.00949057837511243,-1534.83866745793,-0.00949057837511243,1,1674.36945540865,167436.945540865,0.01
miura_00002,1,bending,0.6,z,56,1562.74482504807,0.00967399346268301,-1562.74482504807,-0.00967399346268301,1,1674.36945540865,167436.945540865,0.01
miura_00002,1,bending,0.6,z,57,1590.65098263822,0.00985798174031953,-1590.65098263822,-0.00985798174031953,1,1674.36945540865,167436.945540865,0.01
miura_00002,1,bending,0.6,z,58,1618.55714022836,0.0100425534569657,-1618.55714022836,-0.0100425534569657,1,1674.36945540865,167436.945540865,0.01
miura_00002,1,bending,0.6,z,59,1646.46329781851,0.0102277188932411,-1646.46329781851,-0.0102277188932411,1,1674.36945540865,167436.945540865,0.01
miura_00002,1,bending,0.6,z,60,1674.36945540865,0.0104134883608061,-1674.36945540865,-0.0104134883608061,1,1674.36945540865,167436.945540865,0.01
miura_00002,2,bending,0.9,z,1,8.4661534051301,0.000166670673620417,-8.4661534051301,-0.000166670673620417,1,507.969204307806,50796.9204307806,0.01
miura_00002,2,bending,0.9,z,2,16.9323068102602,0.000333353752288721,-16.9323068102602,-0.000333353752288721,1,507.969204307806,50796.9204307806,0.01
miura_00002,2,bending,0.9,z,3,25.3984602153903,0.000500049156160449,-25.3984602153903,-0.000500049156160449,1,507.969204307806,50796.9204307806,0.01
miura_00002,2,bending,0.9,z,4,33.8646136205204,0.000666756795470296,-33.8646136205204,-0.000666756795470296,1,507.969204307806,50796.9204307806,0.01
miura_00002,2,bending,0.9,z,5,42.3307670256505,0.000833476579772372,-42.3307670256505,-0.000833476579772372,1,507.969204307806,50796.9204307806,0.01
miura_00002,2,bending,0.9,z,6,50.7969204307806,0.00100020841849374,-50.7969204307806,-0.00100020841849374,1,507.969204307806,50796.9204307806,0.01
miura_00002,2,bending,0.9,z,7,59.2630738359107,0.00116695222040993,-59.2630738359107,-0.00116695222040993,1,507.969204307806,50796.9204307806,0.01
miura_00002,2,bending,0.9,z,8,67.7292272410408,0.00133370789385547,-67.7292272410408,-0.00133370789385547,1,507.969204307806,50796.9204307806,0.01
miura_00002,2,bending,0.9,z,9,76.1953806461709,0.00150047534661146,-76.1953806461709,-0.00150047534661146,1,507.969204307806,50796.9204307806,0.01
miura_00002,2,bending,0.9,z,10,84.661534051301,0.00166725448592572,-84.661534051301,-0.00166725448592572,1,507.969204307806,50796.9204307806,0.01
miura_00002,2,bending,0.9,z,11,93.1276874564311,0.00183404521855761,-93.1276874564311,-0.00183404521855761,1,507.969204307806,50796.9204307806,0.01
miura_00002,2,bending,0.9,z,12,101.593840861561,0.00200084745061694,-101.593840861561,-0.00200084745061694,1,507.969204307806,50796.9204307806,0.01
miura_00002,2,bending,0.9,z,13,110.059994266691,0.00216766108772984,-110.059994266691,-0.00216766108772984,1,507.969204307806,50796.9204307806,0.01
miura_00002,2,bending,0.9,z,14,118.526147671821,0.00233448603484797,-118.526147671821,-0.00233448603484797,1,507.969204307806,50796.9204307806,0.01
miura_00002,2,bending,0.9,z,15,126.992301076951,0.002501322196408,-126.992301076951,-0.002501322196408,1,507.969204307806,50796.9204307806,0.01
miura_00002,2,bending,0.9,z,16,135.458454482082,0.00266816947609392,-135.458454482082,-0.00266816947609392,1,507.969204307806,50796.9204307806,0.01
miura_00002,2,bending,0.9,z,17,143.924607887212,0.00283502777708186,-143.924607887212,-0.00283502777708186,1,507.969204307806,50796.9204307806,0.01
miura_00002,2,bending,0.9,z,18,152.390761292342,0.00300189700179118,-152.390761292342,-0.00300189700179118,1,507.969204307806,50796.9204307806,0.01
miura_00002,2,bending,0.9,z,19,160.856914697472,0.00316877705199839,-160.856914697472,-0.00316877705199839,1,507.969204307806,50796.9204307806,0.01
miura_00002,2,bending,0.9,z,20,169.323068102602,0.00333566782884964,-169.323068102602,-0.00333566782884964,1,507.969204307806,50796.9204307806,0.01
miura_00002,2,bending,0.9,z,21,177.789221507732,0.00350256923267765,-177.789221507732,-0.00350256923267765,1,507.969204307806,50796.9204307806,0.01
miura_00002,2,bending,0.9,z,22,186.255374912862,0.00366948116315608,-186.255374912862,-0.00366948116315608,1,507.969204307806,50796.9204307806,0.01
miura_00002,2,bending,0.9,z,23,194.721528317992,0.0038364035192848,-194.721528317992,-0.0038364035192848,1,507.969204307806,50796.9204307806,0.01
miura_00002,2,bending,0.9,z,24,203.187681723122,0.00400333619916405,-203.187681723122,-0.00400333619916405,1,507.969204307806,50796.9204307806,0.01
miura_00002,2,bending,0.9,z,25,211.653835128252,0.00417027910021897,-211.653835128252,-0.00417027910021897,1,507.969204307806,50796.9204307806,0.01
miura_00002,2,bending,0.9,z,26,220.119988533383,0.00433723211910467,-220.119988533383,-0.00433723211910467,1,507.969204307806,50796.9204307806,0.01
miura_00002,2,bending,0.9,z,27,228.586141938513,0.00450419515176433,-228.586141938513,-0.00450419515176433,1,507.969204307806,50796.9204307806,0.01
miura_00002,2,bending,0.9,z,28,237.052295343643,0.0046711680927731,-237.052295343643,-0.0046711680927731,1,507.969204307806,50796.9204307806,0.01
miura_00002,2,bending,0.9,z,29,245.518448748773,0.00483815083675079,-245.518448748773,-0.00483815083675079,1,507.969204307806,50796.9204307806,0.01
miura_00002,2,bending,0.9,z,30,253.984602153903,0.00500514327688262,-253.984602153903,-0.00500514327688262,1,507.969204307806,50796.9204307806,0.01
miura_00002,2,bending,0.9,z,31,262.450755559033,0.00517214530559715,-262.450755559033,-0.00517214530559715,1,507.969204307806,50796.9204307806,0.01
miura_00002,2,bending,0.9,z,32,270.916908964163,0.00533915681452649,-270.916908964163,-0.00533915681452649,1,507.969204307806,50796.9204307806,0.01
miura_00002,2,bending,0.9,z,33,279.383062369293,0.00550617769433051,-279.383062369293,-0.00550617769433051,1,507.969204307806,50796.9204307806,0.01
miura_00002,2,bending,0.9,z,34,287.849215774423,0.00567320783479627,-287.849215774423,-0.00567320783479627,1,507.969204307806,50796.9204307806,0.01
miura_00002,2,bending,0.9,z,35,296.315369179553,0.00584024712477298,-296.315369179553,-0.00584024712477298,1,507.969204307806,50796.9204307806,0.01
miura_00002,2,bending,0.9,z,36,304.781522584684,0.00600729545216774,-304.781522584684,-0.00600729545216774,1,507.969204307806,50796.9204307806,0.01
miura_00002,2,bending,0.9,z,37,313.247675989814,0.00617435270393164,-313.247675989814,-0.00617435270393164,1,507.969204307806,50796.9204307806,0.01
miura_00002,2,bending,0.9,z,38,321.713829394944,0.00634141876604338,-321.713829394944,-0.00634141876604338,1,507.969204307806,50796.9204307806,0.01
miura_00002,2,bending,0.9,z,39,330.179982800074,0.00650849352348091,-330.179982800074,-0.00650849352348091,1,507.969204307806,50796.9204307806,0.01
miura_00002,2,bending,0.9,z,40,338.646136205204,0.00667557686025491,-338.646136205204,-0.00667557686025491,1,507.969204307806,50796.9204307806,0.01
miura_00002,2,bending,0.9,z,41,347.112289610334,0.00684266865930343,-347.112289610334,-0.00684266865930343,1,507.969204307806,50796.9204307806,0.01
miura_00002,2,bending,0.9,z,42,355.578443015464,0.00700976880256652,-355.578443015464,-0.00700976880256652,1,507.969204307806,50796.9204307806,0.01
miura_00002,2,bending,0.9,z,43,364.044596420594,0.00717687717092093,-364.044596420594,-0.00717687717092093,1,507.969204307806,50796.9204307806,0.01
miura_00002,2,bending,0.9,z,44,372.510749825724,0.00734399364417576,-372.510749825724,-0.00734399364417576,1,507.969204307806,50796.9204307806,0.01
miura_00002,2,bending,0.9,z,45,380.976903230854,0.00751111810106957,-380.976903230854,-0.00751111810106957,1,507.969204307806,50796.9204307806,0.01
miura_00002,2,bending,0.9,z,46,389.443056635985,0.00767825041922746,-389.443056635985,-0.00767825041922746,1,507.969204307806,50796.9204307806,0.01
miura_00002,2,bending,0.9,z,47,397.909210041115,0.00784539047518184,-397.909210041115,-0.00784539047518184,1,507.969204307806,50796.9204307806,0.01
miura_00002,2,bending,0.9,z,48,406.375363446245,0.00801253814432686,-406.375363446245,-0.00801253814432686,1,507.969204307806,50796.9204307806,0.01
miura_00002,2,bending,0.9,z,49,414.841516851375,0.00817969330090974,-414.841516851375,-0.00817969330090974,1,507.969204307806,50796.9204307806,0.01
miura_00002,2,bending,0.9,z,50,423.307670256505,0.00834685581803795,-423.307670256505,-0.00834685581803795,1,507.969204307806,50796.9204307806,0.01
miura_00002,2,bending,0.9,z,51,431.773823661635,0.00851402556763191,-431.773823661635,-0.00851402556763191,1,507.969204307806,50796.9204307806,0.01
miura_00002,2,bending,0.9,z,52,440.239977066765,0.00868120242043563,-440.239977066765,-0.00868120242043563,1,507.969204307806,50796.9204307806,0.01
miura_00002,2,bending,0.9,z,53,448.706130471895,0.00884838624598522,-448.706130471895,-0.00884838624598522,1,507.969204307806,50796.9204307806,0.01
miura_00002,2,bending,0.9,z,54,457.172283877025,0.00901557691260541,-457.172283877025,-0.00901557691260541,1,507.969204307806,50796.9204307806,0.01
miura_00002,2,bending,0.9,z,55,465.638437282155,0.00918277428738015,-465.638437282155,-0.00918277428738015,1,507.969204307806,50796.9204307806,0.01
miura_00002,2,bending,0.9,z,56,474.104590687286,0.00934997823616112,-474.104590687286,-0.00934997823616112,1,507.969204307806,50796.9204307806,0.01
miura_00002,2,bending,0.9,z,57,482.570744092416,0.00951718862353376,-482.570744092416,-0.00951718862353376,1,507.969204307806,50796.9204307806,0.01
miura_00002,2,bending,0.9,z,58,491.036897497546,0.00968440531280938,-491.036897497546,-0.00968440531280938,1,507.969204307806,50796.9204307806,0.01
miura_00002,2,bending,0.9,z,59,499.503050902676,0.009851628165999,-499.503050902676,-0.009851628165999,1,507.969204307806,50796.9204307806,0.01
miura_00002,2,bending,0.9,z,60,507.969204307806,0.0100188570438398,-507.969204307806,-0.0100188570438398,1,507.969204307806,50796.9204307806,0.01
miura_00002,3,axial,0.3,x,1,4.60076819419073,0.000166603533057545,4.60076819419073,0.000166603533057545,1,276.046091651444,27604.6091651444,0.01
miura_00002,3,axial,0.3,x,2,9.20153638838147,0.000332845787875547,9.20153638838147,0.000332845787875547,1,276.046091651444,27604.6091651444,0.01
miura_00002,3,axial,0.3,x,3,13.8023045825722,0.000498730467733297,13.8023045825722,0.000498730467733297,1,276.046091651444,27604.6091651444,0.01
miura_00002,3,axial,0.3,x,4,18.4030727767629,0.000664261176014591,18.4030727767629,0.000664261176014591,1,276.046091651444,27604.6091651444,0.01
miura_00002,3,axial,0.3,x,5,23.0038409709537,0.000829441377374578,23.0038409709537,0.000829441377374578,1,276.046091651444,27604.6091651444,0.01
miura_00002,3,axial,0.3,x,6,27.6046091651444,0.00099427440498934,27.6046091651444,0.00099427440498934,1,276.046091651444,27604.6091651444,0.01
miura_00002,3,axial,0.3,x,7,32.2053773593351,0.00115876346755293,32.2053773593351,0.00115876346755293,1,276.046091651444,27604.6091651444,0.01
miura_00002,3,axial,0.3,x,8,36.8061455535259,0.00132291165590962,36.8061455535259,0.00132291165590962,1,276.046091651444,27604.6091651444,0.01
miura_00002,3,axial,0.3,x,9,41.4069137477166,0.00148672194888954,41.4069137477166,0.00148672194888954,1,276.046091651444,27604.6091651444,0.01
miura_00002,3,axial,0.3,x,10,46.0076819419073,0.00165019721946865,46.0076819419073,0.00165019721946865,1,276.046091651444,27604.6091651444,0.01
miura_00002,3,axial,0.3,x,11,50.6084501360981,0.00181334023974847,50.6084501360981,0.00181334023974847,1,276.046091651444,27604.6091651444,0.01
miura_00002,3,axial,0.3,x,12,55.2092183302888,0.0019761536862157,55.2092183302888,0.0019761536862157,1,276.046091651444,27604.6091651444,0.01
miura_00002,3,axial,0.3,x,13,59.8099865244795,0.00213864014435953,59.8099865244795,0.00213864014435953,1,276.046091651444,27604.6091651444,0.01
miura_00002,3,axial,0.3,x,14,64.4107547186703,0.00230080211324258,64.4107547186703,0.00230080211324258,1,276.046091651444,27604.6091651444,0.01
miura_00002,3,axial,0.3,x,15,69.011522912861,0.00246264200960132,69.011522912861,0.00246264200960132,1,276.046091651444,27604.6091651444,0.01
miura_00002,3,axial,0.3,x,16,73.6122911070517,0.00262416217162353,73.6122911070517,0.00262416217162353,1,276.046091651444,27604.6091651444,0.01
miura_00002,3,axial,0.3,x,17,78.2130593012425,0.00278536486306302,78.2130593012425,0.00278536486306302,1,276.046091651444,27604.6091651444,0.01
miura_00002,3,axial,0.3,x,18,82.8138274954332,0.00294625227644808,82.8138274954332,0.00294625227644808,1,276.046091651444,27604.6091651444,0.01
miura_00002,3,axial,0.3,x,19,87.4145956896239,0.0031068265363325,87.4145956896239,0.0031068265363325,1,276.046091651444,27604.6091651444,0.01
miura_00002,3,axial,0.3,x,20,92.0153638838147,0.00326708970242433,92.0153638838147,0.00326708970242433,1,276.046091651444,27604.6091651444,0.01
miura_00002,3,axial,0.3,x,21,96.6161320780054,0.00342704377277666,96.6161320780054,0.00342704377277666,1,276.046091651444,27604.6091651444,0.01
miura_00002,3,axial,0.3,x,22,101.216900272196,0.00358669068623295,101.216900272196,0.00358669068623295,1,276.046091651444,27604.6091651444,0.01
miura_00002,3,axial,0.3,x,23,105.817668466387,0.00374603232518911,105.817668466387,0.00374603232518911,1,276.046091651444,27604.6091651444,0.01
miura_00002,3,axial,0.3,x,24,110.418436660578,0.00390507051810674,110.418436660578,0.00390507051810674,1,276.046091651444,27604.6091651444,0.01
miura_00002,3,axial,0.3,x,25,115.019204854768,0.00406380704180126,115.019204854768,0.00406380704180126,1,276.046091651444,27604.6091651444,0.01
miura_00002,3,axial,0.3,x,26,119.619973048959,0.00422224362368171,119.619973048959,0.00422224362368171,1,276.046091651444,27604.6091651444,0.01
miura_00002,3,axial,0.3,x,27,124.22074124315,0.00438038194381275,124.22074124315,0.00438038194381275,1,276.046091651444,27604.6091651444,0.01
miura_00002,3,axial,0.3,x,28,128.821509437341,0.00453822363700007,128.821509437341,0.00453822363700007,1,276.046091651444,27604.6091651444,0.01
miura_00002,3,axial,0.3,x,29,133.422277631531,0.00469577029460105,133.422277631531,0.00469577029460105,1,276.046091651444,27604.6091651444,0.01
miura_00002,3,axial,0.3,x,30,138.023045825722,0.00485302346637896,138.023045825722,0.00485302346637896,1,276.046091651444,27604.6091651444,0.01
miura_00002,3,axial,0.3,x,31,142.623814019913,0.0050099846621679,142.623814019913,0.0050099846621679,1,276.046091651444,27604.6091651444,0.01
miura_00002,3,axial,0.3,x,32,147.224582214103,0.00516665535347774,147.224582214103,0.00516665535347774,1,276.046091651444,27604.6091651444,0.01
miura_00002,3,axial,0.3,x,33,151.825350408294,0.00532303697511803,151.825350408294,0.00532303697511803,1,276.046091651444,27604.6091651444,0.01
miura_00002,3,axial,0.3,x,34,156.426118602485,0.00547913092658125,156.426118602485,0.00547913092658125,1,276.046091651444,27604.6091651444,0.01
miura_00002,3,axial,0.3,x,35,161.026886796676,0.00563493857345592,161.026886796676,0.00563493857345592,1,276.046091651444,27604.6091651444,0.01
miura_00002,3,axial,0.3,x,36,165.627654990866,0.00579046124879199,165.627654990866,0.00579046124879199,1,276.046091651444,27604.6091651444,0.01
miura_00002,3,axial,0.3,x,37,170.228423185057,0.00594570025428103,170.228423185057,0.00594570025428103,1,276.046091651444,27604.6091651444,0.01
miura_00002,3,axial,0.3,x,38,174.829191379248,0.00610065686158482,174.829191379248,0.00610065686158482,1,276.046091651444,27604.6091651444,0.01
miura_00002,3,axial,0.3,x,39,179.429959573439,0.00625533231333092,179.429959573439,0.00625533231333092,1,276.046091651444,27604.6091651444,0.01
miura_00002,3,axial,0.3,x,40,184.030727767629,0.00640972782433633,184.030727767629,0.00640972782433633,1,276.046091651444,27604.6091651444,0.01
miura_00002,3,axial,0.3,x,41,188.63149596182,0.00656384458258398,188.63149596182,0.00656384458258398,1,276.046091651444,27604.6091651444,0.01
miura_00002,3,axial,0.3,x,42,193.232264156011,0.00671768375024686,193.232264156011,0.00671768375024686,1,276.046091651444,27604.6091651444,0.01
miura_00002,3,axial,0.3,x,43,197.833032350202,0.0068712464646063,197.833032350202,0.0068712464646063,1,276.046091651444,27604.6091651444,0.01
miura_00002,3,axial,0.3,x,44,202.433800544392,0.00702453383897248,202.433800544392,0.00702453383897248,1,276.046091651444,27604.6091651444,0.01
miura_00002,3,axial,0.3,x,45,207.034568738583,0.00717754696360056,207.034568738583,0.00717754696360056,1,276.046091651444,27604.6091651444,0.01
miura_00002,3,axial,0.3,x,46,211.635336932774,0.00733028690643506,211.635336932774,0.00733028690643506,1,276.046091651444,27604.6091651444,0.01
miura_00002,3,axial,0.3,x,47,216.236105126964,0.00748275471395459,216.236105126964,0.00748275471395459,1,276.046091651444,27604.6091651444,0.01
miura_00002,3,axial,0.3,x,48,220.836873321155,0.00763495141195871,220.836873321155,0.00763495141195871,1,276.046091651444,27604.6091651444,0.01
miura_00002,3,axial,0.3,x,49,225.437641515346,0.00778687800620922,225.437641515346,0.00778687800620922,1,276.046091651444,27604.6091651444,0.01
miura_00002,3,axial,0.3,x,50,230.038409709537,0.00793853548319003,230.038409709537,0.00793853548319003,1,276.046091651444,27604.6091651444,0.01
miura_00002,3,axial,0.3,x,51,234.639177903727,0.00808992481076398,234.639177903727,0.00808992481076398,1,276.046091651444,27604.6091651444,0.01
miura_00002,3,axial,0.3,x,52,239.239946097918,0.00824104693879937,239.239946097918,0.00824104693879937,1,276.046091651444,27604.6091651444,0.01
miura_00002,3,axial,0.3,x,53,243.840714292109,0.00839190279980135,243.840714292109,0.00839190279980135,1,276.046091651444,27604.6091651444,0.01
miura_00002,3,axial,0.3,x,54,248.4414824863,0.00854249330944261,248.4414824863,0.00854249330944261,1,276.046091651444,27604.6091651444,0.01
miura_00002,3,axial,0.3,x,55,253.04225068049,0.00869281936719425,253.04225068049,0.00869281936719425,1,276.046091651444,27604.6091651444,0.01
miura_00002,3,axial,0.3,x,56,257.643018874681,0.00884288185683363,257.643018874681,0.00884288185683363,1,276.046091651444,27604.6091651444,0.01
miura_00002,3,axial,0.3,x,57,262.243787068872,0.00899268164694809,262.243787068872,0.00899268164694809,1,276.046091651444,27604.6091651444,0.01
miura_00002,3,axial,0.3,x,58,266.844555263063,0.00914221959146924,266.844555263063,0.00914221959146924,1,276.046091651444,27604.6091651444,0.01
miura_00002,3,axial,0.3,x,59,271.445323457253,0.00929149652982045,271.445323457253,0.00929149652982045,1,276.046091651444,27604.6091651444,0.01
miura_00002,3,axial,0.3,x,60,276.046091651444,0.00944051328878908,276.046091651444,0.00944051328878908,1,276.046091651444,27604.6091651444,0.01
miura_00002,4,axial,0.6,x,1,9.19403487738202,0.000166459723618229,9.19403487738202,0.000166459723618229,1,551.642092642921,55164.2092642921,0.01
miura_00002,4,axial,0.6,x,2,18.388069754764,0.000332308995079035,18.388069754764,0.000332308995079035,1,551.642092642921,55164.2092642921,0.01
miura_00002,4,axial,0.6,x,3,27.582104632146,0.000497551198525109,27.582104632146,0.000497551198525109,1,551.642092642921,55164.2092642921,0.01
miura_00002,4,axial,0.6,x,4,36.7761395095281,0.00066218926171823,36.7761395095281,0.00066218926171823,1,551.642092642921,55164.2092642921,0.01
miura_00002,4,axial,0.6,x,5,45.9701743869101,0.000826226093447688,45.9701743869101,0.000826226093447688,1,551.642092642921,55164.2092642921,0.01
miura_00002,4,axial,0.6,x,6,55.1642092642921,0.000989664583716778,55.1642092642921,0.000989664583716778,1,551.642092642921,55164.2092642921,0.01
miura_00002,4,axial,0.6,x,7,64.3582441416741,0.00115250760393902,64.3582441416741,0.00115250760393902,1,551.642092642921,55164.2092642921,0.01
miura_00002,4,axial,0.6,x,8,73.5522790190561,0.00131475800756051,73.5522790190561,0.00131475800756051,1,551.642092642921,55164.2092642921,0.01
miura_00002,4,axial,0.6,x,9,82.7463138964382,0.00147641863012839,82.7463138964382,0.00147641863012839,1,551.642092642921,55164.2092642921,0.01
miura_00002,4,axial,0.6,x,10,91.9403487738202,0.00163749228965743,91.9403487738202,0.00163749228965743,1,551.642092642921,55164.2092642921,0.01
miura_00002,4,axial,0.6,x,11,101.134383651202,0.00179798178687166,101.134383651202,0.00179798178687166,1,551.642092642921,55164.2092642921,0.01
miura_00002,4,axial,0.6,x,12,110.328418528584,0.00195788990558259,110.328418528584,0.00195788990558259,1,551.642092642921,55164.2092642921,0.01
miura_00002,4,axial,0.6,x,13,119.522453405966,0.00211721941277891,119.522453405966,0.00211721941277891,1,551.642092642921,55164.2092642921,0.01
miura_00002,4,axial,0.6,x,14,128.716488283348,0.00227597305898509,128.716488283348,0.00227597305898509,1,551.642092642921,55164.2092642921,0.01
miura_00002,4,axial,0.6,x,15,137.91052316073,0.00243415357852825,137.91052316073,0.00243415357852825,1,551.642092642921,55164.2092642921,0.01
miura_00002,4,axial,0.6,x,16,147.104558038112,0.00259176368965958,147.104558038112,0.00259176368965958,1,551.642092642921,55164.2092642921,0.01
miura_00002,4,axial,0.6,x,17,156.298592915494,0.00274880609481807,156.298592915494,0.00274880609481807,1,551.642092642921,55164.2092642921,0.01
miura_00002,4,axial,0.6,x,18,165.492627792876,0.00290528348089665,165.492627792876,0.00290528348089665,1,551.642092642921,55164.2092642921,0.01
miura_00002,4,axial,0.6,x,19,174.686662670258,0.00306119851934695,174.686662670258,0.00306119851934695,1,551.642092642921,55164.2092642921,0.01
miura_00002,4,axial,0.6,x,20,183.88069754764,0.00321655386645361,183.88069754764,0.00321655386645361,1,551.642092642921,55164.2092642921,0.01
miura_00002,4,axial,0.6,x,21,193.074732425022,0.00337135216351624,193.074732425022,0.00337135216351624,1,551.642092642921,55164.2092642921,0.01
miura_00002,4,axial,0.6,x,22,202.268767302404,0.00352559603696619,202.268767302404,0.00352559603696619,1,551.642092642921,55164.2092642921,0.01
miura_00002,4,axial,0.6,x,23,211.462802179786,0.00367928809862746,211.462802179786,0.00367928809862746,1,551.642092642921,55164.2092642921,0.01
miura_00002,4,axial,0.6,x,24,220.656837057168,0.00383243094583198,220.656837057168,0.00383243094583198,1,551.642092642921,55164.2092642921,0.01
miura_00002,4,axial,0.6,x,25,229.85087193455,0.00398502716157013,229.85087193455,0.00398502716157013,1,551.642092642921,55164.2092642921,0.01
miura_00002,4,axial,0.6,x,26,239.044906811932,0.00413707931472158,239.044906811932,0.00413707931472158,1,551.642092642921,55164.2092642921,0.01
miura_00002,4,axial,0.6,x,27,248.238941689314,0.00428858996013187,248.238941689314,0.00428858996013187,1,551.642092642921,55164.2092642921,0.01
miura_00002,4,axial,0.6,x,28,257.432976566696,0.00443956163880184,257.432976566696,0.00443956163880184,1,551.642092642921,55164.2092642921,0.01
miura_00002,4,axial,0.6,x,29,266.627011444078,0.00458999687802231,266.627011444078,0.00458999687802231,1,551.642092642921,55164.2092642921,0.01
miura_00002,4,axial,0.6,x,30,275.82104632146,0.00473989819147195,275.82104632146,0.00473989819147195,1,551.642092642921,55164.2092642921,0.01
miura_00002,4,axial,0.6,x,31,285.015081198842,0.00488926807943687,285.015081198842,0.00488926807943687,1,551.642092642921,55164.2092642921,0.01
miura_00002,4,axial,0.6,x,32,294.209116076225,0.00503810902884211,294.209116076225,0.00503810902884211,1,551.642092642921,55164.2092642921,0.01
miura_00002,4,axial,0.6,x,33,303.403150953607,0.00518642351346328,303.403150953607,0.00518642351346328,1,551.642092642921,55164.2092642921,0.01
miura_00002,4,axial,0.6,x,34,312.597185830989,0.00533421399397635,312.597185830989,0.00533421399397635,1,551.642092642921,55164.2092642921,0.01
miura_00002,4,axial,0.6,x,35,321.791220708371,0.00548148291812697,321.791220708371,0.00548148291812697,1,551.642092642921,55164.2092642921,0.01
miura_00002,4,axial,0.6,x,36,330.985255585753,0.00562823272082185,330.985255585753,0.00562823272082185,1,551.642092642921,55164.2092642921,0.01
miura_00002,4,axial,0.6,x,37,340.179290463135,0.00577446582422146,340.179290463135,0.00577446582422146,1,551.642092642921,55164.2092642921,0.01
miura_00002,4,axial,0.6,x,38,349.373325340517,0.00592018463789441,349.373325340517,0.00592018463789441,1,551.642092642921,55164.2092642921,0.01
miura_00002,4,axial,0.6,x,39,358.567360217899,0.00606539155888586,358.567360217899,0.00606539155888586,1,551.642092642921,55164.2092642921,0.01
miura_00002,4,axial,0.6,x,40,367.761395095281,0.00621008897179662,367.761395095281,0.00621008897179662,1,551.642092642921,55164.2092642921,0.01
miura_00002,4,axial,0.6,x,41,376.955429972663,0.00635427924898182,376.955429972663,0.00635427924898182,1,551.642092642921,55164.2092642921,0.01
miura_00002,4,axial,0.6,x,42,386.149464850045,0.00649796475051872,386.149464850045,0.00649796475051872,1,551.642092642921,55164.2092642921,0.01
miura_00002,4,axial,0.6,x,43,395.343499727427,0.00664114782438014,395.343499727427,0.00664114782438014,1,551.642092642921,55164.2092642921,0.01
miura_00002,4,axial,0.6,x,44,404.537534604809,0.00678383080649387,404.537534604809,0.00678383080649387,1,551.642092642921,55164.2092642921,0.01
miura_00002,4,axial,0.6,x,45,413.731569482191,0.00692601602087449,413.731569482191,0.00692601602087449,1,551.642092642921,55164.2092642921,0.01
miura_00002,4,axial,0.6,x,46,422.925604359573,0.00706770577963593,422.925604359573,0.00706770577963593,1,551.642092642921,55164.2092642921,0.01
miura_00002,4,axial,0.6,x,47,432.119639236955,0.00720890238314176,432.119639236955,0.00720890238314176,1,551.642092642921,55164.2092642921,0.01
miura_00002,4,axial,0.6,x,48,441.313674114337,0.00734960812006634,441.313674114337,0.00734960812006634,1,551.642092642921,55164.2092642921,0.01
miura_00002,4,axial,0.6,x,49,450.507708991719,0.00748982526745537,450.507708991719,0.00748982526745537,1,551.642092642921,55164.2092642921,0.01
miura_00002,4,axial,0.6,x,50,459.701743869101,0.00762955609082937,459.701743869101,0.00762955609082937,1,551.642092642921,55164.2092642921,0.01
miura_00002,4,axial,0.6,x,51,468.895778746483,0.00776880284424306,468.895778746483,0.00776880284424306,1,551.642092642921,55164.2092642921,0.01
miura_00002,4,axial,0.6,x,52,478.089813623865,0.0079075677703898,478.089813623865,0.0079075677703898,1,551.642092642921,55164.2092642921,0.01
miura_00002,4,axial,0.6,x,53,487.283848501247,0.00804585310062808,487.283848501247,0.00804585310062808,1,551.642092642921,55164.2092642921,0.01
miura_00002,4,axial,0.6,x,54,496.477883378629,0.00818366105509791,496.477883378629,0.00818366105509791,1,551.642092642921,55164.2092642921,0.01
miura_00002,4,axial,0.6,x,55,505.671918256011,0.00832099384275586,505.671918256011,0.00832099384275586,1,551.642092642921,55164.2092642921,0.01
miura_00002,4,axial,0.6,x,56,514.865953133393,0.00845785366147874,514.865953133393,0.00845785366147874,1,551.642092642921,55164.2092642921,0.01
miura_00002,4,axial,0.6,x,57,524.059988010775,0.00859424269809943,524.059988010775,0.00859424269809943,1,551.642092642921,55164.2092642921,0.01
miura_00002,4,axial,0.6,x,58,533.254022888157,0.0087301631284839,533.254022888157,0.0087301631284839,1,551.642092642921,55164.2092642921,0.01
miura_00002,4,axial,0.6,x,59,542.448057765539,0.00886561711760565,542.448057765539,0.00886561711760565,1,551.642092642921,55164.2092642921,0.01
miura_00002,4,axial,0.6,x,60,551.642092642921,0.00900060681959923,551.642092642921,0.00900060681959923,1,551.642092642921,55164.2092642921,0.01
miura_00002,5,axial,0.9,x,1,68.0536716036475,0.000165745824494489,68.0536716036475,0.000165745824494489,1,4083.22029621885,408322.029621885,0.01
miura_00002,5,axial,0.9,x,2,136.107343207295,0.000329581586621358,136.107343207295,0.000329581586621358,1,4083.22029621885,408322.029621885,0.01
miura_00002,5,axial,0.9,x,3,204.161014810943,0.000491551214390065,204.161014810943,0.000491551214390065,1,4083.22029621885,408322.029621885,0.01
miura_00002,5,axial,0.9,x,4,272.21468641459,0.000651697411532525,272.21468641459,0.000651697411532525,1,4083.22029621885,408322.029621885,0.01
miura_00002,5,axial,0.9,x,5,340.268358018238,0.000810061432780309,340.268358018238,0.000810061432780309,1,4083.22029621885,408322.029621885,0.01
miura_00002,5,axial,0.9,x,6,408.322029621885,0.000966683148786527,408.322029621885,0.000966683148786527,1,4083.22029621885,408322.029621885,0.01
miura_00002,5,axial,0.9,x,7,476.375701225533,0.0011216011075056,476.375701225533,0.0011216011075056,1,4083.22029621885,408322.029621885,0.01
miura_00002,5,axial,0.9,x,8,544.42937282918,0.00127485259215983,544.42937282918,0.00127485259215983,1,4083.22029621885,408322.029621885,0.01
miura_00002,5,axial,0.9,x,9,612.483044432827,0.00142647367609678,612.483044432827,0.00142647367609678,1,4083.22029621885,408322.029621885,0.01
miura_00002,5,axial,0.9,x,10,680.536716036475,0.00157649927467609,680.536716036475,0.00157649927467609,1,4083.22029621885,408322.029621885,0.01
miura_00002,5,axial,0.9,x,11,748.590387640123,0.0017249631944191,748.590387640123,0.0017249631944191,1,4083.22029621885,408322.029621885,0.01
miura_00002,5,axial,0.9,x,12,816.64405924377,0.0018718981795488,816.64405924377,0.0018718981795488,1,4083.22029621885,408322.029621885,0.01
miura_00002,5,axial,0.9,x,13,884.697730847417,0.00201733595614956,884.697730847417,0.00201733595614956,1,4083.22029621885,408322.029621885,0.01
miura_00002,5,axial,0.9,x,14,952.751402451065,0.00216130727400984,952.751402451065,0.00216130727400984,1,4083.22029621885,408322.029621885,0.01
miura_00002,5,axial,0.9,x,15,1020.80507405471,0.00230384194636515,1020.80507405471,0.00230384194636515,1,4083.22029621885,408322.029621885,0.01
miura_00002,5,axial,0.9,x,16,1088.85874565836,0.00244496888759931,1088.85874565836,0.00244496888759931,1,4083.22029621885,408322.029621885,0.01
miura_00002,5,axial,0.9,x,17,1156.91241726201,0.00258471614914984,1156.91241726201,0.00258471614914984,1,4083.22029621885,408322.029621885,0.01
miura_00002,5,axial,0.9,x,18,1224.96608886565,0.00272311095354986,1224.96608886565,0.00272311095354986,1,4083.22029621885,408322.029621885,0.01
miura_00002,5,axial,0.9,x,19,1293.0197604693,0.00286017972678707,1293.0197604693,0.00286017972678707,1,4083.22029621885,408322.029621885,0.01
miura_00002,5,axial,0.9,x,20,1361.07343207295,0.00299594812922681,1361.07343207295,0.00299594812922681,1,4083.22029621885,408322.029621885,0.01
miura_00002,5,axial,0.9,x,21,1429.1271036766,0.00313044108491294,1429.1271036766,0.00313044108491294,1,4083.22029621885,408322.029621885,0.01
miura_00002,5,axial,0.9,x,22,1497.18077528025,0.00326368280955522,1497.18077528025,0.00326368280955522,1,4083.22029621885,408322.029621885,0.01
miura_00002,5,axial,0.9,x,23,1565.23444688389,0.00339569683716494,1565.23444688389,0.00339569683716494,1,4083.22029621885,408322.029621885,0.01
miura_00002,5,axial,0.9,x,24,1633.28811848754,0.00352650604545782,1633.28811848754,0.00352650604545782,1,4083.22029621885,408322.029621885,0.01
miura_00002,5,axial,0.9,x,25,1701.34179009119,0.00365613268009488,1701.34179009119,0.00365613268009488,1,4083.22029621885,408322.029621885,0.01
miura_00002,5,axial,0.9,x,26,1769.39546169483,0.00378459837779368,1769.39546169483,0.00378459837779368,1,4083.22029621885,408322.029621885,0.01
miura_00002,5,axial,0.9,x,27,1837.44913329848,0.00391192418839643,1837.44913329848,0.00391192418839643,1,4083.22029621885,408322.029621885,0.01
miura_00002,5,axial,0.9,x,28,1905.50280490213,0.00403813059596572,1905.50280490213,0.00403813059596572,1,4083.22029621885,408322.029621885,0.01
miura_00002,5,axial,0.9,x,29,1973.55647650578,0.00416323753891083,1973.55647650578,0.00416323753891083,1,4083.22029621885,408322.029621885,0.01
miura_00002,5,axial,0.9,x,30,2041.61014810943,0.00428726442924184,2041.61014810943,0.00428726442924184,1,4083.22029621885,408322.029621885,0.01
miura_00002,5,axial,0.9,x,31,2109.66381971307,0.00441023017097548,2109.66381971307,0.00441023017097548,1,4083.22029621885,408322.029621885,0.01
miura_00002,5,axial,0.9,x,32,2177.71749131672,0.00453215317776604,2177.71749131672,0.00453215317776604,1,4083.22029621885,408322.029621885,0.01
miura_00002,5,axial,0.9,x,33,2245.77116292037,0.00465305138972851,2245.77116292037,0.00465305138972851,1,4083.22029621885,408322.029621885,0.01
miura_00002,5,axial,0.9,x,34,2313.82483452401,0.00477294228958274,2313.82483452401,0.00477294228958274,1,4083.22029621885,408322.029621885,0.01
miura_00002,5,axial,0.9,x,35,2381.87850612766,0.00489184291810966,2381.87850612766,0.00489184291810966,1,4083.22029621885,408322.029621885,0.01
miura_00002,5,axial,0.9,x,36,2449.93217773131,0.00500976988895593,2449.93217773131,0.00500976988895593,1,4083.22029621885,408322.029621885,0.01
miura_00002,5,axial,0.9,x,37,2517.98584933496,0.0051267394028102,2517.98584933496,0.0051267394028102,1,4083.22029621885,408322.029621885,0.01
miura_00002,5,axial,0.9,x,38,2586.03952093861,0.00524276726101772,2586.03952093861,0.00524276726101772,1,4083.22029621885,408322.029621885,0.01
miura_00002,5,axial,0.9,x,39,2654.09319254225,0.0053578688786167,2654.09319254225,0.0053578688786167,1,4083.22029621885,408322.029621885,0.01
miura_00002,5,axial,0.9,x,40,2722.1468641459,0.0054720592968638,2722.1468641459,0.0054720592968638,1,4083.22029621885,408322.029621885,0.01
miura_00002,5,axial,0.9,x,41,2790.20053574955,0.00558535319524279,2790.20053574955,0.00558535319524279,1,4083.22029621885,408322.029621885,0.01
miura_00002,5,axial,0.9,x,42,2858.25420735319,0.0056977649029963,2858.25420735319,0.0056977649029963,1,4083.22029621885,408322.029621885,0.01
miura_00002,5,axial,0.9,x,43,2926.30787895684,0.00580930841021004,2926.30787895684,0.00580930841021004,1,4083.22029621885,408322.029621885,0.01
miura_00002,5,axial,0.9,x,44,2994.36155056049,0.00591999737844418,2994.36155056049,0.00591999737844418,1,4083.22029621885,408322.029621885,0.01
miura_00002,5,axial,0.9,x,45,3062.41522216414,0.00602984515096836,3062.41522216414,0.00602984515096836,1,4083.22029621885,408322.029621885,0.01
miura_00002,5,axial,0.9,x,46,3130.46889376779,0.00613886476259076,3130.46889376779,0.00613886476259076,1,4083.22029621885,408322.029621885,0.01
miura_00002,5,axial,0.9,x,47,3198.52256537143,0.00624706894910726,3198.52256537143,0.00624706894910726,1,4083.22029621885,408322.029621885,0.01
miura_00002,5,axial,0.9,x,48,3266.57623697508,0.00635447015640291,3266.57623697508,0.00635447015640291,1,4083.22029621885,408322.029621885,0.01
miura_00002,5,axial,0.9,x,49,3334.62990857873,0.00646108054919584,3334.62990857873,0.00646108054919584,1,4083.22029621885,408322.029621885,0.01
miura_00002,5,axial,0.9,x,50,3402.68358018237,0.00656691201945899,3402.68358018237,0.00656691201945899,1,4083.22029621885,408322.029621885,0.01
miura_00002,5,axial,0.9,x,51,3470.73725178602,0.00667197619453319,3470.73725178602,0.00667197619453319,1,4083.22029621885,408322.029621885,0.01
miura_00002,5,axial,0.9,x,52,3538.79092338967,0.00677628444492955,3538.79092338967,0.00677628444492955,1,4083.22029621885,408322.029621885,0.01
miura_00002,5,axial,0.9,x,53,3606.84459499332,0.00687984789185479,3606.84459499332,0.00687984789185479,1,4083.22029621885,408322.029621885,0.01
miura_00002,5,axial,0.9,x,54,3674.89826659697,0.00698267741445861,3674.89826659697,0.00698267741445861,1,4083.22029621885,408322.029621885,0.01
miura_00002,5,axial,0.9,x,55,3742.95193820061,0.00708478365681817,3742.95193820061,0.00708478365681817,1,4083.22029621885,408322.029621885,0.01
miura_00002,5,axial,0.9,x,56,3811.00560980426,0.00718617703467566,3811.00560980426,0.00718617703467566,1,4083.22029621885,408322.029621885,0.01
miura_00002,5,axial,0.9,x,57,3879.05928140791,0.00728686774193011,3879.05928140791,0.00728686774193011,1,4083.22029621885,408322.029621885,0.01
miura_00002,5,axial,0.9,x,58,3947.11295301155,0.0073868657569078,3947.11295301155,0.0073868657569078,1,4083.22029621885,408322.029621885,0.01
miura_00002,5,axial,0.9,x,59,4015.1666246152,0.00748618084840277,4015.1666246152,0.00748618084840277,1,4083.22029621885,408322.029621885,0.01
miura_00002,5,axial,0.9,x,60,4083.22029621885,0.00758482258150814,4083.22029621885,0.00758482258150814,1,4083.22029621885,408322.029621885,0.01
