case,job,parent_design_id,start_time,config,status,last_step_time,termination_evidence,notes
m1_class1_763,m08_m1_763,class1:763,2026-09-25 23:39:59,cpus=4 memory=6GB double=both scratch=F:\abaqus_scratch Abaqus/Explicit z-drive U3=-10.0 smoothstep T=0.1s,solver_error,0.0 (T=0.1) (0.0000% strain),  THE ANALYSIS HAS NOT BEEN COMPLETED,"com cpus/memory/double recorded in solve_result.json | ke/ALLIE max=None, ae/ALLIE max=None -> quasi_static=NOT_EVALUABLE_no_energy_history | sig: The ratio of deformation speed to wave speed exceeds 1.0000 in at | The fatal error will generate a new field output in the last | mass: .sta:109: INCREMENT     TIME      TIME      TIME     INCREMENT     ELEMENT     ENERGY     ENERGY  CHNG MASS"
m2_class2_1383,m08_m2_1383,class2:1383,2026-09-25 23:40:41,cpus=4 memory=6GB double=both scratch=F:\abaqus_scratch Abaqus/Explicit z-drive U3=-10.0 smoothstep T=0.1s,completed_quasi_static_failed,0.10000000149011612 (T=0.1) (25.0000% strain),  THE ANALYSIS HAS COMPLETED SUCCESSFULLY,"com cpus/memory/double recorded in solve_result.json | ke/ALLIE max=0.9884290638576053, ae/ALLIE max=0.0 -> quasi_static=FAILED | mass: .sta:109: INCREMENT     TIME      TIME      TIME     INCREMENT     ELEMENT     ENERGY     ENERGY  CHNG MASS"
m3_class12_26,m08_m3_26,class12:26,,cpus=4 memory=6GB double=both scratch=F:\abaqus_scratch Abaqus/Explicit z-drive U3=-10.0 smoothstep T=0.1s,completed_quasi_static_failed,0.10000000149011612 (T=0.1) (25.0000% strain),  THE ANALYSIS HAS COMPLETED SUCCESSFULLY,"com cpus/memory/double recorded in solve_result.json | ke/ALLIE max=1.1533126857569704, ae/ALLIE max=0.0 -> quasi_static=FAILED | mass: .sta:129: INCREMENT     TIME      TIME      TIME     INCREMENT     ELEMENT     ENERGY     ENERGY  CHNG MASS"
m1_class1_944,m08_m1_944,class1:944,2026-09-26 06:30:48,cpus=4 memory=6GB double=both scratch=F:\abaqus_scratch Abaqus/Explicit z-drive U3=-10.0 smoothstep T=0.1s,solver_error,0.0 (T=0.1) (0.0000% strain),  THE ANALYSIS HAS NOT BEEN COMPLETED,"com cpus/memory/double recorded in solve_result.json | ke/ALLIE max=None, ae/ALLIE max=None -> quasi_static=NOT_EVALUABLE_no_energy_history | sig: The ratio of deformation speed to wave speed exceeds 1.0000 in at | The fatal error will generate a new field output in the last | mass: .sta:109: INCREMENT     TIME      TIME      TIME     INCREMENT     ELEMENT     ENERGY     ENERGY  CHNG MASS"
m2_class2_45,m08_m2_45,class2:45,2026-09-26 06:45:28,cpus=4 memory=6GB double=both scratch=F:\abaqus_scratch Abaqus/Explicit z-drive U3=-10.0 smoothstep T=0.1s,solver_error,0.0 (T=0.1) (0.0000% strain),  THE ANALYSIS HAS NOT BEEN COMPLETED,"com cpus/memory/double recorded in solve_result.json | ke/ALLIE max=None, ae/ALLIE max=None -> quasi_static=NOT_EVALUABLE_no_energy_history | sig: Excessive distortion of element number 829571 of instance PART-1-1 | There is only one excessively distorted element | The fatal error will generate a new field output in the last | mass: .sta:129: INCREMENT     TIME      TIME      TIME     INCREMENT     ELEMENT     ENERGY     ENERGY  CHNG MASS"
m3_class12_61,m08_m3_61,class12:61,2026-09-26 06:49:48,cpus=4 memory=6GB double=both scratch=F:\abaqus_scratch Abaqus/Explicit z-drive U3=-10.0 smoothstep T=0.1s,practical_terminated,0.08000000566244125 (T=0.1) (23.5520% strain),***ERROR: Process terminated by external request (SIGTERM or SIGINT received).,"com cpus/memory/double recorded in solve_result.json | ke/ALLIE max=3.2717044321991113, ae/ALLIE max=0.0 -> quasi_static=FAILED | sig: Process terminated by external request (SIGTERM or SIGINT received). | mass: .sta:129: INCREMENT     TIME      TIME      TIME     INCREMENT     ELEMENT     ENERGY     ENERGY  CHNG MASS"
m1_class1_1145,m08_m1_1145,class1:1145,2026-09-27 00:34:49,cpus=4 memory=6GB double=both scratch=F:\abaqus_scratch Abaqus/Explicit z-drive U3=-10.0 smoothstep T=0.1s,solver_error,0.0 (T=0.1) (0.0000% strain),  THE ANALYSIS HAS NOT BEEN COMPLETED,"com cpus/memory/double recorded in solve_result.json | ke/ALLIE max=None, ae/ALLIE max=None -> quasi_static=NOT_EVALUABLE_no_energy_history | sig: The ratio of deformation speed to wave speed exceeds 1.0000 in at | The fatal error will generate a new field output in the last | mass: .sta:109: INCREMENT     TIME      TIME      TIME     INCREMENT     ELEMENT     ENERGY     ENERGY  CHNG MASS"
m2_class2_833,m08_m2_833,class2:833,2026-09-27 00:35:00,cpus=4 memory=6GB double=both scratch=F:\abaqus_scratch Abaqus/Explicit z-drive U3=-10.0 smoothstep T=0.1s,solver_error,0.0 (T=0.1) (0.0000% strain),  THE ANALYSIS HAS NOT BEEN COMPLETED,"com cpus/memory/double recorded in solve_result.json | ke/ALLIE max=None, ae/ALLIE max=None -> quasi_static=NOT_EVALUABLE_no_energy_history | sig: The ratio of deformation speed to wave speed exceeds 1.0000 in at | The fatal error will generate a new field output in the last | mass: .sta:109: INCREMENT     TIME      TIME      TIME     INCREMENT     ELEMENT     ENERGY     ENERGY  CHNG MASS"
m3_class12_665,m08_m3_665,class12:665,2026-09-27 00:41:41,cpus=4 memory=6GB double=both scratch=F:\abaqus_scratch Abaqus/Explicit z-drive U3=-10.0 smoothstep T=0.1s,solver_error,0.0 (T=0.1) (0.0000% strain),  THE ANALYSIS HAS NOT BEEN COMPLETED,"com cpus/memory/double recorded in solve_result.json | ke/ALLIE max=None, ae/ALLIE max=None -> quasi_static=NOT_EVALUABLE_no_energy_history | sig: The ratio of deformation speed to wave speed exceeds 1.0000 in at | The fatal error will generate a new field output in the last | mass: .sta:109: INCREMENT     TIME      TIME      TIME     INCREMENT     ELEMENT     ENERGY     ENERGY  CHNG MASS"
m1_class1_1424,m08_m1_1424,class1:1424,,cpus=4 memory=6GB double=both scratch=F:\abaqus_scratch Abaqus/Explicit z-drive U3=-10.0 smoothstep T=0.1s,solver_error,0.0 (T=0.1) (0.0000% strain),  THE ANALYSIS HAS NOT BEEN COMPLETED,"com cpus/memory/double recorded in solve_result.json | ke/ALLIE max=None, ae/ALLIE max=None -> quasi_static=NOT_EVALUABLE_no_energy_history | sig: The ratio of deformation speed to wave speed exceeds 1.0000 in at | The fatal error will generate a new field output in the last | mass: .sta:109: INCREMENT     TIME      TIME      TIME     INCREMENT     ELEMENT     ENERGY     ENERGY  CHNG MASS"
m2_class2_871,m08_m2_871,class2:871,2026-09-27 00:41:53,cpus=4 memory=6GB double=both scratch=F:\abaqus_scratch Abaqus/Explicit z-drive U3=-10.0 smoothstep T=0.1s,solver_error,0.0 (T=0.1) (0.0000% strain),  THE ANALYSIS HAS NOT BEEN COMPLETED,"com cpus/memory/double recorded in solve_result.json | ke/ALLIE max=None, ae/ALLIE max=None -> quasi_static=NOT_EVALUABLE_no_energy_history | sig: The ratio of deformation speed to wave speed exceeds 1.0000 in at | The fatal error will generate a new field output in the last | mass: .sta:109: INCREMENT     TIME      TIME      TIME     INCREMENT     ELEMENT     ENERGY     ENERGY  CHNG MASS"
m3_class12_1390,m08_m3_1390,class12:1390,2026-09-27 00:46:40,cpus=4 memory=6GB double=both scratch=F:\abaqus_scratch Abaqus/Explicit z-drive U3=-10.0 smoothstep T=0.1s,solver_error,0.0 (T=0.1) (0.0000% strain),  THE ANALYSIS HAS NOT BEEN COMPLETED,"com cpus/memory/double recorded in solve_result.json | ke/ALLIE max=None, ae/ALLIE max=None -> quasi_static=NOT_EVALUABLE_no_energy_history | sig: The ratio of deformation speed to wave speed exceeds 1.0000 in at | The fatal error will generate a new field output in the last | mass: .sta:109: INCREMENT     TIME      TIME      TIME     INCREMENT     ELEMENT     ENERGY     ENERGY  CHNG MASS"
m1_class1_138,m08_m1_138,class1:138,2026-09-27 00:46:51,cpus=4 memory=6GB double=both scratch=F:\abaqus_scratch Abaqus/Explicit z-drive U3=-10.0 smoothstep T=0.1s,solver_error,0.0 (T=0.1) (0.0000% strain),  THE ANALYSIS HAS NOT BEEN COMPLETED,"com cpus/memory/double recorded in solve_result.json | ke/ALLIE max=None, ae/ALLIE max=None -> quasi_static=NOT_EVALUABLE_no_energy_history | sig: The ratio of deformation speed to wave speed exceeds 1.0000 in at | The fatal error will generate a new field output in the last | mass: .sta:129: INCREMENT     TIME      TIME      TIME     INCREMENT     ELEMENT     ENERGY     ENERGY  CHNG MASS"
m2_class2_1145,m08_m2_1145,class2:1145,2026-09-27 00:51:40,cpus=4 memory=6GB double=both scratch=F:\abaqus_scratch Abaqus/Explicit z-drive U3=-10.0 smoothstep T=0.1s,solver_error,0.0 (T=0.1) (0.0000% strain),  THE ANALYSIS HAS NOT BEEN COMPLETED,"com cpus/memory/double recorded in solve_result.json | ke/ALLIE max=None, ae/ALLIE max=None -> quasi_static=NOT_EVALUABLE_no_energy_history | sig: The ratio of deformation speed to wave speed exceeds 1.0000 in at | The fatal error will generate a new field output in the last | mass: .sta:109: INCREMENT     TIME      TIME      TIME     INCREMENT     ELEMENT     ENERGY     ENERGY  CHNG MASS"
m3_class12_74,m08_m3_74,class12:74,2026-09-27 00:51:51,cpus=4 memory=6GB double=both scratch=F:\abaqus_scratch Abaqus/Explicit z-drive U3=-10.0 smoothstep T=0.1s,solver_error,0.0 (T=0.1) (0.0000% strain),  THE ANALYSIS HAS NOT BEEN COMPLETED,"com cpus/memory/double recorded in solve_result.json | ke/ALLIE max=None, ae/ALLIE max=None -> quasi_static=NOT_EVALUABLE_no_energy_history | sig: The ratio of deformation speed to wave speed exceeds 1.0000 in at | The fatal error will generate a new field output in the last | mass: .sta:109: INCREMENT     TIME      TIME      TIME     INCREMENT     ELEMENT     ENERGY     ENERGY  CHNG MASS"
m1_class1_283,m08_m1_283,class1:283,2026-09-27 00:58:59,cpus=4 memory=6GB double=both scratch=F:\abaqus_scratch Abaqus/Explicit z-drive U3=-10.0 smoothstep T=0.1s,solver_error,0.0 (T=0.1) (0.0000% strain),  THE ANALYSIS HAS NOT BEEN COMPLETED,"com cpus/memory/double recorded in solve_result.json | ke/ALLIE max=None, ae/ALLIE max=None -> quasi_static=NOT_EVALUABLE_no_energy_history | sig: The ratio of deformation speed to wave speed exceeds 1.0000 in at | The fatal error will generate a new field output in the last | mass: .sta:109: INCREMENT     TIME      TIME      TIME     INCREMENT     ELEMENT     ENERGY     ENERGY  CHNG MASS"
m2_class2_1267,m08_m2_1267,class2:1267,2026-09-27 00:59:11,cpus=4 memory=6GB double=both scratch=F:\abaqus_scratch Abaqus/Explicit z-drive U3=-10.0 smoothstep T=0.1s,solver_error,0.0 (T=0.1) (0.0000% strain),  THE ANALYSIS HAS NOT BEEN COMPLETED,"com cpus/memory/double recorded in solve_result.json | ke/ALLIE max=None, ae/ALLIE max=None -> quasi_static=NOT_EVALUABLE_no_energy_history | sig: The ratio of deformation speed to wave speed exceeds 1.0000 in at | The fatal error will generate a new field output in the last | mass: .sta:129: INCREMENT     TIME      TIME      TIME     INCREMENT     ELEMENT     ENERGY     ENERGY  CHNG MASS"
m3_class12_540,m08_m3_540,class12:540,2026-09-27 01:05:58,cpus=4 memory=6GB double=both scratch=F:\abaqus_scratch Abaqus/Explicit z-drive U3=-10.0 smoothstep T=0.1s,deadline_terminated,0.06000002101063728 (T=0.1) (17.0640% strain),***ERROR: Process terminated by external request (SIGTERM or SIGINT received).,"com cpus/memory/double recorded in solve_result.json | ke/ALLIE max=1.801892664992486, ae/ALLIE max=0.0 -> quasi_static=FAILED | sig: Process terminated by external request (SIGTERM or SIGINT received). | mass: .sta:129: INCREMENT     TIME      TIME      TIME     INCREMENT     ELEMENT     ENERGY     ENERGY  CHNG MASS"
m1_class1_466,m08_m1_466,class1:466,2026-09-27 01:05:34,cpus=4 memory=6GB double=both scratch=F:\abaqus_scratch Abaqus/Explicit z-drive U3=-10.0 smoothstep T=0.1s,solver_error,0.0 (T=0.1) (0.0000% strain),  THE ANALYSIS HAS NOT BEEN COMPLETED,"com cpus/memory/double recorded in solve_result.json | ke/ALLIE max=None, ae/ALLIE max=None -> quasi_static=NOT_EVALUABLE_no_energy_history | sig: The ratio of deformation speed to wave speed exceeds 1.0000 in at | The fatal error will generate a new field output in the last | mass: .sta:109: INCREMENT     TIME      TIME      TIME     INCREMENT     ELEMENT     ENERGY     ENERGY  CHNG MASS"
m2_class2_1489,m08_m2_1489,class2:1489,2026-09-27 01:30:42,cpus=4 memory=6GB double=both scratch=F:\abaqus_scratch Abaqus/Explicit z-drive U3=-10.0 smoothstep T=0.1s,completed_quasi_static_failed,0.10000000149011612 (T=0.1) (25.0000% strain),  THE ANALYSIS HAS COMPLETED SUCCESSFULLY,"com cpus/memory/double recorded in solve_result.json | ke/ALLIE max=1.6976962424994093, ae/ALLIE max=0.0 -> quasi_static=FAILED | mass: .sta:109: INCREMENT     TIME      TIME      TIME     INCREMENT     ELEMENT     ENERGY     ENERGY  CHNG MASS"
m3_class12_759,m08_m3_759,class12:759,,,not_started_prep_failed,n/a,no solve launched,MATLAB m05_target_scale_case errored at 23:35 during system memory crunch (0.6GB free); partial m03 outputs kept as evidence; not retried (discipline 1)
m1_class1_1128,m08_m1_1128,class1:1128,,,not_started_pending_solve,n/a,no solve launched,
m2_class2_1580,m08_m2_1580,class2:1580,,,not_started_pending_solve,n/a,no solve launched,
m3_class12_1571,m08_m3_1571,class12:1571,,,not_started_pending_solve,n/a,no solve launched,
m1_class1_1310,m08_m1_1310,class1:1310,,,not_started_pending_solve,n/a,no solve launched,
m2_class2_1651,m08_m2_1651,class2:1651,,,not_started_pending_solve,n/a,no solve launched,
m3_class12_1685,m08_m3_1685,class12:1685,,,not_started_pending_solve,n/a,no solve launched,
