case_id,job_name,queue_order,method,sheet,parent_design_id,excel_row,c0,c1,c2,w,archived_relativeVolume,selection_kind,mesh_source,selection_reason,substitute_for_preprocess_failure,selection_digest,fixture_sha256,workbook_sha256,role,solver_status,notes
m1_class1_763,m08_m1_763,1,M1,class1,class1:763,763,0.12137,0.071207,0.156614,0,0.106,zload12_selected,reuse_handoff,zload12 selected (order 7): 已有M06设计；中部参数较低,,033a330a82c8cfac6cdadbe5ebacfd7124efaf9b3acda0d761a5c8e6d0d3fd9e,a67890d0b115de284b4f488048148ef46cfccc77805b8b5a3963afd9c3d1aa6e,b4544b09c2688af8bc7aeeca5140a5d4c1cfc1c5b262709c9618c030d90fa561,confirmation,placeholder,
m2_class2_1383,m08_m2_1383,2,M2,class2,class2:1383,1383,0.0668939,0.0668939,0.0668939,5.2192807,0.068,zload12_selected,reuse_handoff,zload12 selected (order 1): 已有M2 x向参考；低体积分数基准,,002b6d5de161a0a01e19fceba4979f08790750dd7ccb19bb9cd300b03be1f89f,a67890d0b115de284b4f488048148ef46cfccc77805b8b5a3963afd9c3d1aa6e,b4544b09c2688af8bc7aeeca5140a5d4c1cfc1c5b262709c9618c030d90fa561,confirmation,placeholder,
m3_class12_26,m08_m3_26,3,M3,class12,class12:26,26,0.16,0.119,0.196,5.487,0.154,zload12_selected,reuse_handoff,zload12 selected (order 12): 已有M06设计；M3较高体积分数，与665比较参数形状,,00b293cf708f585bfbbd2639b829115957cca3b2a1857d88685771e6e4591076,a67890d0b115de284b4f488048148ef46cfccc77805b8b5a3963afd9c3d1aa6e,b4544b09c2688af8bc7aeeca5140a5d4c1cfc1c5b262709c9618c030d90fa561,confirmation,completed_quasi_static_failed,
m1_class1_944,m08_m1_944,4,M1,class1,class1:944,944,0.08976,0.16425,0.06877,0,0.123,zload12_selected,reuse_handoff,zload12 selected (order 4): 已有M05 x向参考；中部参数较高,,0090eda1c7713905bdc052af84959c06c3cd6bd284d82a811cb20cdf2cc9bf6e,a67890d0b115de284b4f488048148ef46cfccc77805b8b5a3963afd9c3d1aa6e,b4544b09c2688af8bc7aeeca5140a5d4c1cfc1c5b262709c9618c030d90fa561,confirmation,placeholder,
m2_class2_45,m08_m2_45,5,M2,class2,class2:45,45,0.1738,0.1738,0.1738,3.05179,0.179,zload12_selected,new_compile,zload12 selected (order 11): M2较高体积分数,,000e216b67af8ade64d007c9c8c67b5e54c97449668f08f2dc089a2c35a8baf4,a67890d0b115de284b4f488048148ef46cfccc77805b8b5a3963afd9c3d1aa6e,b4544b09c2688af8bc7aeeca5140a5d4c1cfc1c5b262709c9618c030d90fa561,discovery,placeholder,
m3_class12_61,m08_m3_61,6,M3,class12,class12:61,61,0.0875519,0.0468522,0.1963282,2.2002234,0.099,zload12_selected,reuse_handoff,zload12 selected (order 9): 已有M06设计；w较小且c2明显较高,,0140d8551edf5b345f74a00edd90b982f2ffa077d437ae70ed517a8d2fe6340e,a67890d0b115de284b4f488048148ef46cfccc77805b8b5a3963afd9c3d1aa6e,b4544b09c2688af8bc7aeeca5140a5d4c1cfc1c5b262709c9618c030d90fa561,confirmation,practical_terminated,
m1_class1_1145,m08_m1_1145,7,M1,class1,class1:1145,1145,0.1795016,0.1429177,0.1090768,0,0.145,zload12_selected,reuse_handoff,zload12 selected (order 10): 已有M06设计；M1较高体积分数、单调参数序列,,02f65e1325c4f492772ce896cb8fdace1b611ab91768bcbc75262526b63a36b3,a67890d0b115de284b4f488048148ef46cfccc77805b8b5a3963afd9c3d1aa6e,b4544b09c2688af8bc7aeeca5140a5d4c1cfc1c5b262709c9618c030d90fa561,confirmation,solver_error,
m2_class2_833,m08_m2_833,8,M2,class2,class2:833,833,0.11412,0.11412,0.11412,3.25608,0.116,zload12_selected,new_compile,zload12 selected (order 5): M2中等体积分数，w较小,,002a2844c66b5c137385765f7cf10328679b4fc6fcffd6e446ed9146b8b074f4,a67890d0b115de284b4f488048148ef46cfccc77805b8b5a3963afd9c3d1aa6e,b4544b09c2688af8bc7aeeca5140a5d4c1cfc1c5b262709c9618c030d90fa561,discovery,solver_error,
m3_class12_665,m08_m3_665,9,M3,class12,class12:665,665,0.191,0.126,0.149,3.397,0.153,zload12_selected,reuse_handoff,zload12 selected (order 6): 已有M05 x向参考；较高体积分数,,0062922ba4c0e5679793163f414b253c1a1afc3152ed62bcc23598dadb2b9b05,a67890d0b115de284b4f488048148ef46cfccc77805b8b5a3963afd9c3d1aa6e,b4544b09c2688af8bc7aeeca5140a5d4c1cfc1c5b262709c9618c030d90fa561,confirmation,solver_error,
m1_class1_1424,m08_m1_1424,10,M1,class1,class1:1424,1424,0.08936,0.04653,0.04423,0,0.056,zload12_selected,reuse_handoff,zload12 selected (order 2): 已有M06 x向参考；M1低体积分数,,000af300e38946ba60a9e35b436244661c4e6a9878e90ff65ce662bffd2080d0,a67890d0b115de284b4f488048148ef46cfccc77805b8b5a3963afd9c3d1aa6e,b4544b09c2688af8bc7aeeca5140a5d4c1cfc1c5b262709c9618c030d90fa561,discovery,placeholder,
m2_class2_871,m08_m2_871,11,M2,class2,class2:871,871,0.05171,0.05171,0.05171,6.981524,0.053,zload12_selected,new_compile,zload12 selected (order 8): M2低体积分数且w较大,,01504b32a8ba9186072d3b14aba3652b6a65fee703d23f2bdf3ff3461fa29e5c,a67890d0b115de284b4f488048148ef46cfccc77805b8b5a3963afd9c3d1aa6e,b4544b09c2688af8bc7aeeca5140a5d4c1cfc1c5b262709c9618c030d90fa561,confirmation,solver_error,
m3_class12_1390,m08_m3_1390,12,M3,class12,class12:1390,1390,0.06514,0.03095,0.11326,6.62127,0.062,zload12_selected,reuse_handoff,zload12 selected (order 3): 已有M06 x向参考；M3低体积分数,,00351ab74c7245090687eee1f07f16898fac88fb6e3acff7a0f2939d435aea2c,a67890d0b115de284b4f488048148ef46cfccc77805b8b5a3963afd9c3d1aa6e,b4544b09c2688af8bc7aeeca5140a5d4c1cfc1c5b262709c9618c030d90fa561,discovery,solver_error,
m1_class1_138,m08_m1_138,13,M1,class1,class1:138,138,0.127,0.085,0.195,0,0.123,supplement,new_compile,supplement 4/5: rv 0.123 closest to span target 0.122 (mid-high of remaining-rv span); rule: rv-spread quantile over the 8 rows not chosen by zload12,class1:669 (rv=0.100),02fb7cb7a1ae101d7abbfcafc739dac5fdfad395a7832cdcadde317837cf0cf7,a67890d0b115de284b4f488048148ef46cfccc77805b8b5a3963afd9c3d1aa6e,b4544b09c2688af8bc7aeeca5140a5d4c1cfc1c5b262709c9618c030d90fa561,confirmation,solver_error,
m2_class2_1145,m08_m2_1145,14,M2,class2,class2:1145,1145,0.1021,0.1021,0.1021,2.5573,0.103,supplement,new_compile,supplement 3/5: rv 0.103 closest to span target 0.112 (mid of remaining-rv span); rule: rv-spread quantile over the 8 rows not chosen by zload12,class2:1666 (rv=0.149),00fde3feb3f8e5f27f5b223a5a411edd1fc3f744aade8811d593d578bee3d584,a67890d0b115de284b4f488048148ef46cfccc77805b8b5a3963afd9c3d1aa6e,b4544b09c2688af8bc7aeeca5140a5d4c1cfc1c5b262709c9618c030d90fa561,confirmation,solver_error,
m3_class12_74,m08_m3_74,15,M3,class12,class12:74,74,0.13,0.048,0.109,7.994,0.088,supplement,new_compile,supplement 2/5: rv 0.088 closest to span target 0.095 (mid-low of remaining-rv span); rule: rv-spread quantile over the 8 rows not chosen by zload12,class12:390 (rv=0.107),00eea22f734e772863c429db477c007aea6d537c0f79eea6b105df6527819947,a67890d0b115de284b4f488048148ef46cfccc77805b8b5a3963afd9c3d1aa6e,b4544b09c2688af8bc7aeeca5140a5d4c1cfc1c5b262709c9618c030d90fa561,confirmation,solver_error,
m1_class1_283,m08_m1_283,16,M1,class1,class1:283,283,0.0515,0.0671,0.054,0,0.059,supplement,new_compile,supplement 1/5: rv 0.059 closest to span target 0.059 (low of remaining-rv span); rule: rv-spread quantile over the 8 rows not chosen by zload12,class1:447 (rv=0.088),00e5494d38728054bc7b2a83e0965f7ccdba3297ad4306669c5ae6b31a0bde1c,a67890d0b115de284b4f488048148ef46cfccc77805b8b5a3963afd9c3d1aa6e,b4544b09c2688af8bc7aeeca5140a5d4c1cfc1c5b262709c9618c030d90fa561,confirmation,solver_error,
m2_class2_1267,m08_m2_1267,17,M2,class2,class2:1267,1267,0.192,0.192,0.192,2.287,0.197,supplement,new_compile,supplement 5/5: rv 0.197 closest to span target 0.197 (high of remaining-rv span); rule: rv-spread quantile over the 8 rows not chosen by zload12,class2:16 (rv=0.174),01516109b949298470d2888576869e0a6ffe39cef8eacf15fb02e8ee45ac76e1,a67890d0b115de284b4f488048148ef46cfccc77805b8b5a3963afd9c3d1aa6e,b4544b09c2688af8bc7aeeca5140a5d4c1cfc1c5b262709c9618c030d90fa561,confirmation,solver_error,
m3_class12_540,m08_m3_540,18,M3,class12,class12:540,540,0.119,0.079,0.171,2.183,0.116,supplement,new_compile,supplement 4/5: rv 0.116 closest to span target 0.116 (mid-high of remaining-rv span); rule: rv-spread quantile over the 8 rows not chosen by zload12,class12:1245 (rv=0.116),00b5eab93d4838a1352a42e246a5a680d67b05bb6946dac5e6f40f02ea9dde3c,a67890d0b115de284b4f488048148ef46cfccc77805b8b5a3963afd9c3d1aa6e,b4544b09c2688af8bc7aeeca5140a5d4c1cfc1c5b262709c9618c030d90fa561,confirmation,deadline_terminated,
m1_class1_466,m08_m1_466,19,M1,class1,class1:466,466,0.0856019,0.0811577,0.0744752,0,0.082,supplement,new_compile,supplement 2/5: rv 0.082 closest to span target 0.080 (mid-low of remaining-rv span); rule: rv-spread quantile over the 8 rows not chosen by zload12,class1:447 (rv=0.088),01698a86db60e6df4b0ed1e3c0633a687048d9a3852f7ea1117dbe87f3052f90,a67890d0b115de284b4f488048148ef46cfccc77805b8b5a3963afd9c3d1aa6e,b4544b09c2688af8bc7aeeca5140a5d4c1cfc1c5b262709c9618c030d90fa561,confirmation,solver_error,
m2_class2_1489,m08_m2_1489,20,M2,class2,class2:1489,1489,0.0314,0.0314,0.0314,3.454,0.027,supplement,new_compile,supplement 1/5: rv 0.027 closest to span target 0.027 (low of remaining-rv span); rule: rv-spread quantile over the 8 rows not chosen by zload12,class2:1199 (rv=0.054),00de5d5208eab7f7ca17eb32260753be6daddb19d9be5fe2012f70fa57c554a6,a67890d0b115de284b4f488048148ef46cfccc77805b8b5a3963afd9c3d1aa6e,b4544b09c2688af8bc7aeeca5140a5d4c1cfc1c5b262709c9618c030d90fa561,confirmation,completed_quasi_static_failed,
m3_class12_759,m08_m3_759,21,M3,class12,class12:759,759,0.0455,0.101,0.0822,5.8293,0.084,supplement,new_compile,supplement 1/5: rv 0.084 closest to span target 0.084 (low of remaining-rv span); rule: rv-spread quantile over the 8 rows not chosen by zload12,class12:390 (rv=0.107),012f7461d8d03defcec8aa3db47d43720751a18777232df1841f258a7a37d623,a67890d0b115de284b4f488048148ef46cfccc77805b8b5a3963afd9c3d1aa6e,b4544b09c2688af8bc7aeeca5140a5d4c1cfc1c5b262709c9618c030d90fa561,confirmation,placeholder,
m1_class1_1128,m08_m1_1128,22,M1,class1,class1:1128,1128,0.157174,0.146091,0.117194,0,0.143,supplement,new_compile,supplement 5/5: rv 0.143 closest to span target 0.143 (high of remaining-rv span); rule: rv-spread quantile over the 8 rows not chosen by zload12,class1:669 (rv=0.100),02bc62e1492aa7391503911b77275d9ad9e5cb4edcdd6d240b314292955120a5,a67890d0b115de284b4f488048148ef46cfccc77805b8b5a3963afd9c3d1aa6e,b4544b09c2688af8bc7aeeca5140a5d4c1cfc1c5b262709c9618c030d90fa561,confirmation,placeholder,
m2_class2_1580,m08_m2_1580,23,M2,class2,class2:1580,1580,0.05824,0.05824,0.05824,4.13389,0.057,supplement,new_compile,supplement 2/5: rv 0.057 closest to span target 0.070 (mid-low of remaining-rv span); rule: rv-spread quantile over the 8 rows not chosen by zload12,class2:1199 (rv=0.054),012b0fa2132d7e23a6077e2df81e2eefc86786fa2accb1d5c29014b163d023bf,a67890d0b115de284b4f488048148ef46cfccc77805b8b5a3963afd9c3d1aa6e,b4544b09c2688af8bc7aeeca5140a5d4c1cfc1c5b262709c9618c030d90fa561,confirmation,placeholder,
m3_class12_1571,m08_m3_1571,24,M3,class12,class12:1571,1571,0.068,0.12,0.184,4.47,0.127,supplement,new_compile,supplement 5/5: rv 0.127 closest to span target 0.127 (high of remaining-rv span); rule: rv-spread quantile over the 8 rows not chosen by zload12,class12:1245 (rv=0.116),013d00e3193d77c6db8a46e17d8230b210d6c3e4db0cc0e87b2bed9c3f5b3586,a67890d0b115de284b4f488048148ef46cfccc77805b8b5a3963afd9c3d1aa6e,b4544b09c2688af8bc7aeeca5140a5d4c1cfc1c5b262709c9618c030d90fa561,confirmation,placeholder,
m1_class1_1310,m08_m1_1310,25,M1,class1,class1:1310,1310,0.1244,0.111,0.0526,0,0.101,supplement,new_compile,supplement 3/5: rv 0.101 closest to span target 0.101 (mid of remaining-rv span); rule: rv-spread quantile over the 8 rows not chosen by zload12,class1:669 (rv=0.100),034c0cdd31f86db8cd8cc2efbe9e564ba59938c0d8276f04e2923b951507b27a,a67890d0b115de284b4f488048148ef46cfccc77805b8b5a3963afd9c3d1aa6e,b4544b09c2688af8bc7aeeca5140a5d4c1cfc1c5b262709c9618c030d90fa561,confirmation,placeholder,
m2_class2_1651,m08_m2_1651,26,M2,class2,class2:1651,1651,0.14644,0.14644,0.14644,2.63006,0.15,supplement,new_compile,supplement 4/5: rv 0.150 closest to span target 0.154 (mid-high of remaining-rv span); rule: rv-spread quantile over the 8 rows not chosen by zload12,class2:1666 (rv=0.149),014af75673af6f37c39c5e1545dd957357c86c45c58e5bf937f8641934e77128,a67890d0b115de284b4f488048148ef46cfccc77805b8b5a3963afd9c3d1aa6e,b4544b09c2688af8bc7aeeca5140a5d4c1cfc1c5b262709c9618c030d90fa561,confirmation,placeholder,
m3_class12_1685,m08_m3_1685,27,M3,class12,class12:1685,1685,0.043538,0.124634,0.118852,5.762998,0.105,supplement,new_compile,supplement 3/5: rv 0.105 closest to span target 0.106 (mid of remaining-rv span); rule: rv-spread quantile over the 8 rows not chosen by zload12,class12:390 (rv=0.107),0037054e8a5e52eca435a7af91d42d663008b9e057fe032c5bbd96c5a01ba627,a67890d0b115de284b4f488048148ef46cfccc77805b8b5a3963afd9c3d1aa6e,b4544b09c2688af8bc7aeeca5140a5d4c1cfc1c5b262709c9618c030d90fa561,discovery,placeholder,
