epoch,train_total,train_class,train_param,train_kl,train_closed_loop,val_total,val_class,val_param,val_kl,val_closed_loop
1,1.2159522473812103,0.7948946475982666,0.8149891674518586,1.41269700974226,0.34881882146000864,0.8340596914291382,0.6551735758781433,0.5055956840515137,3.8913331985473634,0.08123909831047058
2,0.6201344192028045,0.6063343644142151,0.31530126333236697,12.829925727844238,0.06191540919244289,0.37815059423446656,0.5230329275131226,0.11504280418157578,25.12408905029297,0.03769274279475212
3,0.3493403822183609,0.4962212383747101,0.09824716597795487,34.211241722106934,0.0424009695649147,0.27659597992897034,0.4258413791656494,0.06069555059075356,44.334207153320314,0.0254340972751379
4,0.2627545058727264,0.3911019593477249,0.062611885368824,49.96489715576172,0.03151609823107719,0.19105260372161864,0.2965934932231903,0.03827112540602684,54.88420486450195,0.020644504576921463
5,0.16816481277346612,0.22496518790721892,0.049633776769042015,58.561920166015625,0.023365618847310542,0.08193570673465729,0.08940844386816024,0.03139542192220688,63.691165161132815,0.010569296963512897
6,0.09749651774764061,0.07807637825608253,0.05041658952832222,66.47811126708984,0.02323212902992964,0.055920802801847455,0.028532969206571578,0.033824775367975235,69.0835205078125,0.015353182330727577
7,0.07508067041635513,0.03762384802103043,0.046825690940022466,68.41474838256836,0.02087620422244072,0.04073649272322655,0.014117813110351563,0.025122936069965362,67.56791687011719,0.009596100077033043
8,0.06539342217147351,0.025471723265945913,0.04240288101136684,65.5068920135498,0.01900533027946949,0.040283314883708954,0.010153835639357567,0.026034553721547126,63.51681060791016,0.008786686696112156
9,0.05622738897800446,0.019421183317899705,0.03602707199752331,61.09559440612793,0.014726506173610687,0.03219767585396767,0.005782237648963929,0.019868583977222444,58.23276596069336,0.007811768632382155
10,0.05143463462591171,0.01803503856062889,0.0319455211982131,55.817597198486325,0.0116866085678339,0.03185756728053093,0.004769290704280138,0.0199193824082613,54.221343994140625,0.005166490748524666
11,0.051329807564616206,0.01651370394974947,0.03205611053854227,52.942315673828126,0.011915938835591078,0.03025209568440914,0.003919620160013437,0.01815579757094383,51.811300659179686,0.005797724612057209
12,0.04673473015427589,0.01338208643719554,0.028618704155087472,50.6611385345459,0.01077295746654272,0.03298620209097862,0.006146990135312081,0.019157474860548973,49.2263900756836,0.007582942955195904
13,0.04817984737455845,0.015980786085128783,0.02832088228315115,48.041542053222656,0.011227471474558114,0.02856881022453308,0.0024155596271157264,0.016508423164486884,46.391485595703124,0.006162454653531313
14,0.047490769252181056,0.015090819401666521,0.02759290672838688,45.71476097106934,0.01204053796827793,0.03077150136232376,0.005858292151242494,0.016878641769289972,44.40310516357422,0.004307068418711424
15,0.046356354653835294,0.013537638820707798,0.02723273020237684,43.45655555725098,0.009937768522650003,0.02917412705719471,0.0048714492470026015,0.01548766866326332,42.23874206542969,0.0046069823205471035
16,0.04293523281812668,0.011688636848703027,0.02438530568033457,41.47056159973145,0.010292453598231078,0.024836261197924613,0.004553953697904944,0.011107677407562733,40.52143859863281,0.004036807082593441
17,0.04008223414421082,0.00900591854006052,0.022759507410228252,39.5754898071289,0.009451251896098255,0.029774052649736406,0.006185930781066417,0.015103939920663834,38.57805480957031,0.0038041074760258196
18,0.04018338471651077,0.007721332693472504,0.023383338004350662,37.84871597290039,0.008804248832166194,0.02661750726401806,0.001726787886582315,0.013753932900726795,36.95139846801758,0.005082005634903908
19,0.03965718150138855,0.006554679293185472,0.023100845888257025,36.276302337646484,0.009428951377049088,0.023794184625148772,0.0015732892556115986,0.01097976192831993,35.43791046142578,0.004240908101201058
20,0.03717517852783203,0.006016874453052878,0.020759856700897215,34.94173126220703,0.008798204828053713,0.023528889566659928,0.0019206137396395207,0.01031241025775671,33.71333465576172,0.005091969110071659
21,0.03555890768766403,0.005175641318783164,0.01983113493770361,33.03459930419922,0.007513535302132368,0.022602663561701774,0.001020323345437646,0.009850205853581429,32.05521240234375,0.0048712966032326225
22,0.03513425216078758,0.006024648249149322,0.018696166202425958,32.12009773254395,0.007492687785997987,0.02083646096289158,0.0010617657797411084,0.008258002251386643,31.40292320251465,0.002423503063619137
23,0.03426729515194893,0.004636023589409888,0.018484217673540117,31.11595516204834,0.006683839438483119,0.022260959446430206,0.0009161080815829337,0.009122216328978538,30.006179809570312,0.00512312762439251
24,0.035455210134387016,0.004711230355314911,0.019478467851877214,29.788901329040527,0.00710652801208198,0.025065154209733008,0.0015737778972834348,0.01159270778298378,29.03148193359375,0.004470687080174685
25,0.03600819557905197,0.005064885783940554,0.019304496794939043,29.034725761413576,0.008293812163174152,0.023427924886345864,0.0007994378102011979,0.010069608688354492,28.333597564697264,0.004611728060990572
26,0.0342467587441206,0.004018498049117625,0.018069943785667418,28.09923553466797,0.0076585803180933,0.022504888474941254,0.0008075578371062875,0.009109392389655113,26.95686569213867,0.005040033906698227
27,0.03390046805143356,0.0041166703216731545,0.017567129153758288,27.286145973205567,0.007393473200500012,0.02222520224750042,0.0008261130889877677,0.00886441245675087,26.822957229614257,0.003249641181901097
28,0.03454617001116276,0.004059042362496257,0.018115439638495445,26.90268783569336,0.006595077179372311,0.02204312980175018,0.0005777444457635283,0.00885148923844099,26.121990966796876,0.002544660260900855
29,0.03292966857552528,0.0036514832638204096,0.016726562473922967,25.912712860107423,0.006389263225719333,0.022096921503543854,0.001041352958418429,0.008854839950799942,24.946457290649413,0.0022894841618835925
30,0.034137001261115074,0.004401538125239313,0.017431165277957916,25.301609420776366,0.006180870952084661,0.02114228717982769,0.0010322931222617627,0.007328053377568722,25.009616088867187,0.0026442633010447026
31,0.03409123905003071,0.003862817375920713,0.017287405021488667,25.27735652923584,0.005846635019406676,0.024548536539077757,0.000823794410098344,0.010492356307804585,24.47421760559082,0.003223453089594841
32,0.03413435220718384,0.0034349932800978424,0.017382390797138214,24.507168769836426,0.006137422285974026,0.0244285024702549,0.0004844838287681341,0.010444464534521103,23.959406280517577,0.003010769095271826
33,0.034743191301822664,0.0031373518286272883,0.017871388234198093,24.058405303955077,0.006275770999491215,0.023075698316097258,0.0005833365954458714,0.009187673963606358,23.349292755126953,0.002285588439553976
34,0.034836218878626826,0.004332931921817362,0.01696803970262408,23.92572193145752,0.006305307382717729,0.022178496420383453,0.0006675312994048,0.007809983752667904,23.37827835083008,0.0023148708045482636
35,0.035149640217423436,0.004777916125021875,0.01683614104986191,23.637880325317383,0.006102222017943859,0.023894231393933298,0.0006154332193545997,0.008832243457436561,22.709828186035157,0.0043053489178419115
36,0.034700720384716985,0.0039545554667711254,0.016637955978512763,23.043197441101075,0.006276573985815048,0.02343023754656315,0.0004999472759664059,0.008660927973687648,22.509017181396484,0.0028164580930024386
37,0.03475527167320251,0.0037029460305348038,0.016604462265968324,22.81252784729004,0.006031378079205752,0.023863814026117324,0.0007378497277386487,0.008831976912915707,22.044338989257813,0.0028889236971735956
38,0.03540788851678371,0.003962338855490089,0.016919082682579755,22.46793270111084,0.005994594749063253,0.026566077023744583,0.0010118307545781136,0.01113367434591055,21.886502075195313,0.002802722668275237
39,0.03466405607759952,0.0035144041292369367,0.016178990621119736,22.130070686340332,0.006008507404476404,0.02488545551896095,0.000826409668661654,0.009588126838207246,21.32451171875,0.0026235694997012613
40,0.03489726223051548,0.003713787836022675,0.016417195461690424,21.586076164245604,0.005581139074638486,0.023582545667886735,0.0005311565473675728,0.008079714700579643,21.114238739013672,0.0029027371667325495
41,0.035199541598558426,0.004608958633616567,0.01571062356233597,21.696347427368163,0.005752685759216547,0.02423986606299877,0.0017336554825305938,0.00777212306857109,21.28212547302246,0.0025808051228523254
42,0.035979856923222545,0.003994251601397991,0.016191547363996507,21.74499931335449,0.006118298321962356,0.027104395627975463,0.0008965640270616859,0.010746780410408973,20.808729553222655,0.0031981506384909154
43,0.03501538746058941,0.0033042055671103298,0.015970571991056205,20.788094139099123,0.0058013442903757095,0.02697986401617527,0.0004160432785283774,0.011093934066593647,20.066397857666015,0.0030162539798766373
44,0.03646787516772747,0.002875625714659691,0.016970304772257805,20.8244140625,0.006337545020505786,0.02604255676269531,0.0012550769140943884,0.008939587511122227,20.692137145996092,0.0029572661966085433
45,0.03571097366511822,0.003490911703556776,0.015697201434522867,20.934554290771484,0.005705334898084402,0.025714746862649917,0.0005788155132904649,0.008744575828313828,19.840608215332033,0.004000682383775711
46,0.0363436758518219,0.0040509317885153,0.016213345248252152,20.21032123565674,0.005674532474949956,0.026444926485419275,0.0018471337389200926,0.009292127192020416,19.681561279296876,0.0024783348198980093
47,0.03739289864897728,0.004322979866992682,0.0170002244412899,20.238382148742676,0.0050591184757649895,0.0258295688778162,0.0007850067631807178,0.008691089414060115,19.90351257324219,0.002457214333117008
48,0.03651808239519596,0.0030181995360180737,0.016180526278913022,20.301839065551757,0.005389553960412741,0.02585609517991543,0.0007370936102233828,0.008833270706236362,19.53071823120117,0.0021452168934047223
49,0.036939600855112074,0.004740234394557774,0.015476051531732083,20.06317272186279,0.005527568003162742,0.028021400049328803,0.0010056678671389817,0.01007270235568285,19.560007095336914,0.003003791393712163
50,0.03698381595313549,0.003796306753065437,0.015616422891616822,19.897282791137695,0.005776341818273067,0.02971773371100426,0.0005936279776506126,0.011584808118641376,19.369600677490233,0.0033895553089678286
51,0.03599688671529293,0.0032399920164607465,0.015217390283942223,19.517379570007325,0.00513945696875453,0.029227708280086518,0.0006795501569285989,0.011962970159947873,18.390089797973634,0.0025867738761007784
52,0.036697568371891975,0.002574248763266951,0.016246259305626155,18.871403694152832,0.00561793870292604,0.027984130755066873,0.00045579558936879037,0.010268344916403294,18.805796432495118,0.0023790620733052494
53,0.0370831698179245,0.0025936399237252773,0.015896828565746545,19.419684600830077,0.005470935069024563,0.027945631369948386,0.0005070967483334244,0.009342117793858051,18.87658271789551,0.0033513000700622795
54,0.03744182884693146,0.0035331656923517584,0.015698644611984492,18.825569534301756,0.006067178957164287,0.03120616003870964,0.0006088659865781665,0.012226136028766632,18.022619247436523,0.004910467565059662
55,0.03661046922206879,0.00281684537185356,0.015099004283547402,18.777575492858887,0.005780532257631421,0.025669017806649208,0.0006164677848573774,0.007049334701150656,18.59772605895996,0.002527068089693785
56,0.03710844591259956,0.0027986034634523093,0.01530646849423647,18.942945861816405,0.005445185583084822,0.027039892226457595,0.000799608591478318,0.008767599426209926,17.95097885131836,0.0022364823147654534
57,0.03635036088526249,0.0029696356737986206,0.015017115138471126,18.318417167663576,0.004891862021759152,0.02884097918868065,0.0014029940241016448,0.009606478735804558,18.019803619384767,0.0028283803723752497
58,0.037721593677997586,0.0029967951006256042,0.01550075290724635,18.95329170227051,0.004801855469122529,0.031172005459666252,0.000781697838101536,0.011195006780326366,18.263447952270507,0.0038629678543657064
59,0.03946144059300423,0.0027852809871546924,0.01742283795028925,18.26217575073242,0.005376312602311373,0.03005056232213974,0.001128691656049341,0.010974240303039551,17.37486114501953,0.002853391319513321
60,0.03866482824087143,0.004747438500635326,0.015327998716384173,18.427064514160158,0.005072089005261659,0.028306324779987336,0.0003473168588243425,0.008508157171308994,18.56142578125,0.002126164315268397
61,0.03725016303360462,0.0029987824615091085,0.013998335599899292,18.9726224899292,0.004927208600565791,0.028397278115153312,0.0005708810989744961,0.008736569248139859,17.582457733154296,0.0029995374847203494
62,0.03725106418132782,0.0037434232770465316,0.01423880560323596,18.05492877960205,0.004967573517933488,0.029305415228009224,0.0006327177979983389,0.009525812789797783,17.590338134765624,0.0025731222704052925
63,0.04099150225520134,0.008148760721087455,0.014941629953682423,18.42899684906006,0.00525009143166244,0.03964502736926079,0.016138749569654463,0.009055555798113346,18.541707611083986,0.006102610193192959
64,0.0421397041529417,0.008024134649895131,0.0146662556566298,19.421906852722167,0.005489359237253666,0.029703648388385774,0.0012991277733817696,0.0082834642380476,18.02628364562988,0.003085168357938528
65,0.03881370313465595,0.002725283498875797,0.015702957473695277,17.714676666259766,0.005114409560337663,0.03168419003486633,0.0015413963003084064,0.010849308967590333,17.039097595214844,0.0032103239558637143
66,0.03814976401627064,0.002701237250585109,0.014651289395987987,17.943956565856933,0.00481900735758245,0.029560374841094018,0.00030274113523773847,0.008924751728773116,17.384288024902343,0.0027230734936892985
67,0.0385269794613123,0.0017098252486903221,0.015605199243873357,17.610513114929198,0.004803586984053254,0.029969529807567598,0.0003127542498987168,0.009566091187298297,17.021361923217775,0.00247974693775177
68,0.039846109598875044,0.003226274321787059,0.015850798413157462,17.37793731689453,0.005374359618872404,0.031342915073037145,0.0003818701079580933,0.010506373643875123,16.730843353271485,0.003367968462407589
69,0.03877920210361481,0.0021619801293127237,0.015492328256368638,17.188441467285156,0.004878350161015987,0.030319591239094733,0.0004259447567164898,0.009787456318736076,16.511473846435546,0.0026619330514222384
70,0.038645606860518454,0.0019681329664308577,0.015708519238978626,16.76996726989746,0.004776120092719794,0.02942865379154682,0.0004139364347793162,0.009650692343711853,15.98940372467041,0.0018333797808736563
71,0.03895004093647003,0.0021102687576785685,0.015381992515176534,17.0021333694458,0.0047874465119093655,0.029979535564780235,0.0004467856895644218,0.009124580025672912,16.603482818603517,0.001968214614316821
72,0.03813229389488697,0.0018751812167465687,0.014992921613156796,16.566289710998536,0.004644466983154416,0.031337791308760646,0.000544471456669271,0.011153334379196167,15.520935440063477,0.0025741962715983393
73,0.03740110844373703,0.002211469749454409,0.014343458600342274,16.276212787628175,0.004298378759995103,0.030572523921728136,0.0007681310409680009,0.00893962811678648,16.40506591796875,0.0025786686688661574
74,0.03794418908655643,0.002149020414799452,0.013708613347262144,16.90178508758545,0.004631060105748474,0.02907838635146618,0.0004735580529086292,0.007703431881964207,16.127680206298827,0.0024947380647063256
75,0.03827022388577461,0.001927888684440404,0.014777712989598513,16.237231540679932,0.004464055737480521,0.030913259088993072,0.001308334368513897,0.00923792775720358,15.69268741607666,0.0028106091544032098
76,0.03827069960534572,0.002637416962534189,0.013973539229482412,16.43053617477417,0.0043328791623935105,0.03126882836222648,0.0005727027193643153,0.009161201305687428,16.124789810180665,0.002793081430718303
77,0.03881930001080036,0.0017835990758612752,0.014680473040789366,16.33036470413208,0.004579454334452749,0.030394027754664422,0.0005888306186534464,0.00901576727628708,15.520389175415039,0.002332025347277522
78,0.038596289604902266,0.002712731558131054,0.01405685693025589,15.996955394744873,0.00477404841221869,0.03252017349004745,0.0012157347606262191,0.010400405898690224,15.735632514953613,0.0021111583802849053
79,0.03998218849301338,0.0034398018848150968,0.014275832381099463,16.61552801132202,0.004218684276565909,0.03126008585095406,0.0013420958537608385,0.00846745204180479,16.032469940185546,0.0020243341103196146
80,0.040392137318849566,0.0022543307626619936,0.015429976861923933,16.19323558807373,0.004488027328625322,0.032173334062099455,0.0005203604116104544,0.010412749275565148,15.458649444580079,0.0017777462489902973
81,0.039419664070010185,0.0018886034027673303,0.014726150967180728,15.93529977798462,0.004473112197592855,0.032423338294029234,0.0003578955074772239,0.009940165653824806,15.212498092651368,0.0035347042605280874
82,0.03937864452600479,0.002231533150188625,0.014573807641863824,15.629115009307862,0.004658561525866389,0.03322024941444397,0.0005918176146224141,0.010648411326110363,15.511810684204102,0.00215290910564363
83,0.04015876017510891,0.0028568401176016778,0.014020595233887434,16.264368057250977,0.004421403189189732,0.033411051332950595,0.0005783616797998548,0.00980759020894766,15.737162399291993,0.003089081682264805
84,0.039926184341311455,0.0018437856284435838,0.014668542891740799,15.657279205322265,0.004831116925925016,0.0328052893280983,0.0012469462759327143,0.010257483460009098,15.085103416442871,0.0016103765228763223
85,0.040654512122273445,0.00313641126267612,0.01465690778568387,15.696280193328857,0.0043860025936737655,0.03169181160628796,0.00018833716749213635,0.008806244470179081,15.352941131591797,0.002082800678908825
86,0.040263033285737035,0.0027108501875773073,0.014197064470499754,15.65305757522583,0.004548987746238709,0.032427259534597394,0.0007284159655682743,0.009177664108574391,15.065997314453124,0.002581579191610217
87,0.0404498253017664,0.002222916588652879,0.014607756771147251,15.43050184249878,0.004712763521820307,0.03278840482234955,0.00038412952271755786,0.009492066130042076,14.924724578857422,0.002926847105845809
88,0.040353124216198924,0.0020301086653489618,0.014416404627263546,15.487607669830322,0.004413013998419047,0.031421677023172376,0.0004287077987100929,0.008169563487172127,14.936731338500977,0.002261104993522167
89,0.039620157703757285,0.0016863416996784509,0.014107078500092029,15.219696807861329,0.004188047838397324,0.03129124529659748,0.000405787059571594,0.008440310321748256,14.499688529968262,0.0022803413681685924
90,0.03991871811449528,0.0019676132127642632,0.01428444143384695,15.053062629699706,0.004141751071438193,0.033392582833766934,0.00033781357051339,0.010111202113330364,14.60971794128418,0.0023957937955856323
91,0.03950642496347427,0.0018673478101845832,0.014117953646928073,14.844188785552978,0.0038822236936539413,0.031942108273506166,0.00037570238346233963,0.009380115941166878,14.20727996826172,0.0016528671840205789
92,0.040900733694434165,0.004011322290170938,0.013916719518601895,14.967531967163087,0.004056273424066603,0.033484765142202375,0.0009041734709171578,0.008890769444406033,15.150051498413086,0.0018236633855849504
93,0.04168804287910462,0.0027899833454284816,0.014715381897985935,15.143916988372803,0.004209194518625736,0.0357009619474411,0.0013494637794792652,0.011113717034459115,14.499436187744141,0.002876773476600647
94,0.04305181875824928,0.0033265054575167597,0.0149411435239017,15.373982524871826,0.004723034286871553,0.036295699328184126,0.0027772222529165447,0.008855358883738517,15.689190101623534,0.002943999320268631
95,0.04433341026306152,0.005179678124841302,0.015369306597858668,15.127944087982177,0.004843372898176312,0.03666198551654816,0.004446338070556522,0.011013325490057468,13.889487838745117,0.0028676027432084084
96,0.04501442387700081,0.005801535421051085,0.015265356656163931,15.345270156860352,0.004591739038005471,0.03558703362941742,0.001840712921693921,0.008337288722395897,15.571489334106445,0.0028300114907324316
97,0.045459849014878276,0.004250839201267809,0.015832568053156137,15.505890083312988,0.00486801159568131,0.03833699971437454,0.001568296633195132,0.012688294239342212,14.371759223937989,0.0032604271546006203
98,0.04399496130645275,0.0029812045919243245,0.015848134458065034,14.846346569061279,0.0048143821069970725,0.03592079803347588,0.0002212657651398331,0.010425269231200218,14.649027633666993,0.0029163009952753783
99,0.043147385120391846,0.00288179237395525,0.01510874880477786,14.744831752777099,0.004537533409893513,0.03554283753037453,0.0002869371441192925,0.01068541631102562,14.38129119873047,0.001969644520431757
100,0.04274567738175392,0.0028392094769515096,0.014857408963143826,14.58698902130127,0.004314027493819594,0.03497472405433655,0.0021735459187766535,0.009403573907911777,13.827088737487793,0.002878457913175225
101,0.04375911131501198,0.004813551483675837,0.01466947104781866,14.456976413726807,0.004693909548223019,0.03635814040899277,0.0026639850810170175,0.009651103988289833,14.40013484954834,0.0022696351632475855
102,0.043147113919258115,0.0026303559308871625,0.015004681330174208,14.478276920318603,0.004428365221247077,0.035574359446763994,0.0004914906923659146,0.010423824377357959,13.951775360107423,0.002373542729765177
103,0.043317069113254544,0.003312859800644219,0.014871440082788467,14.349727535247803,0.004311000439338386,0.03425571173429489,0.0005503298598341644,0.0090129429474473,14.03221092224121,0.001757953269407153
104,0.043800287693738935,0.0030466401891317218,0.015048576425760985,14.469383716583252,0.004296250641345978,0.03576785549521446,0.00046575141022913157,0.01066045705229044,13.69362964630127,0.002277795039117336
105,0.04306020885705948,0.0025036508333869277,0.015225946251302958,14.045477676391602,0.0040056993253529075,0.03462086766958237,0.0009860873455181719,0.0089620066806674,13.869001579284667,0.0017901229672133922
106,0.043370901793241504,0.003574283525813371,0.014286100957542658,14.238003063201905,0.004287708643823862,0.03516408205032349,0.0004736670118290931,0.009287373162806034,13.930580520629883,0.002058366849087179
107,0.043426011502742765,0.0021809067809954287,0.014316699467599392,14.503472805023193,0.004308664379641414,0.03659810945391655,0.00042137677664868536,0.010655020922422409,13.60034637451172,0.0029568977653980253
108,0.04303998276591301,0.0016324335476383567,0.015363658592104912,13.694431972503661,0.004420260014012456,0.035266634076833725,0.00015693826135247945,0.00970814861357212,13.418460083007812,0.002653572801500559
109,0.04317549765110016,0.0018570303916931152,0.014784210920333862,13.999357986450196,0.0040612081997096535,0.036836910992860794,0.0002424393518595025,0.011083389818668365,13.547066688537598,0.0020435898564755916
110,0.042074164375662804,0.001141186384484172,0.014878852851688861,13.496463394165039,0.003762404224835336,0.03538575768470764,0.0006163658224977552,0.01073361337184906,12.73965950012207,0.0019758382346481084
111,0.04175184145569801,0.0016225556144490838,0.014667354617267847,13.182914924621581,0.003769634221680462,0.03637072816491127,0.001391622138908133,0.0103894067928195,12.903456878662109,0.002828230569139123
112,0.042090808227658275,0.0019790348887909204,0.014182811602950096,13.37036199569702,0.003920938889496029,0.03384484499692917,0.0003124806680716574,0.008460043184459209,13.045638275146484,0.0017534039681777358
113,0.04288073070347309,0.003656212118221447,0.014008386991918087,13.307765197753906,0.003962561301887035,0.036812137067317965,0.0007002492144238204,0.010763605125248432,12.945773696899414,0.0026343984063714743
114,0.04507573246955872,0.005766058061271906,0.013514945190399886,14.032884883880616,0.0040305530652403835,0.036595871299505235,0.0005098240217193961,0.009079674258828163,13.688748168945313,0.002505325572565198
115,0.04575752578675747,0.0035550494911149146,0.015639223624020815,13.734986686706543,0.004030775721184909,0.039094512909650804,0.0016016713809221983,0.012592517398297786,12.741619110107422,0.0025594460777938364
116,0.046372408792376515,0.005135612704907544,0.01564790718257427,13.455602836608886,0.004285058076493442,0.038050757348537446,0.001847883453592658,0.010624304600059985,13.092884063720703,0.0023792036809027195
117,0.044733912125229834,0.0026109483500476927,0.015011027455329895,13.539741516113281,0.0040298303123563525,0.03709406554698944,0.0004435683542396873,0.01019787285476923,12.961310195922852,0.002799710165709257
118,0.043854976817965505,0.0019160288444254546,0.01524360366165638,12.992273330688477,0.004203775757923722,0.03547724112868309,0.00038695355178788306,0.009856316819787025,12.416923141479492,0.0020149991381913424
119,0.04422441758215427,0.0030390586936846374,0.014509005006402731,13.175845909118653,0.00412757524754852,0.03707017004489899,0.00020878873474430292,0.009769911505281925,13.248821640014649,0.0018380691297352314
120,0.04434431940317154,0.002138016157550737,0.014668570645153523,13.323515319824219,0.003919418854638934,0.03637509569525719,0.0005389912868849934,0.010197770595550538,12.252626419067383,0.0028051524888724087
121,0.04405817724764347,0.002768312836997211,0.014729054365307092,12.946317291259765,0.004104659985750913,0.037211790680885315,0.0033011598512530326,0.009055598266422748,12.725140571594238,0.0021106614731252193
122,0.04344174899160862,0.0020582641242071985,0.014371533133089542,13.08255672454834,0.003751938510686159,0.03824465423822403,0.0021098846569657325,0.01072018388658762,12.741327095031739,0.0019737467635422947
123,0.0439632423222065,0.0024800825747661294,0.015049974992871284,12.814960479736328,0.004086609394289553,0.0377140998840332,0.0006415622541680932,0.011251607351005078,12.520161819458007,0.002202771790325642
124,0.04369720555841923,0.002160995895974338,0.015031014382839204,12.680272388458253,0.004450295073911548,0.0365081213414669,0.0009889929322525858,0.010840628668665886,12.02799186706543,0.002234018035233021
125,0.04252265729010105,0.0017685132392216475,0.014622032456099988,12.477589321136474,0.004122377443127334,0.03594011440873146,0.0003992332611232996,0.010175030119717121,12.16061840057373,0.002488458203151822
126,0.04279449172317982,0.002721104375086725,0.014173923898488284,12.591643047332763,0.004153456026688218,0.036006851494312285,0.0011095401947386562,0.009289934299886227,12.468805503845214,0.0024490696378052235
127,0.04261626750230789,0.002379150374326855,0.013828369602560998,12.784045219421387,0.0040604633977636695,0.0345861591398716,0.0002789764199405909,0.00951866563409567,11.888591766357422,0.002301642205566168
128,0.043943869322538374,0.00509379399009049,0.01486530089750886,12.222111892700195,0.004174893256276846,0.035447254031896594,0.0008704544976353646,0.009852909855544567,12.077798843383789,0.0020070373779162765
129,0.043911168724298476,0.00475718877860345,0.01369185820221901,12.87828607559204,0.004168286197818815,0.03859805166721344,0.005853557214140892,0.010137003660202027,12.077034759521485,0.002760398481041193
130,0.04447765238583088,0.004637617088155821,0.01515854587778449,12.430781078338622,0.004277469660155475,0.03657264858484268,0.0008151830406859517,0.010384887456893921,12.29526882171631,0.0023792617954313754
131,0.04414737299084663,0.004121437401045114,0.014197491016238928,12.82747917175293,0.00446840743534267,0.03622184470295906,0.0006781726551707834,0.010271873883903026,12.197760009765625,0.002430725283920765
132,0.0430573433637619,0.0025923378590960054,0.014602715149521828,12.495097160339355,0.004336528410203755,0.03615039810538292,0.0004912923555821181,0.010178315080702304,12.214952850341797,0.00259306151419878
133,0.042555495724081994,0.002137105236761272,0.014367199782282115,12.473470401763915,0.004345603194087744,0.036073251813650134,0.0015389908221550286,0.010018042474985122,12.073066520690919,0.0022791595198214053
134,0.04118444584310055,0.001380776523728855,0.014184127002954483,12.206195449829101,0.0037950765108689666,0.033503588289022446,0.0005058499344158917,0.009162230044603347,11.605042266845704,0.0017566960770636797
135,0.0409248024225235,0.002086366812000051,0.013964384514838456,12.003404140472412,0.003820850467309356,0.03432779386639595,0.0009228495066054166,0.00949105191975832,11.762000846862794,0.0017026278655976057
136,0.041205312684178354,0.0020603395299986006,0.013809932861477137,12.243660640716552,0.003755773929879069,0.0341436043381691,0.0016630680649541319,0.008494716696441173,12.03513298034668,0.0014941716333851218
137,0.04071729145944118,0.002360742638120428,0.013217344973236322,12.261513614654541,0.0035930908750742676,0.034723108261823656,0.0002554735285229981,0.009738173335790634,11.917470932006836,0.0020445081405341624
138,0.04139315970242023,0.002509066124912351,0.014104010444134474,12.0740140914917,0.003773173247464001,0.03431458994746208,0.00024863588623702526,0.009700958989560604,11.734991645812988,0.0020386544056236744
139,0.040678628534078595,0.001164886826882139,0.014145517628639937,12.068001842498779,0.003629325912334025,0.03278224244713783,0.00017958703392650932,0.008765428140759469,11.59674530029297,0.0014670527074486018
140,0.03999924622476101,0.0016966113325906917,0.01371777057647705,11.853170490264892,0.0034536546794697643,0.03288127258419991,0.0002656276221387088,0.008270311076194048,11.787529754638673,0.00180617559235543
141,0.0399881549179554,0.0016368310782127083,0.013342623971402645,11.994436931610107,0.0036764804739505053,0.03477623388171196,0.0005661602830514312,0.009512981772422791,11.760043716430664,0.0029201647266745567
142,0.041331221163272855,0.003508738154778257,0.013203375786542893,12.2434588432312,0.0037731146439909935,0.03426392748951912,0.001216646982356906,0.008673954382538795,11.944610786437988,0.0021848541684448717
143,0.040076684951782224,0.001242658097180538,0.013360190205276012,12.075212478637695,0.0038894800003618003,0.033112968504428866,0.0002176780821173452,0.009348717145621776,11.335339164733886,0.001969466684386134
144,0.03953039012849331,0.001076767675112933,0.013923569303005933,11.652100372314454,0.00352847024332732,0.032443811744451524,0.00023921324755065142,0.008732715994119645,11.367409896850585,0.0017133348854258656
145,0.03949648067355156,0.0014796714967815205,0.013187934178858995,11.879480457305908,0.003619498293846846,0.03188604786992073,0.00020611563231796027,0.008604839630424976,11.256682395935059,0.0013295650016516448
146,0.03975692540407181,0.0012392431061016395,0.013769087102264165,11.7174391746521,0.003866674844175577,0.03327397257089615,0.0002387784596066922,0.009262612648308277,11.439706420898437,0.002025113790296018
147,0.03865232542157173,0.0008627007773611695,0.013001465331763029,11.6721360206604,0.0037504734005779027,0.03239087909460068,0.00019002765620825812,0.009216542914509773,11.000815200805665,0.0021553805097937586
148,0.039111222326755526,0.0014313704275991767,0.013821621518582105,11.40905532836914,0.0035116098821163177,0.032867474108934404,0.00020425587863428518,0.008762467838823795,11.37657642364502,0.0024994473904371263
149,0.03876551128923893,0.001130926248151809,0.012755751702934503,11.840958499908448,0.003524755802936852,0.03224562965333462,0.0004087316439836286,0.008462781738489866,11.361534118652344,0.001710827904753387
150,0.03786401897668838,0.001152607740368694,0.012741948384791613,11.437530326843262,0.003341409587301314,0.030872150138020516,0.00024624859797768296,0.008108508866280317,10.90262680053711,0.0016705266665667296
151,0.03872683942317963,0.0024369491613470016,0.012528308667242527,11.601866149902344,0.0035526452353224157,0.0325087234377861,0.0006096775352489204,0.008518527075648308,11.300299453735352,0.0021695148199796675
152,0.03887326680123806,0.0014632226899266242,0.012720771320164203,11.799485111236573,0.003643825394101441,0.03201356828212738,0.0002825258590746671,0.008042559586465358,11.462174224853516,0.0018107937183231115
153,0.03871581889688969,0.0017832260928116739,0.012866770382970572,11.605300331115723,0.0034936681389808656,0.033662914484739306,0.0011095555732026697,0.010157636739313603,10.951113319396972,0.0020965422969311475
154,0.03866499811410904,0.0012760963523760437,0.013145774696022272,11.515852546691894,0.003698940039612353,0.03269419893622398,0.00020912678737659008,0.008956229686737061,11.379644966125488,0.0017482297495007514
155,0.03966148383915424,0.0034169862046837807,0.012288963142782449,11.931576347351074,0.003601747425273061,0.03340752273797989,0.0016490605426952242,0.008496814407408237,11.5056303024292,0.002149832854047418
156,0.04103634804487229,0.002777583076385781,0.013842509500682354,11.847407817840576,0.004220460215583444,0.03304799273610115,0.0011280478996923194,0.008370360173285008,11.478152847290039,0.0023146075662225487
157,0.03951496556401253,0.001255421561654657,0.012992739304900169,11.931870555877685,0.004061545548029244,0.031400161981582644,0.00019960535282734782,0.008044003695249557,11.300786209106445,0.0013095628935843706
158,0.0384672861546278,0.0009646590915508568,0.01327369911596179,11.446122646331787,0.0036380211124196647,0.031213800609111785,0.00010288727062288672,0.008528347313404083,10.93893928527832,0.0015122602228075266
159,0.03805755153298378,0.0012712898576864972,0.012709330767393112,11.45677375793457,0.0035980535903945565,0.032031738013029096,0.00018617687164805828,0.008404969982802869,11.19581184387207,0.002284109266474843
160,0.038591311499476436,0.0016161357780219987,0.012614324688911438,11.653382205963135,0.0037243091268464924,0.031909625977277756,0.00016682896530255674,0.008232082426548003,11.342003631591798,0.0018202411476522685
161,0.038236276060342786,0.0011720393056748434,0.01267269728705287,11.641433334350586,0.003389381989836693,0.032390210032463077,0.00031753434450365603,0.008224224112927914,11.246509552001953,0.0030283964704722168
162,0.03834122866392135,0.002141389629105106,0.012247132137417793,11.627996349334717,0.003534814133308828,0.03082706592977047,0.0005511437717359513,0.007387521583586932,11.225854110717773,0.0014245267491787672
163,0.03765544109046459,0.001371952594490722,0.01238239100202918,11.476881885528565,0.003266617702320218,0.03287940621376038,0.003648146678460762,0.00832719709724188,10.982291412353515,0.0015271011041477322
164,0.03798716142773628,0.0018921662966022268,0.01225729500874877,11.546494007110596,0.0033815886126831174,0.03196709901094437,0.000426593649899587,0.008640862442553044,11.140878677368164,0.0016623621108010412
165,0.037862491235136984,0.001201237953500822,0.012634215410798788,11.474599647521973,0.003356914035975933,0.031221206486225127,0.0005705054092686624,0.008091124054044486,11.02513313293457,0.0015891245333477856
166,0.03779916167259216,0.0014159935293719173,0.012612087838351726,11.406298351287841,0.0033329586498439313,0.03165406733751297,0.0004223696363624185,0.008853171765804291,10.86351203918457,0.0017253708094358445
167,0.038090717792510984,0.0016828331747092307,0.01246822290122509,11.553608798980713,0.00334771943744272,0.0331289030611515,0.0034164710261393337,0.007867184653878211,11.36925811767578,0.0016299305716529489
168,0.03739242665469646,0.001263798080617562,0.012005676701664924,11.615831089019775,0.0030463767237961293,0.030603522807359694,0.00039917956746648997,0.008103067986667156,10.847740936279298,0.0012107653077691794
169,0.037066220119595525,0.0010873854422243311,0.012525233626365661,11.148916244506836,0.00339892185293138,0.031157286465168,0.00015440013667102903,0.008710847981274129,10.759147262573242,0.0017018862999975681
170,0.03743300884962082,0.0008590665413066745,0.01257441369816661,11.40101661682129,0.003254055441357195,0.030026694014668464,0.00022965326497796922,0.006588009092956782,11.193268966674804,0.001874640374444425
171,0.03682335764169693,0.0011646340892184526,0.011743722297251225,11.433840942382812,0.003259270335547626,0.03028947003185749,0.0006223659089300782,0.007547304499894381,10.816939735412598,0.00159420445561409
172,0.03719812072813511,0.0018543096346547827,0.01248850515112281,11.098886585235595,0.003169372002594173,0.030829136446118354,0.0003250030567869544,0.008444343321025371,10.724825286865235,0.0015452803811058402
173,0.03745357841253281,0.002029882208444178,0.011994624231010675,11.424134254455566,0.0031914848601445555,0.030774519219994544,0.00014368876873049885,0.0077449725940823555,11.08838996887207,0.0015618436969816684
174,0.036364882811903955,0.001338681936613284,0.01181778497993946,11.184316158294678,0.0030182473361492156,0.03075987696647644,0.0004461222037207335,0.008521973714232444,10.592298126220703,0.0016604883130639791
175,0.03683413155376911,0.001916099595837295,0.012136076670140028,11.059597301483155,0.003241617069579661,0.03114870600402355,0.00013463588984450326,0.008207081817090511,10.961881637573242,0.0019010832998901605
176,0.03641490675508976,0.0005233549396507442,0.011940142884850503,11.330005550384522,0.003106149542145431,0.030751461163163185,0.0002073181349260267,0.00839632898569107,10.71960620880127,0.0016245183767750859
177,0.03654122985899448,0.0014558825292624532,0.012126708775758744,11.059308815002442,0.003135921712964773,0.03143739476799965,0.00037603417586069555,0.008450756408274173,10.965213012695312,0.0017363878199830652
178,0.03659442886710167,0.0011421867704484612,0.01167389126494527,11.395792198181152,0.003115718183107674,0.031203656643629073,0.0001847747334977612,0.008052813820540905,11.060741806030274,0.0018739419989287852
179,0.03710601478815079,0.0015952674759319053,0.011921618692576885,11.347748470306396,0.0033825266174972056,0.03148925229907036,0.00019239903194829823,0.00860155764967203,10.948712348937988,0.0017881402280181646
180,0.03642251566052437,0.0011185835202923045,0.01170490700751543,11.284086608886719,0.0031802864512428643,0.03016989342868328,0.0005042416727519594,0.007842449843883515,10.666239738464355,0.0014856862369924783
181,0.037713706493377686,0.002782239660155028,0.01231191772967577,11.142194557189942,0.003452558140270412,0.030868057161569595,0.0002425496466457844,0.007958203088492155,11.047259521484374,0.001388121722266078
182,0.037361009418964385,0.001367094402667135,0.012310657743364572,11.40031042098999,0.003132363664917648,0.031354163959622386,0.00018681890214793383,0.008319207839667797,11.003872299194336,0.0018676008330658078
183,0.036376041173934934,0.0006359272534609772,0.012116442993283271,11.195866966247559,0.003099799552001059,0.03096286915242672,0.00022680832189507781,0.008782177977263928,10.699058151245117,0.0013383380603045226
184,0.03616568185389042,0.0011751704470952973,0.012052664440125227,11.009552669525146,0.0030126523459330203,0.03051440455019474,0.00018441777210682632,0.008212208561599255,10.708692932128907,0.0015852008014917373
185,0.03572813495993614,0.00134424050047528,0.01132778199389577,11.145190525054932,0.002875701617449522,0.02979208864271641,0.00021426981838885696,0.007308072876185179,10.852357292175293,0.0013443316332995892
186,0.0357198815792799,0.0010994909564033151,0.011516039725393057,11.077175617218018,0.0029994895216077567,0.0298906359821558,0.0002489219987182878,0.007603124622255564,10.702607345581054,0.001515668467618525
187,0.035865115001797676,0.0010512803797610103,0.011427261773496867,11.177962684631348,0.0031125735957175495,0.029595673829317094,0.00011761005589505658,0.007153462525457144,10.811347198486327,0.0015214230865240098
188,0.03555384501814842,0.0008346957387402653,0.011408761329948901,11.089459705352784,0.003097631921991706,0.030122024565935136,0.0002605243105790578,0.007979371584951878,10.578028297424316,0.0017126677557826042
189,0.03570858910679817,0.0009227975737303495,0.011931192129850388,10.902557182312012,0.0030217648716643454,0.030616932734847068,0.0002730656502535567,0.008118987455964089,10.809640884399414,0.0014842599164694547
190,0.03576605692505837,0.0010442762781167404,0.011121726594865322,11.301067638397218,0.0030401113210245965,0.03032262697815895,0.00036200986651238056,0.007976969610899687,10.744059944152832,0.0013530620839446784
191,0.03559930473566055,0.0013637661701068281,0.011834062170237303,10.790796756744385,0.003003528481349349,0.02913486771285534,0.0001490647147875279,0.007756171096116304,10.310388946533203,0.001366771012544632
192,0.03606092743575573,0.0019311173964524642,0.011695300601422787,10.922774982452392,0.003109032893553376,0.029765917360782622,0.00016425808717031033,0.007002843171358108,10.930631256103515,0.0016393653815612197
193,0.03585122860968113,0.000942569860490039,0.011266563460230828,11.307436275482178,0.002997013390995562,0.029855749756097793,0.0001395714236423373,0.00754116578027606,10.80736484527588,0.0012601362308487297
194,0.03535144627094269,0.0005009265354601666,0.011753635201603174,10.901444721221925,0.0030889145098626615,0.02995949573814869,0.0008244787342846394,0.008445199392735959,10.224474143981933,0.0013062168844044208
195,0.03573717921972275,0.0016289268445689232,0.012016537878662348,10.666009044647216,0.0031483175931498407,0.030335765331983566,0.00011391676671337336,0.008473273925483226,10.554902267456054,0.0013914543204009532
196,0.036208084970712665,0.0016987233335385098,0.011510050855576992,11.149866485595703,0.0030978764640167355,0.03107144571840763,0.0017219816785654985,0.0072496294043958185,10.993315887451171,0.0019483869895339013
197,0.0357666727155447,0.0012443910847650841,0.011111331451684237,11.24793643951416,0.00307454545982182,0.0305043775588274,0.0004091498674824834,0.007751014176756143,10.910796356201171,0.0014543917728587984
198,0.035395104065537454,0.0011134253727504984,0.01115251537412405,11.100604152679443,0.0029693330405279996,0.029638686776161195,0.0007004010607488453,0.007825227268040181,10.348788070678712,0.0015313623938709498
199,0.03530289977788925,0.0008137537908623927,0.012066425569355489,10.666561508178711,0.002992946421727538,0.029017259925603868,0.0001109572738641873,0.0074746603146195415,10.455201339721679,0.0011534332763403655
200,0.0348938774317503,0.0007142577145714313,0.011555243283510208,10.766403293609619,0.002897394308820367,0.029307296499609947,0.00036256739986129105,0.00759391700848937,10.347049903869628,0.0016759900376200677
201,0.035054299607872964,0.0015213530947221442,0.011227521207183599,10.77010374069214,0.003051786683499813,0.029186492413282396,0.0003421299828914925,0.0070553612895309925,10.613265800476075,0.0014670680277049542
202,0.034974689781665805,0.0009467401192523539,0.011165929585695266,10.93027114868164,0.002949694055132568,0.02991381511092186,0.00026366197125753387,0.00782649014145136,10.697173690795898,0.0011222933186218142
203,0.03473367989063263,0.0011222259374335409,0.011102704703807831,10.839822387695312,0.002780434279702604,0.029363909363746644,0.0001675863197306171,0.0076386271975934505,10.493031120300293,0.0013108525425195694
204,0.03528815694153309,0.002039075765060261,0.01100540515035391,10.916673374176025,0.0028597326017916203,0.029441095143556594,0.00022576686169486492,0.0072106109000742435,10.734185028076173,0.0012984611559659243
205,0.035758481547236445,0.001976437462144531,0.010980948805809021,11.132020282745362,0.0030505447881296276,0.03043626807630062,0.0015944101003697142,0.006927598919719458,10.895724296569824,0.0018400306580588222
206,0.035862913355231285,0.0020179133920464666,0.011083084251731634,11.170462226867675,0.002859892603009939,0.03061678074300289,0.001261094250367023,0.007574997469782829,10.846698379516601,0.0014356769155710936
207,0.03593194335699081,0.0020860310236457736,0.011481021717190742,10.955930042266846,0.002992092026397586,0.029790564253926278,0.00020573565998347477,0.007626454439014196,10.62366828918457,0.001627810113132
208,0.03629202693700791,0.002144919944112189,0.011366110015660524,11.166947746276856,0.003039120766334236,0.029862335324287413,0.0003253266797401011,0.0068391939625144,10.990450668334962,0.0017591499257832766
209,0.035480473563075064,0.0012420249113347381,0.011089893896132708,11.176697635650635,0.0028323420323431493,0.030249137431383133,0.00010855188884306699,0.007950250431895256,10.703759002685548,0.0016741841565817595
210,0.03487882427871227,0.000573812160291709,0.01165730506181717,10.73838768005371,0.002915674983523786,0.029513534530997275,7.171897959779017e-05,0.00838562697172165,10.186713600158692,0.0014372416771948338
211,0.03469085805118084,0.0005248380082775838,0.011895895004272461,10.545065212249757,0.002884826483204961,0.029109862446784974,0.00020810149871977046,0.007856540195643903,10.242497634887695,0.001328550698235631
212,0.03444365002214909,0.0008870277990354225,0.011204223800450563,10.666163444519043,0.0029271678999066354,0.029308508336544036,0.00018079917936120182,0.007729661650955677,10.397983169555664,0.0013849594630300998
213,0.03404969684779644,0.0007681911170948297,0.010958229936659337,10.624518203735352,0.0029166674474254252,0.02864544279873371,0.0002050169132417068,0.007552017830312252,10.194071769714355,0.0012055430561304092
214,0.033812659606337545,0.0008139047917211428,0.011048842407763004,10.490075397491456,0.0027534267865121365,0.027853994444012643,0.00018378899403614923,0.006817411351948977,10.109128189086913,0.001452862238511443
215,0.03433816507458687,0.001382738450774923,0.010883812699466944,10.63871603012085,0.0029710998991504312,0.02846808023750782,0.0003051925654290244,0.006804574467241764,10.448232269287109,0.00122888651676476
216,0.03438994698226452,0.0017534251586766914,0.010676412004977464,10.688026523590088,0.0029215377289801836,0.028845072165131568,0.0003442767047090456,0.0076710768975317475,10.140804672241211,0.0014404944144189359
217,0.03517124131321907,0.002528324312879704,0.011444306932389736,10.496129322052003,0.002941026259213686,0.028956255316734313,0.0003576115617761388,0.007539030164480209,10.269331359863282,0.0013995111919939518
218,0.03406862989068031,0.0015006642788648605,0.010513357445597648,10.673349285125733,0.002916480554267764,0.029619359970092775,0.0008375577686820179,0.007763942889869213,10.317597579956054,0.0016028842423111201
219,0.03407304510474205,0.0013050532841589301,0.01093737306073308,10.512315654754639,0.0029170265654101966,0.027660655230283736,0.00011101900017820298,0.0064851677976548675,10.270502090454102,0.001157946093007922
220,0.03471538834273815,0.002076830333680846,0.010636540688574314,10.798350143432618,0.0028874612413346767,0.028261862322688104,0.0001378002722049132,0.006524147465825081,10.54302978515625,0.001165508758276701
221,0.03487413376569748,0.0027762494777562098,0.010740614775568248,10.666726016998291,0.0028238815953955053,0.029034636914730072,0.0010931275319308043,0.007268518302589655,10.269924354553222,0.001359409955330193
222,0.03449516855180264,0.0016783582046627997,0.010864364635199308,10.698938274383545,0.0027874955208972096,0.029050666093826293,0.0005579883872997016,0.00719257453456521,10.445692825317384,0.001375421928241849
223,0.0342609453946352,0.0011881739133968948,0.010740918293595313,10.760608577728272,0.0028094448149204253,0.028721144795417784,0.00020729584502987564,0.007445634435862302,10.266939926147462,0.001275962870568037
224,0.03382505178451538,0.0014725482906214893,0.010772054549306631,10.461571598052979,0.00278715705499053,0.02869863174855709,9.649751882534474e-05,0.007661353051662445,10.120525360107422,0.0014959573978558182
225,0.03400840759277344,0.0015295719538698904,0.010794689785689116,10.477434539794922,0.0029881233815103768,0.02889820784330368,0.00012375704973237588,0.007314539141952991,10.342236137390136,0.001674634451046586
226,0.0345723494887352,0.0019601653795689343,0.011015683691948653,10.532876777648926,0.0030216577695682647,0.0283216692507267,0.0012456863885745406,0.006721281073987484,10.135070037841796,0.0014148090966045856
227,0.03475089035928249,0.0023697218974120917,0.010871617496013642,10.584640407562256,0.003050260595045984,0.029647009819746016,0.0024762044195085764,0.006900761369615793,10.281466293334962,0.0018904265947639943
228,0.03418307416141033,0.0012394632096402348,0.010810115467756986,10.587453937530517,0.0031566363060846923,0.028837231546640398,0.00037747182068414986,0.007626008428633213,10.107632064819336,0.0016144446562975645
229,0.03398018665611744,0.0007374170672846958,0.011478960141539573,10.263949966430664,0.0032092321198433638,0.028340615332126617,0.0005356241308618337,0.007549998257309199,9.798404884338378,0.0018519870936870575
230,0.033641787618398665,0.0009911352186463772,0.011348163336515426,10.133012390136718,0.0030640617245808245,0.02770144268870354,0.0003177518723532557,0.007198578864336014,9.84511489868164,0.0013075114926323294
231,0.03373584561049938,0.0013067000516457483,0.011112579982727766,10.241601181030273,0.0029734222218394278,0.027276010438799857,0.0006696941825794056,0.0063852970488369465,9.99542236328125,0.0011300400597974657
232,0.03359778821468353,0.001836209773318842,0.010483914148062467,10.418847465515137,0.002716146223247051,0.028377220779657365,0.0005638256028760224,0.007259048707783222,10.077378463745116,0.0013630041852593423
233,0.03373275846242905,0.0019981982186436653,0.010423947218805551,10.456668758392334,0.0027927478309720754,0.02801639623939991,0.0008621977453003637,0.006740143988281488,10.090342330932618,0.0013289327267557382
234,0.03334309868514538,0.0009841706312727183,0.010667071305215358,10.424028015136718,0.0026717691915109755,0.027525416389107705,0.0001648199337068945,0.006469607260078192,10.132414245605469,0.0014171392191201448
235,0.032966292649507525,0.0005579326854785905,0.010743697173893452,10.26609535217285,0.0028228753712028266,0.027183196693658828,0.000894017200334929,0.006576439365744591,9.747908401489259,0.0013278638944029808
236,0.032448727265000345,0.0008231004816479981,0.010664499457925558,10.01363468170166,0.0026908139465376736,0.028024209663271904,0.0018299676943570376,0.007091003842651844,9.644451141357422,0.0014586357865482569
237,0.032621152512729165,0.0008100975130219013,0.01088507305830717,9.97549409866333,0.0027600854402408,0.026957964524626732,0.00010500732314540073,0.006676355283707381,9.776216125488281,0.0013533436693251133
238,0.032407603785395624,0.0005902946199057624,0.010492414887994527,10.13104543685913,0.002715899213217199,0.02678585983812809,0.00027076610713265835,0.006425699125975371,9.79910659790039,0.0012531266547739506
239,0.03213450293987989,0.0014641466696048155,0.010062738880515098,9.991395664215087,0.0027137980796396732,0.027260076254606247,0.0004457343718968332,0.006950234156101942,9.713586807250977,0.0013196018990129232
240,0.0323159459978342,0.0008853374718455597,0.01019912613555789,10.16488094329834,0.002688777633011341,0.026768190786242485,0.00011252555268583819,0.006246001552790403,9.912546539306641,0.001281662774272263
241,0.03239779844880104,0.0012152372917626053,0.010274037811905145,10.08406753540039,0.0026960109360516073,0.026407567784190178,8.515308581991121e-05,0.006300869490951299,9.666648864746094,0.0014616462402045726
242,0.03209336791187525,0.000917433068389073,0.010346345696598291,9.969238758087158,0.002699654269963503,0.02730495631694794,0.0005248444358585402,0.007009928021579981,9.587823104858398,0.0017139173345640303
243,0.032222052291035655,0.0006946579509531148,0.010697792004793882,9.913121223449707,0.0027013768441975115,0.02767615132033825,9.037281706696376e-05,0.007596162892878055,9.631625556945801,0.0015431001782417297
244,0.032304195873439315,0.0007115940607036464,0.010689394734799861,9.943862819671631,0.0027425540378317238,0.027709027007222175,0.00021606613299809396,0.007706823386251926,9.610710334777831,0.00134549830108881
245,0.032196301966905594,0.0007440670480718837,0.01055983519181609,9.944308280944824,0.0027516310103237627,0.026780485361814498,0.00013025473890593275,0.0066910887137055395,9.666422653198243,0.0013828485738486052
246,0.031656951270997526,0.0007192235498223454,0.01009651031345129,9.924830055236816,0.0027023385278880595,0.0268354207277298,0.0015173389663686975,0.006385844387114048,9.53991470336914,0.0012221531942486763
247,0.03190223667770624,0.0010276046756189316,0.010229151789098978,9.885668087005616,0.002775890054181218,0.026554665341973305,0.00012442029546946287,0.006669855024665594,9.60749855041504,0.0012152044102549553
248,0.031680242344737056,0.0010661643638741225,0.009983999375253915,9.927254581451416,0.002617300837300718,0.026774972304701807,0.00011339422708260827,0.006711163558065891,9.638418388366699,0.001460545905865729
249,0.032305800914764406,0.0011999526410363614,0.010401337314397097,9.945023441314698,0.0028288801200687884,0.026795172691345216,0.00014011649182066321,0.006716777384281158,9.679588127136231,0.0012983186170458794
250,0.031911174580454824,0.0007051901789964177,0.009939077030867337,10.121338939666748,0.002753648580983281,0.026833655685186385,0.00015071534726303072,0.006445046421140433,9.8424654006958,0.001256641699001193
251,0.03264860473573208,0.0012491196161136032,0.010338627360761165,10.16056203842163,0.002728584920987487,0.02676439955830574,0.0005544643776374869,0.006482637021690607,9.710460090637207,0.0011672187596559525
252,0.033070449344813825,0.0032629127832478843,0.01006716350093484,10.010413455963135,0.0027020037639886143,0.026479904353618623,0.0003140159729809966,0.006286330986768007,9.70653076171875,0.0012470067944377662
253,0.032302293553948404,0.0015521597786573693,0.00977021837607026,10.209192180633545,0.002675220323726535,0.026745636388659476,0.00021852956269867717,0.006219868641346693,9.935154151916503,0.0010923875961452723
254,0.03235208000987768,0.0012625879346160219,0.009983514435589314,10.217470932006837,0.002604658016934991,0.026986084505915643,0.0013828578870743514,0.0064414688386023045,9.663482856750488,0.001052441238425672
255,0.03230909146368503,0.0017876324011012912,0.009971469361335038,10.044883060455323,0.0027080781059339643,0.026572102680802345,0.0007025429571513086,0.006422679219394922,9.600180053710938,0.0011955822352319955
256,0.031816655211150645,0.0012790512220817619,0.010151822119951248,9.864008331298828,0.002594580384902656,0.026168932020664216,9.227917180396617e-05,0.0063869298435747625,9.566036224365234,0.0012075780425220728
257,0.03152032047510147,0.0006639242448727601,0.009996794443577529,9.91305570602417,0.002730903844349086,0.026232774183154107,0.00014910117315594106,0.006293041352182627,9.625400352478028,0.001228757668286562
258,0.03138923160731792,0.0008887172545655631,0.009874056186527013,9.880305290222168,0.0026204099878668783,0.026314279064536095,0.00018383911810815334,0.006495848204940558,9.601543807983399,0.0010468453634530305
259,0.031099178828299046,0.0008614875536295585,0.009582560043781996,9.908391666412353,0.002538181166164577,0.0261253222823143,0.00013638202071888372,0.006353571359068155,9.567489624023438,0.001137158670462668
260,0.031430307775735855,0.0010623778915032744,0.009934461116790772,9.846045780181885,0.0025451316963881255,0.026368248090147973,8.009552839212119e-05,0.006459320243448019,9.603790855407714,0.001322591956704855
261,0.03128633499145508,0.0008129210415063426,0.009840080607682466,9.845160579681396,0.0026989433681592345,0.025779128074645996,7.52495019696653e-05,0.0060435964725911616,9.529034423828126,0.0012796750757843255
262,0.031010976061224937,0.0011372006323654205,0.009624230861663818,9.804734230041504,0.0024173509096726774,0.025814030691981314,0.00020604956662282348,0.006266970932483673,9.437737274169923,0.0011371187400072813
263,0.031134109757840634,0.0006767898827092722,0.009830816742032766,9.81051139831543,0.002687749220058322,0.02565762847661972,8.906292350729927e-05,0.006067565176635981,9.459284591674805,0.0012539257295429707
264,0.03104810118675232,0.0008598187385359779,0.009951173327863216,9.71117286682129,0.002489343099296093,0.02598828114569187,7.334041147259996e-05,0.006832059193402529,9.289341354370118,0.0010817391332238913
265,0.031138312257826328,0.0006391621442162432,0.010255199577659368,9.64112720489502,0.00256255310960114,0.02572355717420578,7.531594965257682e-05,0.0064208338037133215,9.357629203796387,0.0010996119119226933
266,0.03076190985739231,0.0008147327549522743,0.009651191998273134,9.711793804168702,0.0025595255428925157,0.025162042677402498,5.674709027516656e-05,0.0056566930375993255,9.431470108032226,0.0012280688621103763
267,0.03063039164990187,0.0007135712687158958,0.009443752001971006,9.758215618133544,0.002626844635233283,0.02582065910100937,6.39791862340644e-05,0.006065234448760748,9.473623657226563,0.0015523753594607116
268,0.030803781934082508,0.0009171738449367695,0.009511199593544007,9.777272701263428,0.0025588972494006157,0.025272979587316512,0.00022704056755173951,0.005794744100421667,9.39927978515625,0.0011323113460093737
269,0.03065660111606121,0.0007867742708185688,0.009533011633902789,9.716008377075195,0.0025963695952668786,0.025216030329465865,0.00011760162451537325,0.005778493452817201,9.391774368286132,0.0011903716251254082
270,0.030467719212174414,0.0005896699309232645,0.009695971198379994,9.614700317382812,0.002495022187940776,0.025407004356384277,0.00017739349859766663,0.006181067693978548,9.264271545410157,0.0012173904106020927
271,0.03152460511773825,0.0018975086160935462,0.01002929750829935,9.607685470581055,0.0026623642770573497,0.025604380667209624,0.00011566766625037417,0.006115176994353533,9.425346374511719,0.0011613513343036175
272,0.030564813129603862,0.0006787021018681116,0.009376086760312319,9.791505432128906,0.002532726596109569,0.02549303211271763,4.1206218884326515e-05,0.005815569031983614,9.497955703735352,0.0013218963518738746
273,0.03004440348595381,0.0004386776388855651,0.009186109434813261,9.719774436950683,0.002398809976875782,0.02522452250123024,5.958834299235605e-05,0.006226464733481407,9.20713119506836,0.0011080016382038593
274,0.030573132634162902,0.0005793925782199949,0.010091952700167894,9.462817001342774,0.0025316975312307476,0.025070079416036607,8.483111159875988e-05,0.006325728911906481,9.114726257324218,0.0009449644712731242
275,0.03069253470748663,0.0010178132739383726,0.00996250296011567,9.466919708251954,0.0025745691964402795,0.025561024621129035,0.0002193184074712917,0.006238679494708776,9.321919441223145,0.001137693435885012
276,0.031123464182019233,0.0014448801593971439,0.00931215351447463,9.847846221923827,0.0027863541152328255,0.02498723827302456,0.0003177153354045004,0.004793134052306414,9.667402267456055,0.0014008814236149193
277,0.03139479886740446,0.002371178864268586,0.008926085568964482,9.954890537261964,0.002746683661825955,0.026576362550258636,0.002221125434152782,0.005257120169699192,9.668821907043457,0.0017420698422938585
278,0.03067152127623558,0.0007773167919367552,0.009424901194870472,9.797837734222412,0.0025245719123631718,0.02556375078856945,0.0008096791338175535,0.005927410069853067,9.350054931640624,0.0010627788724377751
279,0.030654689855873586,0.0011807914401288145,0.009549301490187645,9.628282833099366,0.002516851108521223,0.02511618286371231,5.8233221352566034e-05,0.005925693083554506,9.295948791503907,0.0011389505816623569
280,0.031123797968029977,0.0018676954743568786,0.009376438334584236,9.78202838897705,0.002498908853158355,0.02555328644812107,9.460363944526761e-05,0.005721470806747675,9.602024841308594,0.0011609279550611972
281,0.03099452331662178,0.0012858309826697222,0.009288719762116671,9.895018768310546,0.002545699058100581,0.025208400189876558,0.0002529586054151878,0.005553331784904003,9.480151176452637,0.0011365714017301798
282,0.030687416903674603,0.0006771667176508345,0.009410160314291715,9.824925327301026,0.002577643608674407,0.02492896094918251,7.774751138640567e-05,0.005514936894178391,9.447395706176758,0.0009607148356735706
283,0.029970005340874194,0.00019081744540017098,0.009370482340455056,9.645211696624756,0.0024273798801004885,0.02524307109415531,0.00014959701729821973,0.006236548721790314,9.222615814208984,0.0009729831479489803
284,0.030034480802714824,0.0004177140799583867,0.009609575010836124,9.48765230178833,0.0024814856238663196,0.025293095409870146,0.0005117818174767308,0.006178571935743093,9.138383102416991,0.001163731049746275
285,0.03005861137062311,0.0006279661189182662,0.009559240564703942,9.461476516723632,0.002524868003092706,0.02494729533791542,0.00039324316312558947,0.005903421528637409,9.099287223815917,0.0012973520904779434
286,0.030130311474204065,0.0006742872057657224,0.009749715682119131,9.40401725769043,0.0024708334356546404,0.02441316992044449,0.00018749737937469036,0.005587124451994896,9.121189498901368,0.0009798343293368817
287,0.030202805623412134,0.0007208950497442857,0.009614263102412224,9.496422481536865,0.002470499323680997,0.02467093728482723,0.00010866405937122181,0.005562722496688366,9.261949920654297,0.001059964089654386
288,0.029954306222498416,0.000666956500208471,0.009294033888727427,9.572575950622559,0.002363283443264663,0.02443356029689312,0.0001561052573379129,0.005316477734595537,9.234455871582032,0.0011402358300983905
289,0.03024182878434658,0.001186521805357188,0.009309625253081322,9.576837825775147,0.0023705319501459597,0.02538226880133152,0.00029078359075356274,0.006055994052439928,9.301901817321777,0.0011541583109647036
290,0.029745113290846347,0.00030191335536073894,0.009249418415129185,9.54858341217041,0.002495141699910164,0.024538949131965637,0.0001457012418541126,0.005686678551137447,9.145892715454101,0.0009752648882567882
291,0.029899060167372225,0.0005596587987383827,0.009530177060514688,9.433031940460205,0.0024459769716486334,0.02590274065732956,0.0017194102751091123,0.006208941526710987,9.090559768676759,0.001305948104709387
292,0.029892584681510924,0.0007758594088954851,0.009430149476975203,9.408882141113281,0.0025134806986898185,0.024934099242091178,5.271292029647156e-05,0.006175359431654215,9.098319816589356,0.001071483944542706
293,0.02958377543836832,0.0007037842631689272,0.009212166164070367,9.401434516906738,0.002433694922365248,0.024610286206007005,9.063416946446523e-05,0.0059135591611266134,9.067840003967286,0.0010314583196304739
294,0.030077138729393483,0.000737905883579515,0.00970370788127184,9.3963228225708,0.0024236632045358418,0.024709405750036238,0.00013522515073418617,0.005810211226344108,9.100231170654297,0.0012622362468391658
295,0.0298638379201293,0.0011058581061661244,0.009153068996965885,9.460791397094727,0.00247251158580184,0.02436143532395363,6.748625019099563e-05,0.005599804129451514,9.102431869506836,0.0010460462886840104
296,0.029317431338131427,0.0004970612877514214,0.00906257526949048,9.40692596435547,0.002384946565143764,0.024854475632309914,0.00011821486259577796,0.006060112453997135,9.092988967895508,0.0010985556058585645
297,0.029432277753949167,0.0007454046484781429,0.009157548658549786,9.380354976654052,0.002282632212154567,0.024392512813210487,5.982505826978013e-05,0.005798505153506994,9.021466636657715,0.0010423228377476335
298,0.029500211775302886,0.00033429601026000453,0.009471552353352309,9.324397087097168,0.0024254327872768044,0.02455080784857273,0.0001210487331263721,0.005873214267194271,9.002214431762695,0.0012252782005816698
299,0.029579612240195275,0.0005674742104019969,0.009501725062727928,9.28195276260376,0.002460486302152276,0.024319597333669663,0.00039930649800226095,0.005560214258730411,9.035823631286622,0.0009761631954461336
300,0.03004774171859026,0.0017086906300392002,0.009144659992307425,9.431140613555907,0.002372907241806388,0.0246709868311882,0.0002217544650193304,0.00565392579883337,9.182668685913086,0.0010816923808306456
301,0.02961620017886162,0.0010027444368461147,0.008696870179846883,9.599854946136475,0.002436493942514062,0.02494986690580845,0.0006005085626384244,0.005391066242009401,9.369985580444336,0.0010371470707468688
302,0.029630582220852374,0.0007326403982006013,0.008874679822474718,9.595503902435302,0.0023971474263817074,0.025223998725414275,0.0008559604961192235,0.005843592528253794,9.143008422851562,0.0013328163651749492
303,0.029508444853127,0.000565474592440296,0.009314319305121898,9.369693183898926,0.0023440033430233596,0.024236681312322615,7.264002197189256e-05,0.005690696462988853,8.999274063110352,0.0010222302982583642
304,0.029524930566549302,0.0004399929006467573,0.00941912829875946,9.331957530975341,0.0024437794461846353,0.02434917576611042,5.809983340441249e-05,0.00572440791875124,9.04108543395996,0.001027092826552689
305,0.02929562795907259,0.0005391965387389064,0.009105885401368141,9.360798740386963,0.0023970913141965868,0.024525230377912523,0.00022459875326603652,0.005813929159194231,9.038794326782227,0.0010428242152556778
306,0.029385387897491455,0.0005952615101705305,0.00910547561943531,9.38102331161499,0.0024404672672972082,0.02432095631957054,0.00023959134996403008,0.0056187138892710205,9.047551345825195,0.0009746862109750509
307,0.02922308221459389,0.000699220591923222,0.009040412306785584,9.352575302124023,0.0022558166645467283,0.024651550129055975,0.00024362087133340539,0.005987085867673159,9.01622657775879,0.0010204007383435964
308,0.029735465161502363,0.0012369563672109507,0.009272348135709763,9.354433917999268,0.0022715398808941245,0.024196337908506393,0.00014411359443329276,0.005407439358532429,9.117338180541992,0.000964330357965082
309,0.029521942138671875,0.0006091552379075438,0.009043930750340223,9.500685691833496,0.0023441233206540346,0.024487221240997316,8.078087848844007e-05,0.005540558975189925,9.215206336975097,0.000951716210693121
310,0.029537944309413432,0.0008101676328806206,0.008896761666983366,9.531058979034423,0.002347959904000163,0.024663566425442696,0.00017780669732019304,0.0056441652588546274,9.20404930114746,0.0010447976412251592
311,0.029247944988310338,0.0004867499606916681,0.00894338320940733,9.467621517181396,0.0022518851095810533,0.02386380173265934,6.49548826913815e-05,0.005195814557373524,9.075505256652832,0.00096899758791551
312,0.02903894018381834,0.0003918515802070033,0.008961363229900599,9.33253526687622,0.0024331589229404926,0.024557383731007576,0.0004199765651719645,0.005899194255471229,8.96784553527832,0.0010250170016661286
313,0.02890338357537985,0.0004921722153085284,0.008893999736756086,9.305010509490966,0.0023065527668222783,0.024131929874420165,6.115047290222719e-05,0.005710775498300791,8.945094299316406,0.0010007803677581251
314,0.029110151901841165,0.0008331574317708146,0.009023388661444188,9.23266134262085,0.0024097215384244917,0.024147890135645868,0.00017881659077829682,0.005555022414773703,8.958590126037597,0.0011725590797141195
315,0.029275924526154996,0.0010338642430724576,0.008839739952236414,9.343260765075684,0.002465459913946688,0.024519485235214234,0.0012211711145937443,0.005160129349678755,9.092162704467773,0.0011288879672065378
316,0.02927632424980402,0.0009134630701737479,0.00877014258876443,9.434893894195557,0.0023593234829604624,0.024123174697160722,0.00011044320417568088,0.005273195169866085,9.15405445098877,0.00097329574637115
317,0.028999493457376957,0.00048345841642003504,0.008620747644454241,9.484600734710693,0.0023356300545856355,0.0241560909897089,8.466821600450203e-05,0.0052975394763052465,9.154600524902344,0.0010140318190678954
318,0.029486394301056863,0.0007315492344787345,0.009047274198383092,9.438541316986084,0.002392524410970509,0.024104617536067963,0.00047977182985050606,0.005201157461851835,9.06760139465332,0.0010567392222583295
319,0.02930002473294735,0.0009999234025599435,0.008879224397242069,9.36976957321167,0.002362597524188459,0.024201925098896026,7.382943695120048e-05,0.0055589316412806514,9.04783363342285,0.0010208201594650746
320,0.029046304151415826,0.0006206513891811483,0.008854896109551192,9.353323459625244,0.0023488689679652453,0.02415982149541378,7.702754955971614e-05,0.005569577030837536,9.037807083129882,0.0009522306034341454
321,0.02925272472202778,0.000863484718138352,0.008908177353441715,9.364339256286621,0.002368252258747816,0.024479078873991967,0.0002912236508564092,0.005626103095710278,9.081965255737305,0.0010868639219552279
322,0.029438387043774127,0.0010489619584404864,0.008947469387203455,9.387415027618408,0.0023832112783566117,0.024584825709462167,8.339920459548012e-05,0.0058649290353059765,9.07989501953125,0.0010368101648055017
323,0.028979433700442314,0.0003494262826279737,0.008847421035170555,9.375858211517334,0.002411164320074022,0.02397143393754959,7.95492211182136e-05,0.005391757376492024,9.050272560119629,0.0008787107304669917
324,0.02901072259992361,0.00033133582255686635,0.009031733684241771,9.321408081054688,0.0023410073947161434,0.024296304583549498,0.00011999029375147075,0.005765889678150416,8.971952819824219,0.001053026458248496
325,0.02909670677036047,0.0008351246055099182,0.009018056467175484,9.247542095184325,0.002332006674259901,0.023988691344857215,4.4914698810316624e-05,0.005565316695719957,8.946131896972656,0.0010173042304813863
326,0.028661645762622357,0.0002952658134745434,0.008901478443294763,9.243214988708496,0.00225220809224993,0.02404889017343521,0.00011800252250395715,0.005626023001968861,8.930561637878418,0.0010054822429083287
327,0.029054133035242558,0.0006404111947631464,0.009173155948519706,9.202622127532958,0.002311053010635078,0.023769207671284674,5.740047126892023e-05,0.005405895598232746,8.916570281982422,0.00100293995346874
328,0.029218598268926144,0.001075410092016682,0.009046004246920347,9.237409496307373,0.0023201394127681852,0.02420669235289097,6.96214301569853e-05,0.00565459206700325,8.992930221557618,0.00106285500805825
329,0.02896244842559099,0.0005279123201034963,0.008850243594497442,9.351031017303466,0.002292372053489089,0.023729652166366577,0.00012073037869413384,0.005084998067468404,9.07317008972168,0.0008758943527936936
330,0.028814806416630746,0.00047680638381280004,0.008734546042978764,9.352972888946534,0.002271820278838277,0.02384769432246685,5.89207855227869e-05,0.005333379935473203,9.020274353027343,0.0008886097231879831
331,0.029016057960689068,0.0007203645611298271,0.008876863401383162,9.324176502227782,0.00226131659001112,0.02417384758591652,9.209536219714209e-05,0.005551748350262642,9.01734447479248,0.001082723680883646
332,0.02877706177532673,0.0006111907288868679,0.008810312114655971,9.282737064361573,0.00219135950319469,0.023863009363412856,7.481409338652156e-05,0.005444532353430986,8.936690330505371,0.0010153787210583688
333,0.02908348049968481,0.001072231632861076,0.008917592838406563,9.246361827850341,0.002274094778113067,0.02401421032845974,0.0005057537462562322,0.005289593059569597,8.961557388305664,0.0010972491232678293
334,0.028821926191449167,0.0008625816175481304,0.008660998102277518,9.310138988494874,0.0022187172202393413,0.024015817046165466,0.00010539556969888509,0.005495111830532551,9.002229499816895,0.0009270936716347933
335,0.02874068692326546,0.00032943034311756493,0.008843309432268142,9.297574043273926,0.002275027218274772,0.024247374013066293,0.00018982208421221004,0.005584963131695986,9.007961845397949,0.0011031502392143012
336,0.02906544767320156,0.0009399600137840025,0.008836636785417795,9.282116317749024,0.002389195980504155,0.02383822314441204,0.00021372019546106458,0.005320544634014368,8.983089256286622,0.0008892804267816246
337,0.028375428915023804,0.0003007483814144507,0.008549478510394693,9.288500499725341,0.0021971481386572123,0.024414925649762154,0.0005246653454378247,0.005675600934773683,8.97123317718506,0.0010690501891076564
338,0.02863167189061642,0.0005812589530250989,0.00869242027401924,9.259854412078857,0.0022578246193006636,0.023765338584780693,0.00014755497395526617,0.005438804440200329,8.90303840637207,0.0008933589910157025
339,0.028642165288329125,0.000633098000253085,0.008752551302313805,9.207116222381591,0.002317663771100342,0.02363393418490887,7.476004102500156e-05,0.005286682303994894,8.897546768188477,0.0010295558720827102
340,0.02832833435386419,0.00025879153472487817,0.008681803848594427,9.186647701263428,0.0022876772214658558,0.023701448738574982,7.811515242792667e-05,0.0054253795184195045,8.872130203247071,0.0009855034295469522
341,0.028686738200485708,0.0007783312888932414,0.008801806066185237,9.174927806854248,0.002291820733807981,0.02402299493551254,4.248720360919833e-05,0.005774501617997885,8.876502227783202,0.0009484894340857864
342,0.02888890225440264,0.0005265524727292359,0.009080128837376833,9.18986349105835,0.002331537241116166,0.02350545786321163,4.859945256612264e-05,0.005180096626281739,8.891225433349609,0.0010372205870226026
343,0.028593586385250093,0.00048556814872426914,0.008853888884186745,9.193116569519043,0.0022213596617802977,0.02366384267807007,5.479009341797791e-05,0.005412016343325376,8.880684852600098,0.000926122406963259
344,0.028986290842294694,0.0009211957833031193,0.008961180038750172,9.208821010589599,0.0022937399568036198,0.023716431856155396,0.0001112322963308543,0.005355377960950136,8.905174255371094,0.0009901765850372612
345,0.028641586378216743,0.0004783772325026803,0.008759473823010922,9.231370830535889,0.0023603639099746944,0.024052052572369576,4.662981082219631e-05,0.005581021029502154,8.955412292480469,0.0010737829143181443
346,0.02893775999546051,0.001024167539435439,0.008736876863986253,9.266534233093262,0.0023114606505259872,0.023700633272528648,0.00020036371279275045,0.005212205927819014,8.96613006591797,0.000911968620494008
347,0.02871921956539154,0.0007016854266112205,0.008642564248293638,9.279295349121094,0.0023344426415860655,0.02376314178109169,0.00011578707053558901,0.0052794420160353185,8.959142303466797,0.001015040639322251
348,0.0284709133207798,0.00046160723504726773,0.008502861391752959,9.274185276031494,0.002377755125053227,0.023983998596668242,0.0005055151879787446,0.005411219410598278,8.927351188659667,0.0009306372376158834
349,0.028449524007737637,0.00041651480059954336,0.008653100486844778,9.237236595153808,0.0022273829323239624,0.023695918172597884,8.840237569529563e-05,0.005333185940980911,8.90781898498535,0.0010057843988761305
350,0.0288578275591135,0.0009387026977492497,0.008815921191126109,9.223536777496339,0.002250960119999945,0.023878200352191924,0.000113896862603724,0.005450576357543468,8.929670333862305,0.0010226660640910267
351,0.028399979509413243,0.00027819373208330943,0.008654401823878288,9.246665287017823,0.002226298954337835,0.02379794716835022,3.864479149342515e-05,0.0054562737233936785,8.926991844177246,0.0009367317543365061
352,0.02833246123045683,0.0003101758687989786,0.008569511026144028,9.244304370880126,0.002238504565320909,0.023561107739806176,0.00021079489233670755,0.005186009127646685,8.900617790222167,0.0009369284845888615
353,0.028777811489999295,0.00022950574348215013,0.009157392289489507,9.190997791290282,0.0022473396849818526,0.023764782771468162,6.787269376218319e-05,0.005499572306871414,8.87873191833496,0.0009476183797232807
354,0.028468121215701102,0.00020889777442789637,0.008905489835888148,9.176330757141113,0.002211040980182588,0.02367929369211197,0.00011474406346678734,0.0054042525589466095,8.863700103759765,0.0009805373032577337
355,0.028849022462964058,0.0013649694476043806,0.008677239529788494,9.186905765533448,0.0022309703403152526,0.02384169548749924,7.51577244955115e-05,0.005522540491074324,8.89862289428711,0.0009686611592769623
356,0.028424831479787825,0.000346200567582855,0.00872589610517025,9.21476707458496,0.0021926005370914935,0.023405440524220465,4.831688493140973e-05,0.005140904150903225,8.891735458374024,0.0009138138731941581
357,0.028512982465326787,0.00041849195331451484,0.008783804345875978,9.198679065704345,0.002245146781206131,0.023834149911999704,0.0003204890294000506,0.005480292998254299,8.872325134277343,0.000897922262083739
358,0.02808295488357544,0.0006514119377243333,0.008297006273642183,9.182078456878662,0.0021921694511547684,0.023493173345923424,3.622163349064067e-05,0.005304212402552366,8.87221851348877,0.0008528243284672499
359,0.028232400305569172,0.00029556082881754264,0.008570549078285694,9.19289140701294,0.0022565737599506974,0.024048096686601638,0.00043846631015185265,0.005653137993067503,8.863227272033692,0.0008985399967059493
360,0.028551814146339893,0.0006230088401935063,0.008737637661397457,9.174274921417236,0.002308242674916983,0.02360125631093979,0.0004666191831347533,0.0052064800634980205,8.851673126220703,0.0009162417729385198
361,0.028344211727380754,0.0003641022543888539,0.008687046077102422,9.168111228942871,0.0022777826641686262,0.023302655294537546,3.7580926436930896e-05,0.005143153667449951,8.845216369628906,0.0009005539468489587
362,0.028234509006142616,0.00023993751528905705,0.008676135260611773,9.172636413574219,0.002186262561008334,0.023785362020134926,7.505306421080604e-05,0.005626328755170107,8.839102745056152,0.0008865991374477744
363,0.028581524454057216,0.0005842470942297951,0.008833587355911731,9.150718402862548,0.00230875127017498,0.023709182813763618,6.1033491510897876e-05,0.00553145119920373,8.841738510131837,0.0009274731390178203
364,0.028465533070266245,0.0005619993120490107,0.008746763225644827,9.165884017944336,0.0022120021749287844,0.023383550718426703,4.79191767226439e-05,0.005213196761906147,8.844392776489258,0.0009152155951596796
365,0.0282196132466197,0.00020688609220087528,0.008675289247184992,9.165769672393798,0.002218681899830699,0.02368575520813465,6.390421258402057e-05,0.005479619186371565,8.843660354614258,0.0009737259475514293
366,0.028667235188186167,0.0006791967207391281,0.00886774156242609,9.159885120391845,0.0022802487947046757,0.0238214623183012,8.231021565734409e-05,0.005618272349238396,8.84559669494629,0.0009416804765351117
367,0.02826186064630747,0.0005230248018051498,0.008524721395224333,9.17378101348877,0.002256128843873739,0.02359514608979225,6.290926976362243e-05,0.005403242632746696,8.852418899536133,0.0009112201980315149
368,0.028176099061965942,0.0002651094619068317,0.008581294398754834,9.180285263061524,0.002203357685357332,0.023288193717598916,0.00015535123529843985,0.005063083395361901,8.846856689453125,0.0009074419504031539
369,0.028558467142283918,0.0009832988798734732,0.008645747601985932,9.146689796447754,0.00225537964142859,0.0232198141515255,3.726814247784205e-05,0.005075308959931135,8.838855171203614,0.0008963191765360534
370,0.0286902679130435,0.001141393426223658,0.00867988057434559,9.14345817565918,0.0023055462399497626,0.023783116787672042,0.00035231269139330835,0.005449326708912849,8.849053764343262,0.0009190515265800059
371,0.028392576798796653,0.000915474364592228,0.008528690785169601,9.173724937438966,0.002117395692039281,0.023222465068101883,4.4121313840150834e-05,0.005000574607402086,8.8624418258667,0.000949888862669468
372,0.028245905973017217,0.0004943363164784387,0.008546879515051842,9.173972797393798,0.0022078242735005917,0.02336420938372612,6.037703715264797e-05,0.005149973183870315,8.859254264831543,0.0009310752269811928
373,0.02832233775407076,0.0007512518059229478,0.00850232420489192,9.164583778381347,0.0022304380079731347,0.023952076956629754,0.0004726817038317677,0.005559163633733988,8.855630874633789,0.0008906199596822262
374,0.02826676666736603,0.00041500167280901225,0.008598084282130002,9.165793418884277,0.002259188238531351,0.023728738352656365,0.00012170854461146519,0.005518058221787215,8.845845413208007,0.000916268618311733
375,0.028133196011185645,0.00029456220072461293,0.008580312877893449,9.13814172744751,0.0022586364299058913,0.02352469488978386,3.7703884299844506e-05,0.005351043306291103,8.837633514404297,0.0009590635192580522
376,0.028130518086254597,0.00048807345156092196,0.008504315372556448,9.150704669952393,0.0021615119883790614,0.023646898195147516,7.868328539188952e-05,0.005465208180248737,8.83626937866211,0.0009396175155416131
377,0.028310665115714072,0.0002157390204956755,0.008783166855573654,9.148578071594239,0.0022449432872235775,0.02347531244158745,0.0001015791334793903,0.0053011513315141204,8.8321044921875,0.0009183218469843268
378,0.028312743827700614,0.0006466001133958344,0.008627158496528864,9.142191410064697,0.0021558041451498868,0.023397935554385185,5.736734892707318e-05,0.005232009291648865,8.838142585754394,0.0009219149360433221
379,0.02826708760112524,0.0006786142912460491,0.008554946398362517,9.140613460540772,0.002183211944065988,0.023602023348212244,0.00012049376600771211,0.005375917535275221,8.843230056762696,0.0009587957290932536
380,0.028479248471558093,0.0005699027475202456,0.008737077377736569,9.170450019836426,0.00223263839725405,0.02375514470040798,4.324196997913532e-05,0.005549510195851326,8.848489379882812,0.0009740678477101028
381,0.028157483972609042,0.0003613839508034289,0.008514108043164015,9.174249172210693,0.0022283697267994284,0.02354033663868904,4.628601891454309e-05,0.005370761360973119,8.844756317138671,0.0009138353168964386
382,0.02843825947493315,0.0005095159896882251,0.008743379823863506,9.170343112945556,0.0021988702937960625,0.023582897335290908,6.219971255632118e-05,0.005397594999521971,8.842099380493163,0.0009400065522640943
383,0.028009652532637118,0.0003218535566702485,0.008455261867493392,9.160106563568116,0.0021464988123625515,0.023546243086457253,4.628617207345087e-05,0.005369255132973194,8.840453338623046,0.0009458763641305267
384,0.02843053061515093,0.0005472511140396819,0.008700752444565297,9.151705169677735,0.0023054840974509718,0.023486973345279695,9.575285803293809e-05,0.0052940393798053265,8.837149238586425,0.0009415167151018977
385,0.02785897720605135,0.00031404657784150913,0.008319685235619545,9.147697734832764,0.00217374546919018,0.02344352677464485,7.789008232066408e-05,0.005251712445169687,8.83399829864502,0.0009697458939626813
386,0.028776766918599605,0.0014026916796865407,0.008642685785889625,9.15756254196167,0.0022352183354087175,0.023541447520256043,0.00031446670182049273,0.005238879378885031,8.83330421447754,0.0009574510972015559
387,0.028049964644014835,0.00027475988244987095,0.00851883301511407,9.146702671051026,0.0022006908431649206,0.023604097217321394,0.00022709202457917854,0.00535085815936327,8.83499984741211,0.0009393848944455385
388,0.028381168842315674,0.0006341587119095493,0.00866749044507742,9.149902248382569,0.0021935875876806675,0.023651789873838425,0.0007379220529401209,0.00515243448317051,8.834639358520509,0.0009222293621860445
389,0.02831863835453987,0.00044351356555125674,0.008684463147073985,9.146960639953614,0.002236993005499244,0.02357138805091381,5.799349892186001e-05,0.00541270561516285,8.83514575958252,0.0009187862509861588
390,0.028292683139443397,0.0003486585505015682,0.008648619428277016,9.16112060546875,0.002294984785839915,0.023273317888379098,0.00011809966526925564,0.005081654712557793,8.83620376586914,0.0009204099769704044
391,0.02797095086425543,0.00034992627988685856,0.008397316467016936,9.14406156539917,0.0022210944211110474,0.023406123742461205,6.807018653489649e-05,0.005219486728310585,8.835988235473632,0.0009612489375285804
392,0.027965783141553402,0.00044602134221349843,0.008387649944052101,9.137989807128907,0.0021582838613539933,0.023370669782161714,6.751427135895938e-05,0.0052004273049533365,8.83482723236084,0.0009336615796200932
393,0.02852669861167669,0.0010041586734587326,0.008620614372193813,9.156252574920654,0.002182997949421406,0.023364093527197836,0.00011927858286071568,0.005173297878354788,8.835298538208008,0.0009211175492964685
394,0.028267162665724755,0.0004740340693388134,0.00857850220054388,9.16008882522583,0.00226292978040874,0.023261585831642152,6.586184172192588e-05,0.00508879879489541,8.836419296264648,0.0009340330376289785
395,0.028142594918608665,0.0002982570062158629,0.008535984670743346,9.16109323501587,0.0022705887909978627,0.0236196868121624,0.00023260185407707467,0.005361397098749876,8.83650016784668,0.0009379741502925753
396,0.028131693415343762,0.0003352685787831433,0.008596251625567675,9.146968269348145,0.0021477395435795187,0.02356250733137131,6.779291070415638e-05,0.005396140087395906,8.836176872253418,0.0009202319430187345
397,0.028316726349294184,0.00037811859510838985,0.008675661124289035,9.1664137840271,0.0022383544477634133,0.023485463112592697,5.2581864292733374e-05,0.0053262047469615935,8.836109924316407,0.0009214931633323431
398,0.028350772708654402,0.0004464264900889248,0.008673639781773091,9.161217975616456,0.00226296535693109,0.023286385089159013,0.00012673587771132587,0.005080367159098387,8.836251831054687,0.0009402908850461245
399,0.028439407423138618,0.00047295532858697696,0.008808944001793861,9.140972709655761,0.0022240785416215657,0.023497911542654036,0.00018465316970832645,0.005285967327654362,8.836328506469727,0.0008939203689806163
400,0.02812544461339712,0.00038661751023028046,0.008575851563364267,9.143593502044677,0.0021381933707743882,0.023454520106315612,4.1314572445116934e-05,0.005300132278352976,8.836525344848633,0.0009213592042215168
