epoch,train_total,train_bending,train_axial,val_total,val_bending,val_axial
1,0.7799611330032349,0.3821390807628632,0.3978220522403717,0.2565727770328522,0.12177518606185914,0.13479758501052858
2,0.1918175056576729,0.09646356329321862,0.09535394385457038,0.10281524360179901,0.045144271850585935,0.05767097324132919
3,0.106334737688303,0.046447650715708735,0.05988708734512329,0.05652622878551483,0.023429492861032485,0.03309673592448235
4,0.07157557681202889,0.02993291337043047,0.04164266400039196,0.038407754898071286,0.015020650066435336,0.023387105017900468
5,0.049225930124521255,0.02029864527285099,0.028927284851670267,0.02011849209666252,0.007404161151498556,0.012714330852031708
6,0.038384558632969856,0.01627602633088827,0.02210853211581707,0.0164126455783844,0.0057324391789734365,0.010680207051336765
7,0.03232361525297165,0.013410882465541363,0.0189127329736948,0.016734341531991957,0.00557332094758749,0.011161020211875438
8,0.029604229144752026,0.011944547854363918,0.017659680917859077,0.013159816339612006,0.006342393252998591,0.006817422993481159
9,0.030071861296892165,0.012494030315428973,0.01757783070206642,0.01592288613319397,0.0045625163242220875,0.011360369995236397
10,0.02829342186450958,0.011246259603649379,0.01704716207459569,0.008193520270287991,0.00272673056460917,0.005466789938509464
11,0.024335687793791295,0.010451284423470496,0.013884403184056282,0.011599168181419373,0.006512485910207033,0.005086682550609112
12,0.023485153540968896,0.009917656145989894,0.013567497394979,0.009541497379541398,0.003749415930360556,0.005792081356048584
13,0.021831750869750977,0.009892560448497534,0.011939190421253442,0.0058819491416215895,0.0023072038777172564,0.0035747454036027192
14,0.020384721644222736,0.008948048856109381,0.011436672508716583,0.0070300973951816555,0.0031528886407613753,0.0038772087078541516
15,0.018346313014626504,0.008249598508700728,0.010096714273095131,0.004478941857814789,0.0017250760458409787,0.0027538657654076816
16,0.01723225973546505,0.007402182696387172,0.009830076899379491,0.005517387390136718,0.002003906900063157,0.0035134803503751753
17,0.01754526700824499,0.0075014516245573756,0.01004381524398923,0.004480438306927681,0.0018640295136719942,0.002616408746689558
18,0.016441704146564005,0.007109495811164379,0.009332208335399628,0.004504169709980488,0.0021670368500053883,0.0023371330462396145
19,0.016122720669955015,0.0070563689805567265,0.009066351735964418,0.003695075213909149,0.0014481469988822937,0.0022469281684607267
20,0.015860708057880403,0.0068659761920571325,0.00899473181925714,0.003894710727035999,0.0014472611248493195,0.0024474495090544223
21,0.01602767677977681,0.007004247792065143,0.009023428987711668,0.006180584896355867,0.002986445976421237,0.0031941390130668878
22,0.01570211723446846,0.006784576224163175,0.008917540730908512,0.005577905848622322,0.002555603766813874,0.003022302221506834
23,0.014940059743821621,0.006621106015518308,0.008318953588604927,0.004710392653942108,0.002415688242763281,0.002294704504311085
24,0.014886533468961715,0.0067542778793722395,0.008132255543023348,0.005300572700798511,0.002886916324496269,0.002413656376302242
25,0.015019293501973152,0.006410428183153271,0.008608865179121494,0.004844901151955128,0.001384386676363647,0.003460514498874545
26,0.01568149384111166,0.006468872400000691,0.009212621487677097,0.00459784185513854,0.002190025895833969,0.0024078158661723138
27,0.014249709341675043,0.006144855543971062,0.008104853658005595,0.005109637696295977,0.002264495473355055,0.002845142222940922
28,0.013906431943178177,0.006398017005994916,0.007508414890617132,0.003717912174761295,0.0022068268619477747,0.0015110853593796492
29,0.01296781338751316,0.00610843482427299,0.006859378563240171,0.0030517470091581344,0.0013067348627373576,0.0017450121231377125
30,0.013302175048738717,0.005742667242884636,0.007559507712721824,0.0046006103977560995,0.0018481382168829442,0.002752472087740898
31,0.01375456927344203,0.006136897811666131,0.007617671554908156,0.0050541766919195655,0.002298597898334265,0.0027555787935853006
32,0.012678395956754684,0.00532319163903594,0.007355204317718744,0.0028251787181943653,0.0011930689914152026,0.001632109726779163
33,0.012120272126048803,0.00537942536175251,0.006740846671164036,0.0029030744917690754,0.001011046557687223,0.0018920279573649168
34,0.011606849450618028,0.005180076416581869,0.006426772940903902,0.0029488624073565005,0.00153941351454705,0.0014094488229602574
35,0.011548190657049418,0.005104280449450016,0.006443910207599402,0.003595001809298992,0.0017641866113990545,0.0018308151978999377
36,0.01192600978538394,0.0057752095628529785,0.006150800129398703,0.0030107672326266767,0.0012403195025399328,0.0017704476602375507
37,0.012298430781811476,0.005243720021098852,0.0070547106675803665,0.0044375891797244545,0.0015696258516982198,0.002867963397875428
38,0.011507507413625717,0.004914883198216558,0.006592624215409159,0.0032410532701760532,0.0017887868452817202,0.0014522664248943328
39,0.011390786990523339,0.005173258949071169,0.0062175281811505554,0.0021010673604905604,0.0007408373057842255,0.0013602300081402064
40,0.011112328805029392,0.004671047767624259,0.006441281223669648,0.0021833240520209075,0.0010334825608879327,0.001149841444566846
41,0.010575203411281108,0.004589757788926363,0.005985445668920874,0.004439475759863853,0.001172298123128712,0.0032671775668859484
42,0.011174647975713015,0.004808842623606324,0.006365805258974433,0.0035752204712480307,0.001273855846375227,0.002301364624872804
43,0.011486603133380412,0.005152708757668734,0.006333894468843937,0.005446497444063425,0.0024983819108456372,0.0029481154400855304
44,0.010959255695343017,0.004648051457479596,0.00631120428442955,0.0035860152915120126,0.0016143845859915018,0.0019716307055205108
45,0.011024489160627126,0.004953099926933646,0.006071389280259609,0.002838104218244553,0.001656275545246899,0.0011818286031484604
46,0.01042541190981865,0.004785159789025784,0.005640252074226737,0.0030548836104571818,0.0014988226350396872,0.0015560610219836235
47,0.011058819945901632,0.004961561458185315,0.0060972585808485745,0.003740995191037655,0.0008692129049450159,0.0028717821929603814
48,0.010593291744589806,0.004357204120606184,0.006236087577417493,0.002632863447070122,0.001037731603719294,0.0015951318200677633
49,0.01024403776973486,0.0044734231662005184,0.005770614556968212,0.0022023700177669523,0.001225743885152042,0.0009766260627657175
50,0.00976335546001792,0.004394120862707495,0.005369234597310424,0.0020983431488275526,0.0009748571086674928,0.0011234860168769956
51,0.010459822043776512,0.004502158472314477,0.0059576635248959064,0.0029260898008942604,0.0015383416321128607,0.0013877481454983354
52,0.010804740060120822,0.004851988796144724,0.005952751263976097,0.0034425785765051843,0.0015965787461027503,0.0018459998536854982
53,0.010723469778895378,0.004629015922546387,0.00609445390291512,0.0032913947477936746,0.0009189652977511287,0.002372429333627224
54,0.010318594984710217,0.004275151947513223,0.0060434429440647365,0.00396819356828928,0.0014084938913583756,0.002559699583798647
55,0.010216058045625687,0.004148304183036089,0.006067753955721855,0.0021472671069204807,0.0008888628333806991,0.0012584042036905886
56,0.009919457510113716,0.0041680401656776665,0.005751417484134436,0.002302527008578181,0.0009938785224221647,0.0013086485676467418
57,0.009845678042620421,0.004522398067638278,0.005323279788717628,0.002279150951653719,0.0009510578354820609,0.0013280931394547223
58,0.009759108442813158,0.004456934961490333,0.005302173690870405,0.00224037766456604,0.0010667833499610423,0.0011735942447558046
59,0.009202969912439584,0.004048126353882253,0.005154843535274267,0.0016875229077413679,0.0008076649624854326,0.0008798579219728708
60,0.009264811361208557,0.004203089070506394,0.005061722313985229,0.0017854581819847226,0.0008054461795836687,0.000980012002401054
61,0.009101813659071922,0.004147615190595389,0.0049541984684765335,0.002924709254875779,0.0015187185490503907,0.0014059907523915171
62,0.009535955917090177,0.003994087758474052,0.005541868135333061,0.004412458278238773,0.0010305873118340969,0.0033818709664046763
63,0.009835523366928101,0.004252419620752334,0.0055831037927418945,0.0026134863961488008,0.0007235663128085434,0.0018899200484156608
64,0.009842683468014002,0.004237764677964151,0.005604918766766787,0.004304999671876431,0.0010337911546230317,0.003271208563819528
65,0.009270511334761977,0.004031998361460865,0.005238513043150306,0.001980010699480772,0.0008602032787166536,0.0011198074324056506
66,0.009036791790276767,0.00396618356462568,0.00507060824893415,0.002482978766784072,0.0008683411637321114,0.0016146376263350248
67,0.008940246980637312,0.004084013984538615,0.004856232879683375,0.00277387211099267,0.0010646922048181296,0.001709179929457605
68,0.009314222168177367,0.004144542501308024,0.005169679550454021,0.004106857161968946,0.0016523645259439944,0.0024544927291572094
69,0.01012375634163618,0.004440762847661972,0.005682993261143565,0.0023917440325021745,0.0011468303855508566,0.001244913600385189
70,0.010197348054498434,0.004231317690573633,0.005966030433773995,0.0022891721222549678,0.0008246804238297046,0.0014644916169345378
71,0.009419859293848276,0.004111716756597161,0.005308142537251115,0.001991779590025544,0.001093398267403245,0.000898381310980767
72,0.009199454914778471,0.004242966556921602,0.004956488357856869,0.002237698994576931,0.0007657249574549496,0.0014719740021973849
73,0.008790064183995128,0.0037371259881183506,0.005052938172593713,0.0034040171653032304,0.0015376805327832698,0.001866336609236896
74,0.009023296553641558,0.004063572478480637,0.004959724145010114,0.005015254393219948,0.002817227505147457,0.002198026981204748
75,0.009755367692559958,0.004577643261291087,0.0051777244079858065,0.0035381969064474106,0.0014530562097206713,0.0020851406268775465
76,0.008706786204129457,0.003881221008487046,0.004825565265491605,0.002962699392810464,0.0009415401611477137,0.002021159278228879
77,0.009174352418631316,0.0037878316128626467,0.005386520735919475,0.003707538405433297,0.0010510497260838747,0.002656488586217165
78,0.009108114056289196,0.003854664089158177,0.00525344992056489,0.0029165661893785,0.0014409824274480344,0.00147558378521353
79,0.008924885652959347,0.003905435046181083,0.005019450699910522,0.0024452295154333116,0.0009949078783392906,0.0014503215439617633
80,0.008837822964414955,0.0038989786989986897,0.004938844172284007,0.0020581976510584354,0.0009436005027964711,0.0011145971249789
81,0.008492550859227777,0.003744299034588039,0.004748251801356673,0.0018139584455639124,0.0006927772774361074,0.001121181156486273
82,0.008953835535794496,0.003952409327030182,0.005001426255330443,0.004583138693124056,0.0015921218786388637,0.002991016721352935
83,0.009366861870512366,0.00407766574062407,0.005289196223020554,0.0019858154468238355,0.0005805152817629277,0.0014053001767024397
84,0.008916550781577826,0.003753092954866588,0.005163457756862044,0.004049897100776434,0.0018781878985464572,0.002171709248796105
85,0.008882748568430543,0.0038023249013349413,0.005080423736944795,0.0024630400352180005,0.001031473046168685,0.001431567035615444
86,0.008029880002140999,0.003526633768342435,0.004503246070817113,0.0023520588874816895,0.0009253140073269605,0.0014267449267208576
87,0.007813641661778092,0.003554343222640455,0.004259298369288444,0.0018335061380639673,0.000813919585198164,0.0010195865761488676
88,0.007540191803127527,0.003223018394783139,0.004317173408344388,0.0010743700433522463,0.0005158931133337318,0.0005584769183769822
89,0.007464201422408223,0.003298791404813528,0.004165409924462437,0.001272462448105216,0.0004887362476438284,0.0007837262121029199
90,0.0071850844193249944,0.0032117557246237995,0.003973328834399581,0.0016109651187434793,0.0008712311740964651,0.0007397339912131428
91,0.007261189352720976,0.0031981834210455416,0.004063005978241563,0.0015856881393119693,0.0008168222615495324,0.0007688659010455012
92,0.007325705699622631,0.003206921718083322,0.004118783981539309,0.001799722365103662,0.0007501961896196008,0.0010495261289179326
93,0.007261651149019599,0.0031163715058937667,0.004145279643125832,0.0017318756319582463,0.0008384135086089373,0.0008934620884247125
94,0.007577192457392812,0.0033053160877898335,0.004271876206621528,0.00215043481439352,0.0010498900664970279,0.0011005447478964925
95,0.00746550657786429,0.0033002159092575313,0.004165290668606758,0.0013658685609698295,0.0005901769269257784,0.0007756916340440512
96,0.007323956955224276,0.0034066898748278617,0.003917267033830285,0.0027144009247422217,0.0010888379998505115,0.001625562901608646
97,0.008091395907104015,0.0036281493958085775,0.004463246650993824,0.0035655918531119824,0.0015905342297628522,0.0019750576466321945
98,0.007874869462102651,0.0034171009669080377,0.0044577684020623565,0.0015773530583828687,0.0007049430743791163,0.000872410018928349
99,0.007085990067571402,0.0032022133702412246,0.003883776697330177,0.001688301656395197,0.0005617992021143437,0.0011265024542808533
100,0.007274899538606406,0.003191484836861491,0.004083414585329593,0.003335986938327551,0.0013070108834654093,0.0020289760548621418
101,0.007784410612657666,0.0034569447161629796,0.004327465919777751,0.0011137899477034808,0.00048628248041495683,0.0006275074905715883
102,0.007348227873444557,0.003320529661141336,0.004027698119170964,0.0014563572593033313,0.0006911265663802624,0.0007652306579984724
103,0.007312416331842542,0.003121373173780739,0.004191043227910996,0.0024740810506045817,0.0012206644983962177,0.001253416435793042
104,0.007186374394223094,0.003158289729617536,0.004028084711171687,0.0017746336758136748,0.000741658522747457,0.0010329751763492822
105,0.007266733329743147,0.003128020791336894,0.004138712491840124,0.0014351082034409046,0.0005310792010277509,0.0009040290373377502
106,0.007157030934467912,0.003201993298716843,0.003955037542618811,0.002034502779133618,0.0009509122930467129,0.0010835905326530338
107,0.00727634709328413,0.0032543806824833154,0.004021966340951621,0.0014189588138833642,0.0006526375887915492,0.000766321225091815
108,0.007119707437232137,0.0030998234637081624,0.004019883996807039,0.0020232845563441515,0.001066524162888527,0.0009567603818140924
109,0.007087394967675209,0.0031188904773443936,0.00396850451361388,0.0022159058600664137,0.0009792753728106618,0.001236630487255752
110,0.006909751240164042,0.00314043948892504,0.0037693116813898087,0.0019613336306065323,0.0010612161597236991,0.000900117470882833
111,0.006882205791771412,0.003109005861915648,0.003773199929855764,0.0028331732377409936,0.0015204266412183643,0.0013127466663718224
112,0.007200966589152813,0.0032726010540500283,0.00392836551181972,0.003137230733409524,0.001167252380400896,0.001969978399574757
113,0.007004818785935641,0.0030947818653658033,0.003910036897286773,0.001882935338653624,0.0010723229497671127,0.0008106124121695756
114,0.0069850979372859,0.0030201699351891874,0.003964927978813648,0.0017821485176682471,0.0008181526907719671,0.0009639958152547479
115,0.006837988737970591,0.002916135382838547,0.003921853355132043,0.0013750666286796332,0.0005562981823459268,0.0008187684696167707
116,0.006807608576491475,0.002971909730695188,0.0038356988225132227,0.0013321689330041409,0.000622223096434027,0.0007099458714947104
117,0.006647735880687833,0.0029722725739702582,0.003675463330000639,0.0016579055925831198,0.000882254505995661,0.0007756510633043945
118,0.0063804246485233305,0.0027978682657703756,0.0035825563594698907,0.0013221289962530136,0.00052586441161111,0.0007962645962834358
119,0.0066041972022503614,0.0028950846986845135,0.003709112573415041,0.0013314029900357127,0.0007362545933574438,0.0005951483966782689
120,0.006482945801690221,0.0028723862022161485,0.0036105595994740725,0.001772582856938243,0.0007115353713743388,0.0010610474972054362
121,0.0065351718105375765,0.0028499826788902284,0.0036851891316473486,0.0015421974472701549,0.0005194955854676663,0.0010227018501609564
122,0.006543260999023914,0.0029607759322971107,0.003582485020160675,0.0015111295506358147,0.0007925253827124834,0.0007186041446402669
123,0.006737907417118549,0.0029719554353505374,0.003765951981768012,0.0013143665390089154,0.0005907666636630893,0.0007235999219119549
124,0.006557091930881142,0.0028650884749367835,0.003692003455944359,0.0016458554193377495,0.0007840445381589234,0.0008618108462542295
125,0.006336958566680551,0.0028645520098507403,0.0034724065801128743,0.0011827919399365783,0.0005233895964920521,0.0006594023667275906
126,0.0063034218270331625,0.0028576279524713754,0.003445793897844851,0.0016796983312815429,0.0006677356897853315,0.0010119626531377435
127,0.006455216184258461,0.0028685083845630286,0.003586707799695432,0.0015963174635544419,0.0006969588343054056,0.0008993586292490363
128,0.006458750506862998,0.00281578425783664,0.0036429662024602292,0.00125517132692039,0.0005224371911026537,0.0007327341591008008
129,0.006697438471019268,0.0029148596338927748,0.0037825787672773003,0.0014054037630558014,0.0007812050986103714,0.0006241986993700266
130,0.0063993862830102445,0.0028154081432148815,0.0035839781630784273,0.0014332132879644633,0.0006602138979360461,0.0007729993900284171
131,0.006511440733447671,0.0028764167800545692,0.003635024023242295,0.0015223336406052113,0.0006263429182581604,0.0008959906874224544
132,0.006378855044022203,0.0028097636997699736,0.003569091437384486,0.001445109979249537,0.0006579646258614957,0.0007871453533880412
133,0.006473099114373326,0.002809041878208518,0.0036640573060140015,0.0014747262466698885,0.0007988326717168093,0.000675893563311547
134,0.0065718919038772585,0.002929766196757555,0.0036421256605535745,0.0012257838156074286,0.0006126334657892585,0.0006131503381766379
135,0.006688991561532021,0.002891604998148978,0.0037973865633830427,0.0013828556751832367,0.000603644282091409,0.000779211416374892
136,0.006607536226511002,0.0028543538879603147,0.0037531823851168155,0.001913156034424901,0.0009606424486264586,0.0009525135857984424
137,0.0067777222953736786,0.0030970250722020865,0.003680697176605463,0.0012909096898511053,0.0007372919237241149,0.0005536177661269904
138,0.006786855263635516,0.003039079951122403,0.003747775312513113,0.0013253811746835708,0.0005645325989462435,0.000760848552454263
139,0.00636901524849236,0.002782942564226687,0.0035860726842656732,0.0016516604460775851,0.0007991203106939793,0.0008525401470251381
140,0.006538661662489176,0.0027451619273051618,0.0037934997119009493,0.0015047620981931686,0.0006948699709028005,0.0008098921389319003
141,0.006325395917519927,0.0028373275883495806,0.003488068305887282,0.0022270385641604664,0.0010802301811054349,0.00114680842962116
142,0.006383911427110434,0.0027530058287084103,0.0036309055518358945,0.0015287869609892368,0.0007844567880965769,0.000744330184534192
143,0.006235248874872923,0.0027180195087566973,0.0035172293661162256,0.001648388709872961,0.0007965484401211143,0.0008518402464687824
144,0.006213045073673129,0.0027825331781059504,0.003430511895567179,0.0020615599118173123,0.0008865118725225329,0.0011750480625778437
145,0.006366615789011121,0.002765155863016844,0.003601459949277341,0.0014145558467134832,0.0006923524080775679,0.0007222034386359155
146,0.006309468718245626,0.002769894269295037,0.003539574518799782,0.0014060463523492216,0.0006194088608026504,0.0007866374682635069
147,0.006400680216029286,0.002806624700315297,0.003594055538997054,0.0021218794863671064,0.0009257126366719604,0.0011961669195443391
148,0.006292669428512454,0.002669500047340989,0.003623169381171465,0.0016249894630163907,0.0008687825640663505,0.0007562068873085082
149,0.006248478498309851,0.0027292516082525254,0.0035192269133403897,0.0014430204406380653,0.0007464666850864887,0.0006965537555515766
150,0.006471270928159356,0.002892164420336485,0.0035791065311059356,0.0021720226854085923,0.0009274983545765281,0.0012445243075489998
151,0.0061343290843069555,0.0027061083121225236,0.003428220725618303,0.0021445163525640964,0.0011087685590609909,0.0010357477702200412
152,0.006242464855313301,0.0028775048907846213,0.0033649600576609374,0.0019583752611652015,0.0007962830830365419,0.0011620922246947884
153,0.006063030380755663,0.0027200424345210196,0.003342987969517708,0.0016347827855497598,0.0008440115372650326,0.0007907712133601308
154,0.006038950569927692,0.0026056704577058555,0.0034332800656557082,0.0013288294197991491,0.0006403289968147874,0.0006885004229843616
155,0.006240185303613544,0.0026975009590387345,0.003542684321291745,0.0015572486212477089,0.0007401838432997465,0.0008170647313818335
156,0.00624360735528171,0.0027442229678854347,0.0034993844106793403,0.0015162036987021565,0.0006350309122353792,0.000881172763183713
157,0.00616370621137321,0.002719758404418826,0.0034439478069543837,0.0022157387807965278,0.0011759297223761678,0.001039809174835682
158,0.006351055530831218,0.0028556827921420334,0.0034953727619722484,0.0016374428756535052,0.000686553434934467,0.0009508894523605705
159,0.006420396268367767,0.002722835820168257,0.0036975604947656394,0.0013072612462565302,0.0006306106923148036,0.0006766505539417267
160,0.00623816279694438,0.002812067326158285,0.0034260954707860947,0.0013476494001224636,0.000639797211624682,0.0007078521884977818
161,0.006412622053176165,0.0027798762544989585,0.003632745752111077,0.0016365459421649575,0.0006474830908700824,0.000989062851294875
162,0.006307436944916844,0.0027448102599009873,0.003562626685015857,0.001886408100835979,0.0009619017131626606,0.0009245063876733184
163,0.006210996909067035,0.0026816452154889703,0.0035293517401441933,0.0019465580116957426,0.0010000995127484203,0.0009464584989473223
164,0.006011108821257949,0.002656164253130555,0.0033549445681273935,0.001321545522660017,0.0005648264428600669,0.0007567191030830144
165,0.006154593173414468,0.002685511531308293,0.003469081735238433,0.0018826688174158335,0.0009097363566979766,0.0009729324257932604
166,0.0060569350607693195,0.0027162844315171243,0.003340650675818324,0.0015841135289520025,0.0007851077127270401,0.0007990058278664946
167,0.006368333240970969,0.002864311123266816,0.003504022187553346,0.0019849917152896523,0.0007790574338287116,0.0012059342814609408
168,0.006346988631412387,0.002800683258101344,0.0035463054198771717,0.0015574460383504629,0.000715207913890481,0.0008422381361015141
