step_time,u3_drive_mm,RF3_total_N,eps_engineering,sigma_nominal_MPa,n_drive_nodes
0.0,0.0,0.0,0.0,0.0,6121
0.005000636912882328,-0.01158556155860424,-0.2979407840817929,0.00029,-0.00018621299005112057,6121
0.010000938549637794,-0.08562280982732773,-0.9887308316658743,0.002141,-0.0006179567697911715,6121
0.015000293031334877,-0.26613304018974304,-2.371869329924067,0.006653,-0.0014824183312025418,6121
0.020000193268060684,-0.5792148113250732,-4.5748296534623805,0.01448,-0.0028592685334139878,6121
0.025000015273690224,-1.0351579189300537,-7.643838312558728,0.025879,-0.004777398945349205,6121
0.03000069223344326,-1.6308916807174683,-11.203931701297549,0.040772,-0.007002457313310968,6121
0.035000309348106384,-2.3517415523529053,-14.832045040878192,0.058794,-0.00927002815054887,6121
0.04000013321638107,-3.1744229793548584,-18.155003251743153,0.079361,-0.011346877032339471,6121
0.04500003159046173,-4.068737030029297,-21.013781800128314,0.101718,-0.013133613625080197,6121
0.050000209361314774,-5.000039100646973,-23.260416877821285,0.125001,-0.014537760548638303,6121
0.055000074207782745,-5.931282043457031,-25.00259986060769,0.148282,-0.015626624912879805,6121
0.06000002101063728,-6.825603485107422,-26.324779417058437,0.17064,-0.016452987135661522,6121
