frameValue,u1_drive_mm,RF_total_N,eps_engineering,sigma_nominal_MPa
0,0,0,0,0
0.025000000372529,-0.239999994635582,-0.786872267797992,0.00599999986588955,-0.000491795167373745
0.0500000007450581,-0.479999989271164,-1.54581976220926,0.0119999997317791,-0.000966137351380785
0.0750000029802322,-0.720000028610229,-2.27697940058427,0.0180000007152557,-0.00142311212536517
0.100000001490116,-0.959999978542328,-2.98041567272074,0.0239999994635582,-0.00186275979545046
0.125,-1.20000004768372,-3.6552897640488,0.0300000011920929,-0.0022845561025305
0.150000005960464,-1.44000005722046,-4.30131374428927,0.0360000014305115,-0.00268832109018079
0.174999997019768,-1.67999994754791,-4.91686320664255,0.0419999986886978,-0.00307303950415159
0.200000002980232,-1.91999995708466,-5.49989698049601,0.0479999989271164,-0.00343743561281001
0.224999994039536,-2.16000008583069,-6.04998053978141,0.0540000021457672,-0.00378123783736338
0.25,-2.40000009536743,-6.56840793650682,0.0600000023841858,-0.00410525496031676
0.275000005960464,-2.64000010490417,-7.05738277095258,0.0660000026226044,-0.00441086423184536
0.300000011920929,-2.88000011444092,-7.51851655043808,0.072000002861023,-0.0046990728440238
0.324999988079071,-3.11999988555908,-7.95331060219794,0.0779999971389771,-0.00497081912637371
0.349999994039536,-3.35999989509583,-8.36312512972244,0.0839999973773956,-0.00522695320607652
0.375,-3.59999990463257,-8.74960997994179,0.0899999976158142,-0.00546850623746362
0.400000005960464,-3.83999991416931,-9.1143520148896,0.0959999978542328,-0.005696470009306
0.425000011920929,-4.07999992370605,-9.45901127147675,0.101999998092651,-0.00591188204467297
0.449999988079071,-4.32000017166138,-9.78499966163322,0.108000004291534,-0.00611562478852076
0.474999994039536,-4.55999994277954,-10.0936376418034,0.113999998569489,-0.00630852352612715
0.5,-4.80000019073486,-10.3862051966854,0.120000004768372,-0.00649137824792836
0.524999976158142,-5.03999996185303,-10.66403734411,0.125999999046326,-0.00666502334006872
0.550000011920929,-5.28000020980835,-10.9281653960522,0.132000005245209,-0.00683010337253263
0.574999988079071,-5.51999998092651,-11.1795650779885,0.137999999523163,-0.00698722817374278
0.600000023841858,-5.76000022888184,-11.4189708000158,0.144000005722046,-0.00713685675000987
0.625,-6,-11.6470749557221,0.15,-0.00727942184732629
0.649999976158142,-6.23999977111816,-11.8645416338065,0.155999994277954,-0.00741533852112909
0.675000011920929,-6.48000001907349,-12.0720799115018,0.162000000476837,-0.00754504994468864
0.699999988079071,-6.71999979019165,-12.2703275626673,0.167999994754791,-0.00766895472666704
0.725000023841858,-6.96000003814697,-12.4596907370878,0.174000000953674,-0.00778730671067989
0.75,-7.19999980926514,-12.6406835050998,0.179999995231628,-0.00790042719068736
0.774999976158142,-7.44000005722046,-12.813735804361,0.186000001430511,-0.00800858487772561
0.800000011920929,-7.67999982833862,-12.9792682473168,0.191999995708466,-0.00811204265457303
0.824999988079071,-7.92000007629395,-13.1376351549171,0.198000001907349,-0.0082110219718232
0.850000023841858,-8.15999984741211,-13.2891528680255,0.203999996185303,-0.00830572054251594
0.875,-8.39999961853027,-13.4341469855125,0.209999990463257,-0.00839634186594533
0.899999976158142,-8.64000034332275,-13.5728817045537,0.216000008583069,-0.00848305106534604
0.925000011920929,-8.88000011444092,-13.7056126734424,0.222000002861023,-0.00856600792090151
0.949999988079071,-9.11999988555908,-13.8326121132104,0.227999997138977,-0.00864538257075648
0.975000023841858,-9.35999965667725,-13.9541111945286,0.233999991416931,-0.00872131949658037
1,-9.60000038146973,-14.0703521239776,0.240000009536743,-0.00879397007748602
