time,ALLIE,ALLSE,ALLKE,ALLAE,ALLWK,ALLPD,ALLSD
0,0.0,0.0,0.0,0.0,0.0,0.0,0.0
0.0500000007450581,0.3754647970199585,0.3754430413246155,0.0,0.0,0.3748336136341095,2.176110319851432e-05,0.0
0.100000001490116,1.4661993980407715,1.4648523330688477,0.0,0.0,1.4644569158554077,0.0013470822013914585,0.0
0.150000005960464,3.2184414863586426,3.204597234725952,0.0,0.0,3.215533971786499,0.013844099827110767,0.0
0.200000002980232,5.575932502746582,5.506843090057373,0.0,0.0,5.571726322174072,0.06908951699733734,0.0
0.25,8.477388381958008,8.258967399597168,0.0,0.0,8.471918106079102,0.21842117607593536,0.0
0.300000011920929,11.862709999084473,11.375470161437988,0.0,0.0,11.856121063232422,0.487239807844162,0.0
0.349999994039536,15.678302764892578,14.784317016601562,0.0,0.0,15.6707124710083,0.8939855098724365,0.0
0.400000005960464,19.876386642456055,18.425582885742188,0.0,0.0,19.867916107177734,1.450804352760315,0.0
0.449999988079071,24.415224075317383,22.25667953491211,0.0,0.0,24.406002044677734,2.158543825149536,0.0
0.5,29.25887680053711,26.245742797851562,0.0,0.0,29.249019622802734,3.0131351947784424,0.0
0.550000011920929,34.37651062011719,30.37236785888672,0.0,0.0,34.366111755371094,4.004144191741943,0.0
0.600000023841858,39.74173355102539,34.61976623535156,0.0,0.0,39.730865478515625,5.121965408325195,0.0
0.649999976158142,45.331459045410156,38.971282958984375,0.0,0.0,45.32018280029297,6.360177040100098,0.0
0.699999988079071,51.125308990478516,43.41595458984375,0.0,0.0,51.11381530761719,7.709354877471924,0.0
0.75,57.105289459228516,47.94355773925781,0.0,0.0,57.09375762939453,9.161731719970703,0.0
0.800000011920929,63.255279541015625,52.54597854614258,0.0,0.0,63.243709564208984,10.709300994873047,0.0
0.850000023841858,69.560791015625,57.21596908569336,0.0,0.0,69.5491943359375,12.34482192993164,0.0
0.899999976158142,76.00868225097656,61.94635009765625,0.0,0.0,75.99705505371094,14.06233024597168,0.0
0.949999988079071,82.5869140625,66.72986602783203,0.0,0.0,82.57525634765625,15.857047080993652,0.0
1,89.28446197509766,71.56062316894531,0.0,0.0,89.27278900146484,17.723840713500977,0.0
