element_id,node1,node2,node3,node4,quality,volume,center_x,center_y,center_z
522293,13911,15629,12314,272268,0.027528872,0.00030450533,19.8656,10.5830,-19.4146
602277,15629,13947,13911,12314,0.0042680756,1.670147e-05,19.9273,10.5696,-19.3199
627956,12313,13911,13947,12314,0.039758149,0.00015557821,19.9533,10.5696,-19.3750
673361,13947,15629,13948,12314,0.040009129,0.00015557821,19.9533,10.6250,-19.3199
697447,10748,10749,10709,272268,0.015364434,0.00013643409,19.8916,10.4102,-19.6781
714410,12275,12312,10748,272268,0.0096970846,8.6108797e-05,19.8669,10.3770,-19.5739
758364,13911,13947,13910,12313,0.036788518,0.00010872414,19.9273,10.4655,-19.3740
758696,12313,12312,13910,272268,0.011421577,7.8762037e-05,19.8669,10.4300,-19.5209
760602,12275,13910,12312,272268,0.00028129462,1.9397791e-06,19.8409,10.3770,-19.5209
844448,13899,272268,15629,13911,0.022558904,0.00024953098,19.7875,10.5011,-19.3625
889109,272268,13910,12265,12275,0.008563249,7.2988187e-05,19.7875,10.3475,-19.5209