epoch,train_total,train_class,train_param,train_closed_loop,val_total,val_class,val_param,val_closed_loop
1,0.741863751411438,0.768076479434967,0.35512458682060244,0.27009320333600045,0.6249915361404419,0.6492483854293823,0.29953476786613464,0.08326025456190109
2,0.6100997447967529,0.6091054618358612,0.3038377910852432,0.08546100854873658,0.5372883319854737,0.5182062745094299,0.27701750993728635,0.05838315784931183
3,0.5633685231208801,0.5363780975341796,0.29298620522022245,0.07310890927910804,0.4963915407657623,0.45374767780303954,0.26853458285331727,0.03277031630277634
4,0.5433397650718689,0.5103728264570236,0.2856477349996567,0.06264014057815075,0.4877741873264313,0.44235999584198,0.26538665890693663,0.03018807843327522
5,0.5286098778247833,0.48807900249958036,0.2818536549806595,0.05433440133929253,0.47772026658058164,0.42318912744522097,0.2646843433380127,0.028826894611120223
6,0.5146184206008911,0.46878373324871064,0.2772314250469208,0.049918670952320096,0.45636919140815735,0.39023067355155944,0.2601722598075867,0.018026566505432128
7,0.5027776420116424,0.45026843547821044,0.27444184124469756,0.045736924186348914,0.44757341742515566,0.3812611043453217,0.2555555999279022,0.0198178730905056
8,0.4942083597183228,0.43942510187625883,0.2712193548679352,0.040955645963549614,0.4250373959541321,0.33453199863433836,0.2564928948879242,0.015981221571564674
9,0.4838009089231491,0.4180406630039215,0.2711493015289307,0.04034749157726765,0.4097032487392426,0.3118401885032654,0.2523190438747406,0.016267795860767365
10,0.47646015882492065,0.40942275524139404,0.26788523197174074,0.03863555863499642,0.4040620863437653,0.30434480905532835,0.2504414677619934,0.014482140354812146
11,0.47605361938476565,0.40895719826221466,0.26697438955307007,0.041823891922831535,0.40567499995231626,0.3055594086647034,0.25133957862854006,0.014142973348498344
12,0.4622333288192749,0.38487074375152586,0.26522291600704195,0.03812534920871258,0.3870437562465668,0.2735688805580139,0.24863260984420776,0.013555797934532165
13,0.4519652783870697,0.3700802832841873,0.262275929749012,0.03576315753161907,0.3927221238613129,0.2858275413513184,0.2478426218032837,0.015120993927121162
14,0.4520691573619843,0.36916457414627074,0.2626426160335541,0.034601828455924986,0.3750515580177307,0.2412911534309387,0.25243517756462097,0.014077145978808403
15,0.44173716604709623,0.35090835094451905,0.26106332093477247,0.03479778580367565,0.36505348682403566,0.2346123993396759,0.2459273546934128,0.012132845632731915
16,0.43437463641166685,0.34419381320476533,0.25696219354867933,0.03322210274636746,0.37628990411758423,0.2571186423301697,0.24584681391716004,0.011773533001542092
17,0.42538774013519287,0.32389884889125825,0.2582221731543541,0.030683180689811705,0.3640636682510376,0.23164324164390565,0.24582439064979553,0.014221493154764175
18,0.4217789530754089,0.3226835489273071,0.2551229014992714,0.0295237323269248,0.3586524546146393,0.23116475939750672,0.2409939646720886,0.011533943749964238
19,0.42002302408218384,0.3173927992582321,0.2554884910583496,0.030727029591798783,0.35872526168823243,0.22563964426517485,0.24371120929718018,0.011548549495637416
20,0.41306981146335603,0.3053614482283592,0.2546780839562416,0.02855502311140299,0.3510837435722351,0.21101201474666595,0.24359414875507354,0.009917950630187989
21,0.41290846168994905,0.3069446712732315,0.253560371696949,0.027979812771081924,0.34713279008865355,0.21272721886634827,0.23875798881053925,0.009577064588665963
22,0.4082304298877716,0.2992767572402954,0.2525799348950386,0.02732781060039997,0.354390150308609,0.22334362268447877,0.24045512676239014,0.010287385620176791
23,0.40857785642147065,0.29854453802108766,0.25303675383329394,0.02725579347461462,0.35021333694458007,0.21174814701080322,0.24161040484905244,0.011864661797881126
24,0.40157797038555143,0.28883989751338957,0.2505528643727303,0.027521520294249056,0.3492952764034271,0.21813146471977235,0.23676445484161376,0.014437831193208694
25,0.3992973893880844,0.2878322467207909,0.24874812811613084,0.026532554253935813,0.3405564308166504,0.20419515967369078,0.2361542195081711,0.009218531847000121
26,0.39405744671821596,0.27385067045688627,0.25041971951723097,0.025816887617111206,0.3411104142665863,0.20621912479400634,0.23551499843597412,0.009560955129563809
27,0.3927293211221695,0.2771680921316147,0.24768389016389847,0.023931068554520606,0.3386726677417755,0.2046003520488739,0.23385142385959626,0.009337299317121506
28,0.3892557114362717,0.27453993558883666,0.24510842561721802,0.024561851657927035,0.34630346298217773,0.21766157150268556,0.23507823348045348,0.008551574498414993
29,0.3965135723352432,0.28132056444883347,0.24841572642326354,0.025646783784031867,0.3366230309009552,0.20402871072292328,0.23235184848308563,0.007782201375812292
30,0.38257503807544707,0.2594780012965202,0.24536597430706025,0.024900198541581632,0.33132765293121336,0.19281049370765685,0.23276764452457427,0.007182509638369083
31,0.38205558955669405,0.256186805665493,0.2464180901646614,0.024335766211152077,0.32469354271888734,0.18277795910835265,0.23128888607025147,0.006502157356590032
32,0.37691007256507875,0.25126078724861145,0.24368439018726348,0.023735269904136658,0.32771453857421873,0.18396551609039308,0.23247694373130798,0.010171350464224816
33,0.371266371011734,0.24362090677022935,0.24191372692584992,0.022855122573673725,0.33057073354721067,0.19078859090805053,0.23158866465091704,0.010872036218643188
34,0.3808781415224075,0.25667171776294706,0.24431916326284409,0.024185645021498205,0.328153258562088,0.1810669481754303,0.23373776376247407,0.01141766868531704
35,0.37138930559158323,0.24396043568849562,0.2411876440048218,0.023489833064377307,0.32362536191940305,0.18003973364830017,0.22974032163619995,0.011043316498398782
36,0.37117010951042173,0.24482013583183287,0.23989292681217195,0.02463088259100914,0.32793065905570984,0.1862635374069214,0.2308060646057129,0.011091206595301628
37,0.36795027256011964,0.2338030144572258,0.2415579468011856,0.02565084882080555,0.3322784423828125,0.19545224606990813,0.2298227518796921,0.012782599963247775
38,0.3689646750688553,0.24131848961114882,0.23913245946168898,0.024139406532049178,0.32087942957878113,0.17961946725845337,0.22838023900985718,0.007077504601329565
39,0.3644855171442032,0.23162569850683212,0.2398025318980217,0.022743930108845234,0.31930436491966246,0.1766037940979004,0.228228160738945,0.007113601267337799
40,0.3644989877939224,0.23128624707460405,0.23974913507699966,0.022766843996942045,0.3206589877605438,0.17728665173053743,0.2287535399198532,0.008155269920825959
41,0.36495099663734437,0.23279241919517518,0.2397265538573265,0.02153227310627699,0.31706385016441346,0.17191492319107055,0.22804872393608094,0.007457711547613144
42,0.36093391478061676,0.2282718077301979,0.2379082828760147,0.021166025660932064,0.3173084855079651,0.1720636487007141,0.22839743196964263,0.006855294480919838
43,0.3597459465265274,0.22657787054777145,0.23738159388303756,0.021105646155774593,0.3147027254104614,0.16941963136196136,0.2275331050157547,0.005720457993447781
44,0.3606821447610855,0.22809192538261414,0.23753562718629836,0.0206831019371748,0.3165275573730469,0.17068662047386168,0.22839366793632507,0.006342204287648201
45,0.35602653622627256,0.22442594319581985,0.2344573989510536,0.02079146783798933,0.31036287546157837,0.16485850214958192,0.22497888207435607,0.006566099636256695
46,0.3527912855148315,0.2112801417708397,0.23659930229187012,0.0229389188811183,0.3142861068248749,0.17024438977241516,0.22564110159873962,0.007658271491527558
47,0.3549205869436264,0.2163246124982834,0.2365841418504715,0.021647107414901258,0.32401215434074404,0.18872030377388,0.225734943151474,0.008334181644022465
48,0.3558315247297287,0.2202344596385956,0.23537130951881408,0.021547877043485642,0.31686352491378783,0.16896263957023622,0.22698369920253753,0.011246895417571068
49,0.3556686133146286,0.21780823320150375,0.2358937606215477,0.02218517307192087,0.3190441012382507,0.17177965342998505,0.22807616889476776,0.01036345660686493
50,0.35438903570175173,0.2128803014755249,0.23691035956144332,0.02207705210894346,0.3121756136417389,0.16068457067012787,0.22721508145332336,0.009236490726470948
51,0.3504897803068161,0.21232016384601593,0.23366309702396393,0.02133321911096573,0.3098812460899353,0.16254153847694397,0.22340490520000458,0.010411161556839943
52,0.34889050722122195,0.21018325090408324,0.23332565724849702,0.02094646021723747,0.3142956614494324,0.1693758934736252,0.22644320428371428,0.006329040229320526
53,0.34378127455711366,0.20258431732654572,0.23239621371030808,0.020185808278620244,0.3132371723651886,0.16555022001266478,0.22677466571331023,0.007374783232808113
54,0.34202943444252015,0.19996697306632996,0.2323441356420517,0.01940362937748432,0.3057535707950592,0.15465885996818543,0.2247768759727478,0.007294514961540699
55,0.34622966647148135,0.20299847722053527,0.23441288322210313,0.02063510864973068,0.30391902923583985,0.1526820480823517,0.22402003705501555,0.00711594270542264
56,0.338745653629303,0.19657258540391923,0.2306193768978119,0.0196799686178565,0.30545288920402525,0.1596299886703491,0.2226727396249771,0.005930318962782621
57,0.3400026798248291,0.19983135014772416,0.2307697966694832,0.018634425289928914,0.3037922441959381,0.15250943899154662,0.22454942464828492,0.0059762059710919855
58,0.3394512712955475,0.19851226806640626,0.23078429996967315,0.018821671791374683,0.30363500118255615,0.1552554965019226,0.22317095398902892,0.005672605987638235
59,0.3329780429601669,0.1892874762415886,0.22944034039974212,0.017787944152951242,0.30357094407081603,0.15451852083206177,0.22397988736629487,0.004663572646677494
60,0.33925055861473086,0.1990744635462761,0.23033877164125444,0.01874910406768322,0.29926645159721377,0.1460671305656433,0.22309117615222931,0.006283370312303305
61,0.336918243765831,0.19573431164026261,0.22956302911043167,0.018976140581071377,0.30440290570259093,0.15433555841445923,0.22354744374752045,0.007375334948301315
62,0.3362656831741333,0.19093510657548904,0.23082343935966493,0.019949388690292835,0.30027785897254944,0.14811923503875732,0.22157386541366578,0.009288748539984227
63,0.3329910010099411,0.18845601230859757,0.22873210310935974,0.02006178591400385,0.3044155418872833,0.1538141965866089,0.22431696057319642,0.006382973399013281
64,0.3364207029342651,0.19467988461256028,0.22886027544736862,0.020440970547497272,0.30598160028457644,0.15909334421157836,0.22213298976421356,0.008603861927986145
65,0.3365472167730331,0.19291755557060242,0.23018479496240615,0.0198072774335742,0.3105120599269867,0.15892373621463776,0.227136293053627,0.007827786728739738
66,0.335988312959671,0.19236844927072524,0.23025203943252565,0.019104106351733208,0.3010697603225708,0.14570148587226867,0.22425752878189087,0.007922964170575142
67,0.3298174262046814,0.18401980698108672,0.22861044853925705,0.01839415039867163,0.301032555103302,0.14548086524009704,0.2243848353624344,0.00781456744298339
68,0.3292843759059906,0.18590472787618637,0.2265110895037651,0.01964184269309044,0.29723708629608153,0.14405450820922852,0.2218804657459259,0.006658721715211868
69,0.3301696807146072,0.18911872655153275,0.2264403820037842,0.01833987943828106,0.2972155332565308,0.1480259358882904,0.2198408991098404,0.00672332551330328
70,0.3264033854007721,0.18309303969144822,0.22520209699869156,0.019309539441019298,0.2985489308834076,0.14690751433372498,0.2205952674150467,0.008999799937009811
71,0.3288785547018051,0.1874245285987854,0.22585223615169525,0.018628095649182795,0.3054790675640106,0.16176403164863587,0.22029924690723418,0.008595571480691433
72,0.3261596828699112,0.18075312077999114,0.2267409786581993,0.018084283079952003,0.29836911559104917,0.1477161854505539,0.22062998712062837,0.00776208471506834
73,0.3243657469749451,0.1800650268793106,0.224644635617733,0.019377203285694124,0.29945412278175354,0.14285813570022582,0.22419261634349824,0.0076648635789752
74,0.3241805791854858,0.180281463265419,0.22470978051424026,0.018660135008394717,0.2965118050575256,0.14491586685180663,0.22007494866847993,0.00795785877853632
75,0.3239948809146881,0.1823906794190407,0.223174849152565,0.01924937330186367,0.2953035533428192,0.14538616240024566,0.21919346153736113,0.0068340330384671685
76,0.3230929136276245,0.1800513282418251,0.22426433712244034,0.017605822160840036,0.29440522789955137,0.14657154083251953,0.21840475499629974,0.005429388582706451
77,0.317519810795784,0.17160480320453644,0.22258362472057341,0.018267562612891197,0.2943011462688446,0.14340682625770568,0.219978991150856,0.0052374802529811856
78,0.3176903575658798,0.1729093983769417,0.2222040295600891,0.018063260801136495,0.2899813413619995,0.13420006334781648,0.21993868350982665,0.005885254964232445
79,0.3149279445409775,0.16464529037475586,0.2235397458076477,0.018131107557564974,0.2935201942920685,0.14007354378700257,0.22126037776470184,0.004446105659008026
80,0.3168656527996063,0.17236684113740922,0.2215907856822014,0.01818289961665869,0.28861754536628725,0.13685647249221802,0.21729054152965546,0.005797526054084301
81,0.31718105673789976,0.17275635451078414,0.2218964397907257,0.017812880873680114,0.2904327571392059,0.14001535773277282,0.21788029968738556,0.005089566297829151
82,0.313664847612381,0.16853662878274916,0.22061782330274582,0.017557420209050177,0.2863179802894592,0.13413057327270508,0.2164800673723221,0.005545229464769363
83,0.3175106465816498,0.17388650476932527,0.22150170505046846,0.018131394870579243,0.29178367257118226,0.14412393867969514,0.2167318880558014,0.005979625042527914
84,0.3149539142847061,0.1673298329114914,0.2220958426594734,0.0183863228186965,0.2879818737506866,0.13696495741605758,0.2164975345134735,0.006003723479807377
85,0.3121403455734253,0.1636408358812332,0.22152405083179474,0.017591754626482724,0.28842857480049133,0.13808267414569855,0.2168591469526291,0.005056176614016294
86,0.31115053296089173,0.16662656962871553,0.2191433772444725,0.017387746088206767,0.28917386531829836,0.1325719177722931,0.22040268182754516,0.004970438033342362
87,0.30911864042282106,0.16547041088342668,0.21803254038095474,0.016701788827776908,0.28811960816383364,0.1340751528739929,0.2187248259782791,0.0047143901698291305
88,0.3066800206899643,0.1580176904797554,0.21903771311044692,0.01726691871881485,0.28902907371520997,0.13150287866592408,0.219801464676857,0.006952325534075499
89,0.31092663407325744,0.15999656021595002,0.22149178832769395,0.01887312941253185,0.28665088415145873,0.12901499271392822,0.21867374777793885,0.006939297914505005
90,0.3067628055810928,0.1588590309023857,0.2182292103767395,0.01820815969258547,0.2883109450340271,0.1305152431130409,0.21938702166080476,0.007332594320178032
91,0.30416370928287506,0.1545918121933937,0.2179354965686798,0.017864606715738772,0.2871270477771759,0.12726669907569885,0.22100987732410432,0.004967635590583086
92,0.30694676339626314,0.16098261922597884,0.2175618290901184,0.017787261120975017,0.2843342423439026,0.1305060565471649,0.21566772758960723,0.006826986093074083
93,0.30265637338161466,0.1547815591096878,0.21686705499887465,0.016797069925814867,0.2834682583808899,0.12541248500347138,0.21751517355442046,0.006493698433041572
94,0.3064719498157501,0.158894145488739,0.21849479526281357,0.01706017106771469,0.28165837526321413,0.12547477185726166,0.2165122002363205,0.004817580990493298
95,0.30030464231967924,0.14789081811904908,0.21777798235416412,0.0171625018119812,0.2780479609966278,0.11795870959758759,0.21593047082424163,0.006276293471455574
96,0.30206919014453887,0.15725491046905518,0.21481998562812804,0.017243486549705266,0.2796684741973877,0.12658668756484986,0.2124743342399597,0.007801598496735096
97,0.2990177184343338,0.14463009759783746,0.2174419194459915,0.018521494604647158,0.28822563886642455,0.13708514273166655,0.2174305349588394,0.0045050705783069135
98,0.2995412230491638,0.1514086753129959,0.21496750116348268,0.01773876855149865,0.27850314378738406,0.12360262870788574,0.21333295702934266,0.006737719941884279
99,0.3040835499763489,0.15534936785697936,0.21729392260313035,0.018229886144399642,0.2800555646419525,0.11785427033901215,0.217367422580719,0.007522029709070921
100,0.29866927266120913,0.1471851050853729,0.21590115875005722,0.018351151142269373,0.2758216142654419,0.11848301738500595,0.214495849609375,0.004168529063463211
101,0.29907624125480653,0.1493619590997696,0.21574198305606843,0.017306572757661343,0.27330379486083983,0.11304249465465546,0.2138499766588211,0.005865167453885078
102,0.29658091962337496,0.14715334624052048,0.21461506485939025,0.016778360493481158,0.28430508375167846,0.1247731477022171,0.21842678487300873,0.006983439717441797
103,0.30305970907211305,0.15751548409461974,0.2153935208916664,0.017816898226737977,0.27127546072006226,0.11501682996749878,0.2104930728673935,0.006547944247722625
104,0.2960606426000595,0.14718872606754302,0.21384330987930297,0.017245931830257178,0.2762846052646637,0.12143758535385132,0.21325657665729522,0.004618490487337113
105,0.29290168881416323,0.1434256389737129,0.21293502449989318,0.016507672425359488,0.2802910029888153,0.12157270461320877,0.21682386696338654,0.005361575540155173
106,0.29264817237854,0.14263438433408737,0.21262234449386597,0.01741727441549301,0.2686319649219513,0.10698507130146026,0.2117638885974884,0.00675109513103962
107,0.290668660402298,0.14192395955324172,0.21086653620004653,0.01768029313534498,0.2741150736808777,0.11609883457422257,0.21353031694889069,0.005070678889751434
108,0.29330894351005554,0.1454465240240097,0.21208904385566713,0.01699328040704131,0.2691101491451263,0.10899805128574372,0.21192363202571868,0.005374981649219989
109,0.29211653470993043,0.142195862531662,0.21299488544464112,0.01604743367061019,0.2737849533557892,0.11817847788333893,0.21282811164855958,0.0037352021783590315
110,0.2890693634748459,0.1377050258219242,0.21186955273151398,0.01669461149722338,0.2798989713191986,0.12549231052398682,0.2147835910320282,0.004738453589379787
111,0.29174039959907533,0.14235210567712783,0.2123744234442711,0.016379838902503253,0.2737114131450653,0.11896460950374603,0.21216978132724762,0.004118662606924772
112,0.28665503263473513,0.13424890488386154,0.21109554022550583,0.016870076674968003,0.27682459354400635,0.12358745634555816,0.21246432960033418,0.005133072193711996
113,0.28768245577812196,0.13822230696678162,0.21026970595121383,0.01660321159288287,0.2697510540485382,0.1039512187242508,0.21531839072704315,0.0049141010269522665
114,0.2835676819086075,0.13123946487903596,0.2094825252890587,0.016930849850177766,0.27593902945518495,0.1202525794506073,0.2128528505563736,0.005919806472957134
115,0.2882603108882904,0.1375045195221901,0.21151013821363449,0.015995832718908788,0.27678107619285586,0.1283688575029373,0.21014815270900727,0.004896992072463036
116,0.28958616256713865,0.14292796030640603,0.20999520123004914,0.01625395817682147,0.2677892863750458,0.11056516468524932,0.2103944092988968,0.0042245924472808834
117,0.2838132053613663,0.13149873092770575,0.21024628728628159,0.015635104011744262,0.2701145112514496,0.11017694175243378,0.21265787482261658,0.004736344423145055
118,0.28279622793197634,0.13020949363708495,0.20954614132642746,0.016290684603154658,0.26060656309127805,0.10266381204128265,0.20716592371463777,0.004217472206801176
119,0.278474423289299,0.12846656143665314,0.20605161190032958,0.01637906478717923,0.2724274337291718,0.11909197866916657,0.21073060631752014,0.004301704093813896
120,0.2847032964229584,0.13486181646585466,0.20907221734523773,0.016400343086570502,0.26903746724128724,0.11386933773756028,0.2101900666952133,0.0038254559971392156
121,0.28340342938899993,0.13223058581352234,0.2088677316904068,0.016840810142457485,0.2584823250770569,0.09378378093242645,0.20914141237735748,0.0048980691470205786
122,0.28253610134124757,0.13239855244755744,0.20745731890201569,0.017759018763899802,0.2648793876171112,0.10682065635919571,0.20903537571430206,0.0048673516139388084
123,0.2870060235261917,0.14009357914328574,0.20837079733610153,0.017176879942417143,0.2716462016105652,0.11336891204118729,0.21225971281528472,0.005404096376150846
124,0.2822880417108536,0.12836757227778434,0.20954737663269044,0.017113776691257954,0.27927214503288267,0.12319543361663818,0.21414544582366943,0.0070579654537141325
125,0.28249581456184386,0.13159026578068733,0.20835747867822646,0.016686414182186127,0.26703101992607114,0.1060597062110901,0.2108229011297226,0.006356499250978231
126,0.2795471966266632,0.12608278021216393,0.20807851999998092,0.016854569874703886,0.2629672884941101,0.1040653944015503,0.2087014228105545,0.004466343112289906
127,0.27520827353000643,0.12061905935406685,0.20651164501905442,0.016774211917072533,0.2615151464939117,0.09860654473304749,0.2092697352170944,0.005884266458451748
128,0.27579653859138487,0.12379036843776703,0.2057529419660568,0.01629681596532464,0.2549405574798584,0.09178284257650375,0.2056877076625824,0.0067228698171675205
129,0.27575162053108215,0.12335136905312538,0.2057789921760559,0.016593898925930262,0.26631119251251223,0.10859777182340621,0.20909122228622437,0.005842168815433979
130,0.27885633409023286,0.12714447677135468,0.20694303661584854,0.01668211678043008,0.26399584412574767,0.1069313943386078,0.20712897479534148,0.006802341528236866
131,0.2732401221990585,0.11973028481006623,0.20471615344285965,0.017317660711705686,0.26015851497650144,0.10401184856891632,0.2052506238222122,0.005803926847875118
132,0.2760851889848709,0.12166702300310135,0.20676721930503844,0.016968918964266777,0.26383528113365173,0.10269594192504883,0.2098340094089508,0.005306590255349875
133,0.27506951689720155,0.12367115914821625,0.20476278215646743,0.016942300461232664,0.26093335151672364,0.10122161954641343,0.20742027461528778,0.005804536119103432
134,0.2742293745279312,0.12307546883821488,0.20458787083625793,0.01620753537863493,0.265859854221344,0.1079502284526825,0.2081133097410202,0.00754285492002964
135,0.2740845412015915,0.11991162598133087,0.20574114918708802,0.01677514798939228,0.254105144739151,0.08967935442924499,0.20645034611225127,0.005630238447338343
136,0.2695154070854187,0.11580640003085137,0.2038480445742607,0.015528331324458123,0.25847207903862,0.09746443927288055,0.2073584407567978,0.0047628004103899
137,0.2772853136062622,0.1259645327925682,0.20610849261283876,0.016389109194278717,0.26528525948524473,0.10905804485082626,0.20758101344108582,0.00635045962408185
138,0.27405049502849577,0.12320852801203727,0.20409578830003738,0.016700893081724642,0.2667094826698303,0.10595247894525528,0.21015337407588958,0.007159731537103653
139,0.2767521947622299,0.12532998472452164,0.20528355687856675,0.017607299610972404,0.26024043560028076,0.09772500395774841,0.20817497074604036,0.006405924167484045
140,0.27651673555374146,0.12408816516399383,0.2058543458580971,0.017236610036343337,0.263438481092453,0.10054187774658203,0.21052076816558837,0.005293551739305258
141,0.26819360852241514,0.11465238332748413,0.2024533450603485,0.016828136518597603,0.2566003739833832,0.09648869037628174,0.2059883952140808,0.0047352522611618045
142,0.26740708351135256,0.11515103578567505,0.20162098705768586,0.016421163454651833,0.2551959455013275,0.09207663089036941,0.20618850290775298,0.005938257928937674
143,0.2718503654003143,0.1175328753888607,0.2045899212360382,0.016988010704517366,0.25639971494674685,0.09402094334363938,0.2070198178291321,0.004738825559616089
144,0.27361579090356825,0.12336845844984054,0.2036336600780487,0.016595800779759882,0.2647093415260315,0.10590339601039886,0.20939224362373351,0.0047308110632002355
145,0.277357380092144,0.12483261972665786,0.20632091164588928,0.01724032135680318,0.26348695158958435,0.10036892592906951,0.21056070327758789,0.0054835759103298186
146,0.268582421541214,0.11345079988241195,0.2032068684697151,0.01730031343176961,0.2700388848781586,0.11496992409229279,0.20925191938877105,0.006604003999382257
147,0.2663016363978386,0.11403989568352699,0.20125769823789597,0.01604798948392272,0.25742669105529786,0.09615273922681808,0.20601957142353058,0.0066614985466003414
148,0.26514057666063306,0.10996595397591591,0.20190112441778182,0.016512953117489813,0.25664952397346497,0.10084105283021927,0.20420557856559754,0.0040468543767929075
149,0.26805046796798704,0.11483765318989754,0.20251821279525756,0.01622685380280018,0.2616852045059204,0.10966428816318512,0.20486632287502288,0.00397348920814693
150,0.2726916640996933,0.12493698298931122,0.20192390829324722,0.016598532628268003,0.25842641592025756,0.10021799206733703,0.20645588338375093,0.003723084554076195
151,0.2664481610059738,0.1147666297852993,0.20128714442253112,0.015555401798337698,0.2535087764263153,0.09225220680236816,0.20515940487384796,0.004446534346789122
152,0.26758575439453125,0.1127704456448555,0.20274889320135117,0.016903270035982132,0.2697386503219604,0.11263738721609115,0.21030369102954866,0.006232555210590363
153,0.2665355637669563,0.11268669515848159,0.2017829105257988,0.01681862650439143,0.2683272063732147,0.11566242575645447,0.2079369455575943,0.005118114873766899
154,0.2679497912526131,0.11630628705024719,0.20168683379888536,0.01621962431818247,0.2536410391330719,0.09333339333534241,0.2049521178007126,0.004044452495872974
155,0.2625273108482361,0.11319289207458497,0.19816378504037857,0.015534160286188125,0.2593788802623749,0.10209686011075973,0.2061968058347702,0.004267301131039858
156,0.26262587010860444,0.10966631397604942,0.20005409568548202,0.015477245673537254,0.2636252462863922,0.10589492470026016,0.2086295574903488,0.004096423974260688
157,0.26350004971027374,0.11055653244256973,0.20024124085903167,0.015961084235459565,0.25220680236816406,0.08791394233703613,0.20602554380893706,0.004448563419282436
158,0.26961545944213866,0.1209876611828804,0.2014290913939476,0.01538506243377924,0.25485576391220094,0.09321277886629105,0.20584749281406403,0.004803762771189213
159,0.26332380026578905,0.11288152635097504,0.19898784905672073,0.01579038891941309,0.25445468425750734,0.0952833890914917,0.20443815588951111,0.004749638214707375
160,0.2625082954764366,0.10689430385828018,0.20090269148349763,0.016316901426762342,0.2633248746395111,0.10415652841329574,0.20858055353164673,0.005332093685865402
161,0.2594217866659164,0.10656318143010139,0.19782520532608033,0.01662998618558049,0.2594210922718048,0.1012873336672783,0.20637724101543425,0.0048003729432821276
162,0.26029070764780043,0.10916636064648629,0.19785405248403548,0.015706945955753327,0.2745263636112213,0.1233433187007904,0.2094992369413376,0.006710929796099663
163,0.2600408837199211,0.10791529193520547,0.1978091835975647,0.016548105236142873,0.25822868943214417,0.09673720598220825,0.20751476287841797,0.004690641723573208
164,0.25826496034860613,0.10148248597979545,0.19920024573802947,0.016646945476531984,0.2503435015678406,0.08985307514667511,0.202893927693367,0.005046084709465504
165,0.26055811941623686,0.10860448181629181,0.19830729812383652,0.015897165331989527,0.2604564785957336,0.09689908921718597,0.21001596748828888,0.00398193383589387
166,0.26116043925285337,0.1076883889734745,0.19910043030977248,0.01643163040280342,0.25719093680381777,0.09707938134670258,0.20622597336769105,0.004850548692047596
167,0.2614055499434471,0.10864241048693657,0.19910721480846405,0.015954252425581218,0.25340275168418885,0.09425815939903259,0.20357102751731873,0.0054053043946623806
168,0.2566410586237907,0.10410341769456863,0.19706189930438994,0.015054909139871597,0.2553722620010376,0.09359359294176102,0.2058282494544983,0.005494431406259537
169,0.2594705641269684,0.10981144085526466,0.19681697487831115,0.015495731495320797,0.26354427337646485,0.10616928637027741,0.2082517921924591,0.004415678884834051
170,0.2584481701254845,0.10673125386238098,0.19724304378032684,0.01567899975925684,0.26115604043006896,0.09895744323730468,0.20847596526145934,0.006402700208127499
171,0.26040994226932523,0.10561896413564682,0.19965342432260513,0.015894074738025666,0.26621604561805723,0.1120811015367508,0.20795118510723115,0.004448601603507995
172,0.26440258920192716,0.11894955113530159,0.19712127298116683,0.015613083261996508,0.25001226663589476,0.08820684254169464,0.2032637983560562,0.005290083028376103
173,0.2569110065698624,0.10680060908198356,0.1957283616065979,0.015564690250903368,0.24916264414787292,0.08573865294456481,0.2037844330072403,0.005017754435539245
174,0.2540223777294159,0.10360525697469711,0.19459028095006942,0.015258930996060372,0.2590323805809021,0.09928557872772217,0.20690498650074005,0.004969210550189018
175,0.2562193989753723,0.1032489724457264,0.1966897040605545,0.01581042129546404,0.2605780065059662,0.10519246459007263,0.20577265322208405,0.004418252967298031
176,0.25423331260681153,0.10188746899366379,0.1958777830004692,0.014823584537953138,0.24968266487121582,0.0870228424668312,0.20393466353416442,0.004473138973116875
177,0.2570866525173187,0.10574989020824432,0.19598925858736038,0.016444894298911095,0.25515400767326357,0.09622222781181336,0.20481299459934235,0.004459791630506515
178,0.25782881379127504,0.10518469288945198,0.19714465290307998,0.016183625161647796,0.2583609104156494,0.09953943192958832,0.20654447376728058,0.0040934447199106215
179,0.25667609125375745,0.10669859424233437,0.19565511345863343,0.015343360975384713,0.24797403216362,0.08465407490730285,0.20365684926509858,0.003980305977165699
180,0.25318198204040526,0.10134816616773605,0.19468261897563935,0.015650563407689333,0.25768892765045165,0.09418796002864838,0.2077891319990158,0.005611651577055454
181,0.25956736505031586,0.11003613695502282,0.19690030068159103,0.015297986939549446,0.2531214773654938,0.0905481219291687,0.2048989325761795,0.00589696615934372
182,0.25813006460666654,0.10738923549652099,0.19648663997650145,0.015897607803344725,0.2726467430591583,0.12396998703479767,0.2082519233226776,0.004819666035473347
183,0.25493730157613753,0.10920361056923866,0.19270659238100052,0.015257805399596692,0.2635941803455353,0.10712500512599946,0.20761376917362212,0.004835795611143112
184,0.2539933308959007,0.10585765317082405,0.19375261068344116,0.014623798709362746,0.2573097884654999,0.09818922877311706,0.20634231865406036,0.003745717089623213
185,0.25088011026382445,0.1020417980849743,0.19253989011049272,0.014638642873615026,0.25529065132141116,0.08955119997262954,0.20731178522109986,0.006406520027667284
186,0.25022244155406953,0.09981485530734062,0.1928420603275299,0.014945908449590206,0.2591187655925751,0.10233092159032822,0.2055164933204651,0.004873629659414291
187,0.25000349432229996,0.09987520724534989,0.19196311086416246,0.016205558180809022,0.2572570383548737,0.0983097568154335,0.20539565682411193,0.0054129972122609615
188,0.2518870010972023,0.09885445162653923,0.19421863108873366,0.016482282243669034,0.25624879598617556,0.08832139372825623,0.20838411152362823,0.007407993450760842
189,0.2509101077914238,0.10004253685474396,0.19328899383544923,0.01519969366490841,0.25381022691726685,0.09233342558145523,0.20487113296985626,0.005544779635965824
190,0.24705058485269546,0.09454172477126122,0.19222988933324814,0.015099671669304371,0.25104919672012327,0.08869626224040986,0.20422012507915496,0.004961866699159145
191,0.256382891535759,0.10761286094784736,0.19474733471870423,0.015658254735171795,0.2569974422454834,0.09839025288820266,0.20521361529827117,0.005177405383437872
192,0.25067813992500304,0.10075221583247185,0.19240766018629074,0.01578874420374632,0.2537423551082611,0.08985251784324647,0.20623495280742646,0.005162302311509848
193,0.24818232357501985,0.0976269192993641,0.19175585955381394,0.015226017404347657,0.246259668469429,0.08521658182144165,0.20197207629680633,0.0033586082980036737
194,0.24543485343456267,0.09135656654834748,0.19204894155263902,0.015415264386683702,0.2558228075504303,0.09598612189292907,0.20545272827148436,0.0047540334984660145
195,0.2525638982653618,0.10018123760819435,0.19439262747764588,0.016161308716982604,0.26003641486167905,0.10403686165809631,0.20543738603591918,0.005161216855049134
196,0.24915537238121033,0.09540196657180786,0.19351266026496888,0.015883468743413686,0.25729996562004087,0.09830584824085235,0.2053317755460739,0.005630509369075299
197,0.24467191994190216,0.09285751357674599,0.19027675241231917,0.01593282399699092,0.2542609453201294,0.09130695015192032,0.20575720369815825,0.005700543150305748
198,0.2466895639896393,0.0935481570661068,0.19161896258592606,0.01659305291250348,0.25746864080429077,0.09392413347959519,0.20755638778209687,0.005900377687066793
199,0.2416598305106163,0.087864688038826,0.19000494331121445,0.015445082355290652,0.2506483316421509,0.08508555591106415,0.20577654540538787,0.004657993651926517
200,0.24257182478904724,0.09117882028222084,0.1894834190607071,0.014997990243136883,0.2508121967315674,0.08538967370986938,0.205446657538414,0.005341394990682602
201,0.2464190110564232,0.09687528610229493,0.1904994308948517,0.01496387431398034,0.24943899512290954,0.0844393640756607,0.20510336458683015,0.0042319072410464285
202,0.2459159553050995,0.09280691891908646,0.1921721488237381,0.01468069152906537,0.2480823963880539,0.08861540853977204,0.20198522210121156,0.0035789191257208585
203,0.24085947275161743,0.08762893229722976,0.18954873234033584,0.014992545265704394,0.2519447445869446,0.08971945643424988,0.2042483001947403,0.005673450510948896
204,0.24304515421390532,0.09345027580857276,0.1885616272687912,0.015516776219010353,0.24986521005630494,0.08581343293190002,0.20470619797706605,0.0045045893639326096
205,0.24389516115188598,0.09281209111213684,0.18982539623975753,0.015327434707432985,0.2549769937992096,0.09311518967151641,0.20654685497283937,0.0037450557574629784
206,0.24249378740787506,0.0911269761621952,0.18913107514381408,0.01559844333678484,0.2525800108909607,0.08932657390832902,0.20527538359165193,0.005282685719430446
207,0.2444733515381813,0.09208588302135468,0.19052793085575104,0.015804959833621977,0.25024743676185607,0.08843980878591537,0.2035583049058914,0.004938447661697864
208,0.24503664821386337,0.09587187319993973,0.1893615037202835,0.015478406101465225,0.2579976230859756,0.10053234994411468,0.2055228292942047,0.004417261853814125
209,0.2446692943572998,0.09291877076029778,0.190480138361454,0.015459545236080886,0.25322105586528776,0.08657056093215942,0.20734792351722717,0.005175704509019852
210,0.24420498311519623,0.09560346826910973,0.18837496638298035,0.01605655699968338,0.2576508581638336,0.09637437462806701,0.20637511610984802,0.0061771033331751825
211,0.23699624538421632,0.08247022405266762,0.18814833611249923,0.015225588530302047,0.25476584732532503,0.08973847031593322,0.20725623965263368,0.005280770733952523
212,0.24383369088172913,0.09241623505949974,0.19028585851192475,0.014679429959505797,0.2536022186279297,0.08779224157333373,0.206954625248909,0.005502947792410851
213,0.24162383675575255,0.08891371116042138,0.1890764817595482,0.016180998645722866,0.2620638221502304,0.1053874894976616,0.20694643557071685,0.004847284499555826
214,0.2454378217458725,0.09722275584936142,0.1892538458108902,0.015145197324454785,0.25366548299789426,0.08600200861692428,0.2085060268640518,0.004316919576376676
215,0.2413533955812454,0.08966979905962943,0.18893263041973113,0.01517173545435071,0.2622111141681671,0.104304838180542,0.20740219652652742,0.005313007440418005
216,0.23763782531023026,0.08936886116862297,0.1851354494690895,0.015635897032916547,0.2529269069433212,0.08882352709770203,0.20632354021072388,0.0043831847608089445
217,0.23991678655147552,0.09255061894655228,0.18607981950044633,0.015123307425528764,0.2463264435529709,0.08094377815723419,0.20345718860626222,0.00479474039748311
218,0.2410547688603401,0.09372414574027062,0.18638350516557695,0.015618379227817059,0.25108588933944703,0.08531808853149414,0.2053296834230423,0.0061943419277668
219,0.24041497856378555,0.08885603249073029,0.1878053829073906,0.016363163385540246,0.24458348155021667,0.0759909451007843,0.20412896275520326,0.004918090254068375
220,0.24124594181776046,0.09313866794109345,0.18691488057374955,0.015523446444422006,0.25357760190963746,0.09025025069713592,0.20634813308715821,0.004208687227219343
221,0.239114448428154,0.08695282638072968,0.18741460144519806,0.01644686795771122,0.25540210008621217,0.09484958350658416,0.20586139261722564,0.004231811221688986
222,0.2438363954424858,0.09579942598938943,0.18815068453550338,0.01557199852541089,0.2540239244699478,0.08834815472364425,0.207198303937912,0.005303090158849955
223,0.24206764996051788,0.09623870328068733,0.18620001822710036,0.015496565401554108,0.25555144548416137,0.09019621461629868,0.20797021687030792,0.004966247174888849
224,0.24042777270078658,0.09260989129543304,0.18636095076799392,0.015523751080036164,0.25409350395202634,0.08739331960678101,0.20765386521816254,0.005485956370830536
225,0.23736725896596908,0.0863829180598259,0.18643429279327392,0.015483014099299908,0.24818933010101318,0.07928075343370437,0.20653366446495056,0.00403059646487236
226,0.2410941943526268,0.0925906740128994,0.1871544376015663,0.015288833156228065,0.25314781069755554,0.08865591585636139,0.20656995177268983,0.0044997863471508024
227,0.23840591311454773,0.0920259602367878,0.18427209854125975,0.016241667047142982,0.26359547972679137,0.10238582044839858,0.20972351133823394,0.005358103197067976
228,0.24621288031339644,0.09836925491690636,0.1892858624458313,0.015484778769314289,0.2525864064693451,0.08482291251420974,0.20822502970695494,0.0038998416624963284
229,0.23833103775978087,0.09223745539784431,0.185061077773571,0.014302462618798018,0.25239593386650083,0.0902596354484558,0.205314764380455,0.003902706131339073
230,0.23904375582933426,0.08849210441112518,0.18729309886693954,0.015009205136448146,0.25593164563179016,0.09046443402767182,0.20859189331531525,0.004215061850845814
231,0.2384622424840927,0.09171614944934844,0.18487270176410675,0.015462933853268624,0.24874898195266723,0.08211555480957031,0.20561643540859223,0.004149544425308705
232,0.23649874329566956,0.08854025453329087,0.18487433046102525,0.01470857011154294,0.2616146743297577,0.10639984011650086,0.2059880554676056,0.00485337944701314
233,0.23517713099718093,0.08542024418711662,0.18491734713315963,0.015099319629371166,0.2506001591682434,0.0890905424952507,0.20380572974681854,0.00449830163270235
234,0.23312272876501083,0.08187942281365394,0.1844331979751587,0.015499635599553585,0.24895538687705993,0.07825565487146377,0.20756786167621613,0.004519393481314182
235,0.23651001006364822,0.08559135422110557,0.1866362988948822,0.0141560647636652,0.2548655867576599,0.08906626105308532,0.20814344882965088,0.004378019832074642
236,0.23620904982089996,0.08520898893475533,0.1861323818564415,0.014944342151284217,0.2512078911066055,0.0870648443698883,0.20529799461364745,0.00475493622943759
237,0.23498099148273469,0.08496125787496567,0.18503304868936538,0.014934618957340717,0.2509320616722107,0.08901784121990204,0.20461978018283844,0.0036067266017198564
238,0.23070612102746962,0.08014332875609398,0.1835266649723053,0.014215585216879845,0.2504293382167816,0.08598791062831879,0.20537901818752288,0.004112725518643856
239,0.23452823907136916,0.08922625631093979,0.1825551435351372,0.014719919208437205,0.2593588471412659,0.10115210264921189,0.2068178027868271,0.003929960820823908
240,0.23758509904146194,0.09002259820699691,0.18545236587524414,0.014242857601493597,0.2531132698059082,0.08869099617004395,0.20600623786449432,0.005523065850138664
241,0.23766239285469054,0.09154927954077721,0.18416440188884736,0.015446699876338243,0.26629559993743895,0.11049090027809143,0.20870227217674256,0.004695753287523985
242,0.2357833445072174,0.08673995360732079,0.18495908230543137,0.01490856073796749,0.25750123262405394,0.09757802337408066,0.20626471042633057,0.004895026236772538
243,0.23652923107147217,0.09002954363822938,0.18401240706443786,0.01500410372391343,0.2572574019432068,0.09331722557544708,0.2087288647890091,0.0037398287560790775
244,0.2267957806587219,0.0756816953420639,0.1814870521426201,0.014935765042901039,0.2511630803346634,0.0870172381401062,0.20511944890022277,0.005070042982697487
245,0.23166113942861558,0.08141689822077751,0.1829296365380287,0.016046103741973638,0.2518671989440918,0.08899918496608734,0.2049886018037796,0.004758006054908037
246,0.23155371695756913,0.07996639981865883,0.183661986887455,0.015817066095769404,0.25513309240341187,0.09152931571006775,0.20706735849380492,0.00460217148065567
247,0.23243266642093657,0.08410281613469124,0.18302179574966432,0.014718923065811396,0.2544403612613678,0.09058030545711518,0.20685582458972931,0.004588763229548931
248,0.23129744231700897,0.08268629163503646,0.1826194241642952,0.01466974252834916,0.25019662976264956,0.08491980284452438,0.20517947077751159,0.00511453440412879
249,0.2316665381193161,0.08448698595166207,0.18152995854616166,0.01578617263585329,0.24672323763370513,0.0780233919620514,0.20512325167655945,0.005176593642681837
250,0.23392966538667678,0.08401467502117158,0.18432462960481644,0.015195392537862062,0.2667666137218475,0.10706404745578765,0.21031635999679565,0.005836452171206474
251,0.2304024115204811,0.08598248511552811,0.18008050620555877,0.01466132141649723,0.2557514369487762,0.0946956917643547,0.20607094168663026,0.00466526448726654
252,0.23041782528162003,0.08387006670236588,0.1810014322400093,0.014962718728929758,0.24877963066101075,0.08412370383739472,0.2044087380170822,0.0046180738136172295
253,0.2278095856308937,0.07992492690682411,0.18023867160081863,0.015216900315135718,0.25056599378585814,0.08005510866641999,0.20814425945281984,0.004788362141698599
254,0.2306690290570259,0.08217310011386872,0.18197895884513854,0.015207040868699551,0.2575662970542908,0.0950360968708992,0.20769484639167785,0.00470683965831995
255,0.2307955265045166,0.08054302334785461,0.1829487919807434,0.015150442253798246,0.24979724287986754,0.08493554294109344,0.2051505357027054,0.004357882728800178
256,0.227680803835392,0.07945223785936832,0.18070305585861207,0.014503262285143138,0.2549522340297699,0.0890356570482254,0.20836133062839507,0.004146155342459679
257,0.22621657699346542,0.07577455341815949,0.18104950487613677,0.014559585601091385,0.24431957304477692,0.07774709910154343,0.20370902121067047,0.0034740117844194174
258,0.2180184990167618,0.0695629931986332,0.1760139137506485,0.014446188975125552,0.24954911172389985,0.0834686204791069,0.2056364744901657,0.004356650914996862
259,0.21709644049406052,0.07239950820803642,0.17408161610364914,0.01363013694062829,0.2523118942975998,0.0877896100282669,0.20646709501743316,0.0038999668322503567
260,0.22401864379644393,0.07646933868527413,0.17862583845853805,0.01431626994162798,0.24645027816295623,0.07798345983028412,0.20538061559200288,0.004155845334753394
261,0.2172319009900093,0.07603129521012306,0.17213128209114076,0.014169941935688258,0.2561199426651001,0.0920866847038269,0.20805067121982573,0.004051835276186466
262,0.22064500004053117,0.07184685692191124,0.17762957215309144,0.014184003695845604,0.2521610587835312,0.08655425012111664,0.20680150389671326,0.004164871200919152
263,0.2192629635334015,0.07443317361176013,0.1753598764538765,0.01337300231680274,0.2542278438806534,0.0918463036417961,0.2067111998796463,0.0031869671307504176
264,0.2192699894309044,0.07178376913070679,0.17620449513196945,0.014347221702337265,0.24795179963111877,0.07710183411836624,0.20774497389793395,0.003311824519187212
265,0.22181232273578644,0.07479643300175667,0.17721755504608155,0.014393098279833793,0.25562232732772827,0.09262659847736358,0.20744634568691253,0.003725364524871111
266,0.22072861045598985,0.07649908997118474,0.17567436248064042,0.013609407749027014,0.24789925515651703,0.08333268165588378,0.20461017191410064,0.003245504479855299
267,0.22010546624660493,0.0704557966440916,0.17762753516435623,0.014500066637992859,0.24838004410266876,0.0792267382144928,0.20659632980823517,0.004340671747922897
268,0.21782125532627106,0.07122512571513653,0.17534543722867965,0.013726508896797895,0.24324425756931306,0.07502474933862686,0.203538379073143,0.004387020785361529
269,0.21864357739686965,0.07481510043144227,0.17459258139133454,0.013286892883479595,0.2575500190258026,0.09659340679645538,0.20756306648254394,0.0033805007580667732
270,0.2176620200276375,0.07049212753772735,0.1755048468708992,0.013822223246097564,0.2555734276771545,0.09221407175064086,0.20761690735816957,0.003698951750993729
271,0.21363180130720139,0.0675922840833664,0.1732401967048645,0.013190927542746067,0.2480988621711731,0.08037860989570618,0.2060518592596054,0.0037153922487050293
272,0.21712067276239394,0.07118960097432137,0.17457449585199356,0.01390275415033102,0.2539816975593567,0.08873871862888336,0.20752029716968537,0.004184095188975334
273,0.21272780150175094,0.06519327461719512,0.17334034889936448,0.013581633009016514,0.24854545593261718,0.0817769706249237,0.20567664206027986,0.003960659867152572
274,0.21814486682415007,0.07205124236643315,0.17504267692565917,0.014153139479458333,0.25622694492340087,0.09420911073684693,0.2072884887456894,0.003667793655768037
275,0.21735891401767732,0.0700211338698864,0.17563069462776185,0.013435303140431643,0.2434528201818466,0.07346897423267365,0.20469671487808228,0.004043232463300228
276,0.2204590380191803,0.07734317779541015,0.174775692820549,0.014023511204868555,0.2484224945306778,0.08061482757329941,0.2065046727657318,0.003220818843692541
277,0.2201087161898613,0.0754498653113842,0.17540018409490585,0.013967197109013795,0.2655505478382111,0.11265334486961365,0.20711841583251953,0.004210915602743626
278,0.22062320113182068,0.07667631357908249,0.17526881247758866,0.014032467920333146,0.2453746020793915,0.07807344496250153,0.2047712415456772,0.0031332848593592644
279,0.21605704724788666,0.06901429183781146,0.17436716109514236,0.014365478325635195,0.2538211941719055,0.09046434909105301,0.20651093125343323,0.004156199470162392
280,0.22024478912353515,0.07435945719480515,0.17618306577205659,0.013763984479010106,0.2523451685905457,0.08868480771780014,0.20648062527179717,0.0030442857183516025
281,0.21608686745166777,0.07154510952532292,0.17349164336919784,0.013645341340452432,0.2547027885913849,0.09247827529907227,0.20663597881793977,0.003655329020693898
282,0.21642597168684005,0.07070819213986397,0.17439818531274795,0.013347384054213762,0.2521071553230286,0.08956397026777267,0.20574505031108856,0.0031602288596332072
283,0.21732624769210815,0.07427499294281006,0.17359642684459686,0.013184650056064128,0.24841046929359437,0.07806837707757949,0.20751608908176422,0.0037203822284936905
284,0.21677356213331223,0.0682223193347454,0.17572409063577651,0.013876623380929232,0.25005410611629486,0.08207430243492127,0.20666816532611848,0.004697596468031406
285,0.21423593014478684,0.0678887352347374,0.17360378354787825,0.013375553861260414,0.24421778917312623,0.0750225841999054,0.2051210045814514,0.0031709812581539156
286,0.21520790755748748,0.07003368176519871,0.17343712449073792,0.013507886230945588,0.2452910453081131,0.07753645926713944,0.2047272652387619,0.003591105341911316
287,0.21526234745979309,0.06968355774879456,0.17332527786493301,0.014190580509603024,0.25750582814216616,0.09388892352581024,0.2087079405784607,0.003706833813339472
288,0.2169734477996826,0.07403069250285625,0.17327668368816376,0.01336283702403307,0.24679765701293946,0.0740190289914608,0.2076360821723938,0.004304133728146553
289,0.21437927037477494,0.06905448213219642,0.17284042686223983,0.014023201819509269,0.2520801931619644,0.08772833049297332,0.20664317309856414,0.0031457062810659408
290,0.2116225093603134,0.06586994938552379,0.17211230248212814,0.013150470703840256,0.25593401193618776,0.08812078833580017,0.21010572612285613,0.0035357550717890263
291,0.21596405506134034,0.07054786309599877,0.17374201714992524,0.013896208070218564,0.2485706925392151,0.07840137928724289,0.20725941956043242,0.004221170488744974
292,0.21381414979696273,0.06929458715021611,0.17228115797042848,0.013771401811391115,0.2580709159374237,0.09970356225967407,0.20642982423305511,0.0035786176100373267
293,0.21538621187210083,0.07285430952906609,0.17208233773708342,0.01375343594700098,0.2564849853515625,0.09551136344671249,0.20661016404628754,0.00423828000202775
294,0.21880606859922408,0.07480573393404484,0.17439647316932677,0.014013464841991664,0.2570305407047272,0.09305062890052795,0.2085109144449234,0.003988634981215
295,0.2165696606040001,0.07489351630210876,0.1725519597530365,0.013141881395131349,0.2535255551338196,0.08618313670158387,0.20863623321056365,0.003595481626689434
296,0.21351935267448424,0.06881372816860676,0.17242246568202974,0.013380044046789408,0.2498265027999878,0.08419089168310165,0.20603199303150177,0.0033981406129896643
297,0.21403188854455948,0.06805194392800332,0.17281263917684556,0.014386553131043912,0.24895498156547546,0.07945032864809036,0.2074543446302414,0.0035509288311004637
298,0.2157193899154663,0.06843764372169972,0.17444539815187454,0.01411034120246768,0.24833204448223115,0.08257575333118439,0.20540020763874053,0.003287904430180788
299,0.21216314435005187,0.0662602860480547,0.17248406112194062,0.013097879011183977,0.25056481957435606,0.08481391668319702,0.20634011030197144,0.003635503351688385
300,0.20765285789966584,0.061344385519623755,0.17026713341474534,0.013427065778523683,0.25011010766029357,0.08297031968832017,0.20666996538639068,0.003909946139901877
301,0.2095993846654892,0.06533595509827136,0.1701245591044426,0.013613700680434705,0.24946657419204712,0.08155888319015503,0.20689615607261658,0.0035819638054817916
302,0.21365232318639754,0.0695021353662014,0.1719055190682411,0.013991474453359843,0.255471670627594,0.08712019324302674,0.2094506472349167,0.004921841621398926
303,0.21032994389533996,0.0654300820082426,0.17083908021450042,0.01355165196582675,0.24675283432006836,0.0763644203543663,0.20656112730503082,0.004018987528979778
304,0.21097900122404098,0.06610435992479324,0.17110229134559632,0.013649053126573562,0.24940899014472961,0.07825325727462769,0.2087378352880478,0.003089042799547315
305,0.21161595731973648,0.06895264461636544,0.17045973539352416,0.01335979662835598,0.2587869465351105,0.09645723402500153,0.20877917408943175,0.003558304347097874
306,0.20974874198436738,0.07036401964724064,0.1678656741976738,0.013402114901691676,0.24693434834480285,0.07760471850633621,0.20669049322605132,0.002882995782420039
307,0.20852803140878678,0.06811914853751659,0.16804556101560592,0.01284579373896122,0.2465568870306015,0.07790068984031677,0.20588715970516205,0.0034387528896331785
308,0.20929355621337892,0.06621253602206707,0.1697617471218109,0.012851086724549533,0.2552820146083832,0.09182313829660416,0.20788146555423737,0.0029779547825455666
309,0.20806166231632234,0.06300604715943336,0.16991116255521774,0.013294950500130654,0.2444238007068634,0.07142807990312576,0.20720888972282409,0.0030017517041414977
310,0.20867157578468323,0.0694850143045187,0.16739629209041595,0.013065553549677134,0.2527870237827301,0.08738798201084137,0.20759833455085755,0.0029894270934164523
311,0.2101023390889168,0.0667374324053526,0.17032588720321656,0.012815470434725284,0.249077445268631,0.08156878352165223,0.20670608580112457,0.0031739411875605582
312,0.2069509044289589,0.06173753626644611,0.16946214586496353,0.013239984028041362,0.25208280682563783,0.0867745652794838,0.20733639895915984,0.0027182378806173803
313,0.20483357608318328,0.06064998060464859,0.16819908022880553,0.012619013618677854,0.2512366533279419,0.08347456157207489,0.2078879415988922,0.0032228751573711635
314,0.20794088542461395,0.06459247916936875,0.16882988661527634,0.013629513047635555,0.25102621614933013,0.08690859377384186,0.20607762634754181,0.002988589275628328
315,0.20642902851104736,0.06538982465863227,0.1674480065703392,0.012572222109884023,0.2517438352108002,0.08533539772033691,0.20706898868083953,0.004014288261532784
316,0.20501310229301453,0.0636118195950985,0.16677149683237075,0.012871390301734209,0.24659262001514434,0.07874191552400589,0.20553527474403382,0.003372780000790954
317,0.20333232581615449,0.060459004342556,0.16677618473768235,0.012653279304504394,0.2519950896501541,0.08508128225803376,0.20769014060497284,0.0035286158323287963
318,0.20586863458156585,0.062171865999698636,0.16803138554096222,0.01350262677296996,0.25063028037548063,0.08533469438552857,0.20656537711620332,0.002795109944418073
319,0.20718813836574554,0.0655046071857214,0.16801620721817018,0.012839256972074508,0.24668482840061187,0.08039385825395584,0.20509774386882781,0.0027803122997283936
320,0.20602811127901077,0.06080066375434399,0.16897373497486115,0.013308091275393962,0.25006879568099977,0.0836046889424324,0.2064383804798126,0.0036561197601258756
321,0.20396161824464798,0.06319315880537033,0.1658925622701645,0.01294494941830635,0.24916760325431825,0.08331223726272582,0.20618195831775665,0.002659051353111863
322,0.20713685750961303,0.06576431691646575,0.16776732057332994,0.012974756397306919,0.2499188005924225,0.08148334920406342,0.20747690200805663,0.0034004495479166507
323,0.20351120978593826,0.058782171830534934,0.1674996480345726,0.01324094906449318,0.2544979602098465,0.08726086765527725,0.20927970707416535,0.0031756463460624216
324,0.2052031397819519,0.06428463011980057,0.16660183668136597,0.012917978130280972,0.2525908201932907,0.08512294739484787,0.20853029787540436,0.002998097985982895
325,0.2106224700808525,0.07001491636037827,0.16888112276792527,0.013467784225940704,0.252652245759964,0.08454697132110596,0.20863771736621856,0.0034820915665477515
326,0.2043016865849495,0.06262763179838657,0.1664556533098221,0.013064432051032781,0.25234946310520173,0.08263964280486107,0.20925249755382538,0.0035542778205126524
327,0.20628368258476257,0.062394018098711965,0.1683281034231186,0.013517143949866296,0.2512559652328491,0.08285546600818634,0.20831417739391328,0.0030281001701951025
328,0.204434072971344,0.06231805123388767,0.16689133197069167,0.01276742871850729,0.24906239807605743,0.08117278516292573,0.20712994635105134,0.0026921097189188
329,0.20709802955389023,0.06487726718187332,0.16830132752656937,0.01271613985300064,0.25438196063041685,0.08737663626670837,0.2089662343263626,0.003454800695180893
330,0.20604116916656495,0.06112639792263508,0.16898393929004668,0.012988065090030431,0.2507215440273285,0.08146604299545288,0.20829017162323,0.003396704886108637
331,0.2050002247095108,0.05876762792468071,0.16905542016029357,0.013121982757002115,0.2515167385339737,0.08297935128211975,0.2084808439016342,0.003092428855597973
332,0.2007887363433838,0.059076421335339545,0.16507532447576523,0.012350401747971773,0.25291634500026705,0.08618989437818528,0.20806089639663697,0.0035210222005844114
333,0.20368821024894715,0.06080043762922287,0.1670179009437561,0.01254018060863018,0.25762504935264585,0.09375315308570861,0.20926460027694702,0.002967752516269684
334,0.2056434080004692,0.062124821916222574,0.1681591659784317,0.01284366175532341,0.249723219871521,0.08189440220594406,0.20718300044536592,0.003186024446040392
335,0.20612131357192992,0.06522344499826431,0.16696655601263047,0.013086071237921715,0.25954681932926177,0.09863106906414032,0.20833789706230163,0.0037867808248847725
336,0.20403731912374495,0.061514207348227504,0.1671692043542862,0.012222028151154519,0.25520719289779664,0.09020532667636871,0.20838136076927186,0.0034463458228856324
337,0.20464650988578797,0.06383945047855377,0.16612670123577117,0.013200175203382968,0.2530572772026062,0.08497959524393081,0.20904651880264283,0.0030418863985687493
338,0.1990441635251045,0.05343466736376286,0.16574597656726836,0.013161707296967506,0.2551013469696045,0.0877688467502594,0.20956775844097136,0.003298330632969737
