sample_id,source_name,source_row,pattern,m,n,tcrease,tpanel,W,creaseE,panelE,bendstiff30,bendstiff60,bendstiff90,axialstiff30,axialstiff60,axialstiff90
miura_00013,miura,13,1,30,9,0.0009695058110685,0.0011996076252166,0.0029609242834405,4980021623.32524,1021675852.08106,2333.23777066176,853.433270772327,886.641010083469,64770.4323715121,91227.1923395597,180917.251348766
miura_00005,miura,5,1,36,9,0.0005320391662636,0.0039478754500165,0.0032473431852596,1467340479.81424,4395060617.92979,228927.357393849,69206.1216586128,25371.6651515964,8075.66071832058,18943.9415701235,274652.436708387
miura_00038,miura,38,1,36,12,0.0006084677179052,0.0014902522285354,0.0029100658643094,1389171773.44797,4214957649.50961,10684.5557248204,3644.48356354118,3111.39118127595,8567.17843022968,14289.7238950572,98895.0662423629
miura_00009,miura,9,1,24,9,0.0006013026349418,0.0040806185866416,0.0033118727379557,2203273995.30002,3500746813.44264,164919.225992508,50627.6409180823,24354.4658821746,9943.96183939382,20389.0455757056,282417.4329335
miura_00004,miura,4,1,30,9,0.000724403307076,0.0015040919902165,0.0023621363656088,4745892771.55499,4386203973.0984,20123.0417247731,6830.27008845333,5456.1407822165,44203.7061503281,69487.8254479921,296683.396228401
miura_00007,miura,7,1,24,9,0.0008644569655374,0.0046056667392779,0.0012615881846511,2094563741.14635,1576200699.18252,216144.766237766,60676.6357373499,18508.191305863,52470.936717988,87465.9214841538,459509.656847598
miura_00042,miura,42,1,30,9,0.000655367808138,0.0031503934259137,0.0039008326623588,1700881402.71313,1939324998.07219,44316.2360968663,13946.520059401,7443.91357306018,8408.96509131191,14684.461541361,115944.145925958
miura_00047,miura,47,1,24,6,0.0005316403211031,0.0021786273688258,0.0034398465169657,1986345569.76984,2059302735.47226,30852.2825036675,10619.5727044041,7365.75227029892,4676.83878046059,8251.64229063744,66111.8342247764
miura_00048,miura,48,1,30,9,0.0008210691249803,0.0052687524840249,0.0032002854342292,3181924451.25508,2900400199.59648,296983.38837048,86981.4632377617,29175.3694585304,37162.1373106874,66304.3956096061,482260.754106469
miura_00016,miura,16,1,36,12,0.000792109956113,0.0043465801083396,0.001366249251207,4465076590.2748,4852149434.32523,445112.63180619,111724.897822492,30455.5225218722,123358.146288139,202141.170310471,1056945.69401555
miura_00010,miura,10,1,36,6,0.0008443789150052,0.0015016769899582,0.001859856379822,1448779676.04526,3102171164.06426,34530.6356535428,12221.9097657827,6388.95299554111,31008.8087043053,46852.6117881781,152231.673893248
miura_00017,miura,17,1,30,9,0.0008954910945982,0.0016864393440123,0.0020981375390621,2843656353.98084,4845251916.34833,34188.0805749461,11262.4431268977,7770.54620695799,56557.5128053739,88877.5852173917,379132.382691366
miura_00025,miura,25,1,24,12,0.000884688674128,0.0013722951019441,0.001306835151788,1377810646.10708,2821373631.0951,9552.55990592778,3350.98297250695,3013.49683339492,34490.0249440494,56110.6798001442,282367.852071375
miura_00035,miura,35,1,30,12,0.0007318816255898,0.0032448876681212,0.0021299392420491,1310153498.01913,1446390627.37365,40025.9422566473,11653.7980415133,5162.03003707197,15729.765865366,26450.6261115696,170530.837052222
miura_00032,miura,32,1,30,12,0.0006459398424216,0.0048789069448601,0.0018738104924949,4042888909.4814,4732698207.33362,436074.176014346,113333.331204399,34894.0476762811,43121.7139631003,80937.6170674948,756912.511785386
miura_00001,miura,1,1,24,9,0.0005335106221225,0.0032523637718859,0.0018671621186657,2524177304.62651,3215885086.86058,133869.551931075,40705.0730782034,18639.255146931,12418.981920453,23592.906128434,250199.689454778
miura_00045,miura,45,1,36,12,0.0008903614553932,0.0024406411786742,0.0015802988523796,2646374205.897,3842014101.51976,70107.9956547612,20395.8050893416,8845.37218416003,85135.4871729135,132524.265226365,556889.953096873
miura_00028,miura,28,1,24,12,0.0005383244655887,0.0028731318335451,0.0028119782061714,3245954976.58272,3945902038.3134,53007.0909098923,17053.3497883544,11138.4355429976,10738.3525915015,19422.4545992153,212056.185547566
miura_00034,miura,34,1,24,12,0.0009835119846836,0.0011835042276842,0.0038765184515351,3920104173.96148,4613292605.44328,3964.64264839284,1661.78889059403,2721.67709964363,44161.3056604628,72183.8647770627,362090.210003843
miura_00006,miura,6,1,30,12,0.0006934783295076,0.0035189103745955,0.0031719242165731,1735003817.20226,2820997443.10931,68335.8668182171,20410.1632919412,9973.16666617711,13106.8232391777,23300.6760413162,212163.799022804
miura_00030,miura,30,1,30,9,0.0007329400852523,0.0049061856876672,0.0012088791870871,4859648465.49032,1924407091.89922,306580.467829378,86588.9087717002,22661.1376481363,93691.3662844656,148847.646938357,615399.916061835
miura_00012,miura,12,1,30,9,0.000677951837679,0.0027244071431557,0.0037265369972995,3752173143.3727,4155232492.76764,66204.6931049585,21192.6924221999,12496.2091334305,20533.7566249411,34716.3309009395,235850.380530767
miura_00037,miura,37,1,36,12,0.0008109656881832,0.0032455728824088,0.0027067617271118,4842381691.93259,1637323158.7,40950.8132219546,11874.9649907092,5087.02255392306,67422.8329342612,103179.33903719,386346.012875701
miura_00002,miura,2,1,36,6,0.0006158097192791,0.0053472582086577,0.0030026121787615,4387656204.1285,3525808233.69093,383991.359302586,167436.945540865,50796.9204307806,27604.6091651444,55164.2092642921,408322.029621885
miura_00022,miura,22,1,24,9,0.0006249464063375,0.0041697309145769,0.0039472517232898,2987954644.9857,2504605757.48993,107589.261936142,33375.4445129431,16954.0796155638,11131.4414081084,20898.3315868322,223310.521979195
miura_00003,miura,3,1,36,9,0.0008823691998597,0.00496421459441,0.0022788205800185,1508184050.47757,4519218088.69084,501290.919216185,148242.860099923,42065.6466622647,38814.6635536106,74855.7416017229,616917.192224209
miura_00044,miura,44,1,30,12,0.000802218505993,0.0036818196194723,0.0038436789017305,1038236219.65479,4363974920.11674,100760.456144273,30420.664157234,15516.7273413399,11108.0789883101,20901.4666070051,258232.718934981
miura_00036,miura,36,1,36,12,0.0005401604801435,0.0022236545078382,0.0019699455435458,3249583973.55825,2679171557.91421,30811.7245945715,9328.56602005074,4771.86183646127,19873.1276478085,32443.3562523103,185223.53651269
miura_00024,miura,24,1,30,12,0.000862004678022,0.0044092836989687,0.003174235593041,3485128558.57737,3814916317.68581,173250.608504096,49251.1991534941,19981.3348899712,47050.7681123706,80615.6835385225,567387.233319378
miura_00041,miura,41,1,30,6,0.000939081676022,0.0012268366513177,0.0023092445814189,4691120432.26819,4277935403.33599,22223.7856047007,7753.99412186294,5905.63743195356,81176.9898091549,121254.053165076,317338.409521635
miura_00011,miura,11,1,36,6,0.0009419136206572,0.0043981018833839,0.0011592443733065,1457970343.81322,2872391620.04082,289593.133991569,133938.67376722,37636.3912613448,72794.670172513,115012.703963954,434942.600228238
miura_00023,miura,23,1,36,9,0.0007107598704161,0.0011764726368428,0.001817539787485,1355394260.59392,1661475966.76965,5526.55237626838,1846.13551056583,1372.36596090856,18163.8426061622,27655.3077837221,97261.0482919767
miura_00019,miura,19,1,36,12,0.000596331459894,0.0010167796747473,0.0012720147655542,2694765647.31708,4768434540.73405,8886.14495477368,3010.49333995366,2497.21084575531,32309.0618697945,50688.3628276448,227691.932227353
miura_00050,miura,50,1,36,9,0.0005407857711149,0.0013915588873918,0.0030456828259865,2402313336.20493,1956544980.70514,6433.58305757965,2180.98737040006,1751.32753801745,9048.47612731447,14319.240419724,68549.7869673762
miura_00021,miura,21,1,36,12,0.000714018062729,0.0036865497267651,0.0031850708281006,2578852180.4759,3308332696.44308,101202.266140132,29074.4950013646,11986.3693522246,24028.419146629,41217.4918368646,298338.298883899
miura_00008,miura,8,1,24,12,0.0008768414349565,0.0013268535586359,0.002376586600903,4836417092.43767,3788052106.12506,6933.11314155766,2650.17092496789,3197.13297805199,62164.6987230109,100070.294457203,450372.345177969
miura_00043,miura,43,1,30,12,0.0006173802770848,0.0021789967266418,0.0023927749520218,3942452094.36384,2263095173.63229,18283.9864222427,5868.56208479862,3849.23233133544,24037.203415871,39096.6001159805,213093.501725334
miura_00015,miura,15,1,36,9,0.0005906723271549,0.0023758202091086,0.0039880607905352,3779913664.45176,1047144086.13125,12175.9202013282,3897.88101304774,2256.27945152868,13865.4210708416,21578.4103430472,90826.5499987141
miura_00029,miura,29,1,24,12,0.0008948023185976,0.0045172146788895,0.0027422106885047,4405244422.68854,4938964586.9537,245081.506953161,70653.2974372765,30605.8892284072,62616.8995026379,109724.449755241,860998.757124183
miura_00039,miura,39,1,36,9,0.0005959396740683,0.0018283517543869,0.0015586986071257,4137732071.01306,3810212451.31261,48855.3769507129,15282.9667750001,7516.17901233739,40024.9422443962,62397.5147399508,263647.962986762
