sample_id,best_candidate,true_pattern,generated_pattern,true_m,generated_m,true_n,generated_n,true_tcrease,generated_tcrease,true_tpanel,generated_tpanel,true_W,generated_W,true_creaseE,generated_creaseE,true_panelE,generated_panelE,closed_loop_scaled_mse
miura_00257,3,1.0,1.0,36.0,36.0,9.0,9.0,0.0008886943687684834,0.0008905720897018909,0.0027388117741793394,0.0030735223554074764,0.0012901617446914315,0.0011429651640355587,4863286272.0,3961880832.0,1467752448.0,1278897536.0,0.00410509342327714
miura_00353,1,1.0,1.0,36.0,36.0,9.0,9.0,0.0005728459800593555,0.0009483834728598595,0.002296632854267955,0.004596035461872816,0.0010246281744912267,0.0033473207149654627,3146731264.0,2159575808.0,2771477504.0,1402166272.0,0.00194815534632653
miura_00299,0,1.0,1.0,36.0,36.0,6.0,6.0,0.000979201402515173,0.0006108432426117361,0.0057860324159264565,0.003952643368393183,0.003058312926441431,0.0011268239468336105,3510110464.0,4997448704.0,3305906176.0,4733733888.0,0.0010532067390158772
miura_00583,5,1.0,1.0,24.0,24.0,12.0,12.0,0.0007955332403071225,0.000848916417453438,0.005276709794998169,0.005359014496207237,0.0029316903091967106,0.0030078289564698935,3830192384.0,3239030528.0,4061518080.0,3968821504.0,0.0007581523386761546
miura_01290,2,1.0,1.0,30.0,36.0,12.0,12.0,0.0009053120156750083,0.0009937239810824394,0.0038263725582510233,0.00441199354827404,0.0017610412323847413,0.003229971509426832,1662840320.0,1906101120.0,1290117888.0,1453815040.0,0.0006805896409787238
miura_01767,0,1.0,1.0,36.0,36.0,9.0,12.0,0.0008405590779148042,0.0006301417015492916,0.0010493696900084615,0.0013661632547155023,0.001841855002567172,0.0014935439685359597,1191687680.0,2216371456.0,3229661440.0,1778541312.0,0.00035910666338168085
miura_00421,3,1.0,1.0,24.0,24.0,6.0,6.0,0.0008409402216784656,0.0008019839879125357,0.0030697607435286045,0.004986490122973919,0.0015406422317028046,0.003629982238635421,1162153984.0,3351790336.0,4968661504.0,3000634880.0,0.0029771628323942423
miura_01589,2,1.0,1.0,30.0,36.0,6.0,6.0,0.000712167180608958,0.000600051658693701,0.004376545082777739,0.0032667513005435467,0.0012889907229691744,0.0010009445250034332,4552457728.0,4411892736.0,2093221248.0,3801376000.0,0.001075488282367587
miura_00066,1,1.0,1.0,24.0,30.0,9.0,9.0,0.0008193912799470127,0.0009109284146688879,0.0048073516227304935,0.004124080762267113,0.002251142868772149,0.002491998951882124,3578892288.0,2088066688.0,2800041984.0,4487244800.0,0.0028386071790009737
miura_01613,5,1.0,1.0,36.0,30.0,12.0,12.0,0.0005586040788330138,0.0006507805082947016,0.0038698071148246527,0.005517756566405296,0.002839162712916732,0.0035210666246712208,1738334720.0,1565551488.0,2997436928.0,1794052608.0,0.023400139063596725
miura_00057,4,1.0,1.0,36.0,36.0,6.0,6.0,0.0007724798051640391,0.0007919429917819798,0.0024478884879499674,0.002105212304741144,0.002588221337646246,0.002165560843423009,3947015680.0,2972821760.0,3384840704.0,4139544320.0,0.0003166650130879134
miura_01999,7,1.0,1.0,24.0,24.0,12.0,12.0,0.0006116394069977105,0.000541499350219965,0.005857628770172596,0.0047264061868190765,0.0030308039858937263,0.002002590335905552,1475169536.0,1737961088.0,3504165888.0,4206770688.0,0.010447504930198193
miura_01119,2,1.0,1.0,36.0,36.0,9.0,9.0,0.000763692194595933,0.0008138533448800445,0.0024305765982717276,0.0034257667139172554,0.0010016943560913205,0.001592727261595428,3406912512.0,4257854464.0,3291880192.0,2410949120.0,0.003156105289235711
miura_00584,1,1.0,1.0,36.0,36.0,9.0,9.0,0.0007318892749026418,0.0008896544459275901,0.004654326010495424,0.004889282397925854,0.002459855517372489,0.0025600045919418335,3348417792.0,1726027008.0,1209683328.0,1277652992.0,0.0027530554216355085
miura_01234,7,1.0,1.0,24.0,24.0,6.0,6.0,0.000550534634385258,0.00075815204763785,0.005541255697607994,0.0055121686309576035,0.00194882124196738,0.0016357195563614368,3803981056.0,1121771904.0,4902670848.0,4625089024.0,0.004890574142336845
miura_00317,4,1.0,1.0,36.0,36.0,6.0,6.0,0.0005708108656108379,0.000692162022460252,0.0030502795707434416,0.0031792502850294113,0.003291746834293008,0.0028640530072152615,3227206912.0,1656388096.0,4934753280.0,4502735872.0,0.0024861616548150778
miura_00746,7,1.0,1.0,36.0,36.0,9.0,9.0,0.0008923718705773354,0.0005154614918865263,0.0030871855560690165,0.0025536937173455954,0.0024837367236614227,0.0014893297338858247,1295843968.0,3703864064.0,3521412096.0,4704777216.0,0.004952971823513508
miura_00129,1,1.0,1.0,30.0,36.0,6.0,6.0,0.0009797236416488886,0.000796677079051733,0.002629303140565753,0.0014013944892212749,0.0027973102405667305,0.0012896013213321567,4550394880.0,3536484096.0,2475034880.0,4996423680.0,0.0023950436152517796
miura_01444,4,1.0,1.0,24.0,30.0,6.0,6.0,0.0008160819415934384,0.0008087631431408226,0.0025011724792420864,0.0026656189002096653,0.0010166270658373833,0.0019148587016388774,3057813504.0,4421533696.0,3619054848.0,4758761472.0,0.0006000878056511283
miura_01514,3,1.0,1.0,24.0,24.0,9.0,12.0,0.0005746166571043432,0.0008862396935001016,0.0011405354598537087,0.0015057135606184602,0.002237155335023999,0.003519281279295683,4837798912.0,1957302656.0,2717237504.0,1455048192.0,0.0003800343838520348
miura_01801,0,1.0,1.0,36.0,30.0,9.0,12.0,0.0007022615754976869,0.000626851397100836,0.0010308140190318227,0.0013336181873455644,0.0030597003642469645,0.0018242687219753861,2063560064.0,2048328448.0,4020373248.0,1382607360.0,0.00042818847578018904
miura_00925,0,1.0,1.0,24.0,24.0,12.0,12.0,0.000661896716337651,0.000556802551727742,0.002512299455702305,0.0033350219018757343,0.0023123600985854864,0.003395122941583395,1012663872.0,2900251648.0,3886471936.0,2730806784.0,0.000871206633746624
miura_00481,3,1.0,1.0,24.0,36.0,9.0,9.0,0.0009714720072224736,0.0008733076974749565,0.003658200381323695,0.004692790564149618,0.0012276539346203208,0.003438003594055772,1030538112.0,2632605696.0,1127456768.0,1384806656.0,0.0013208576710894704
miura_01960,2,1.0,1.0,24.0,24.0,9.0,9.0,0.0008490889449603856,0.0009248057613149285,0.004131335765123367,0.004706969019025564,0.0028427469078451395,0.0033334209583699703,2283188992.0,2061017472.0,4355298304.0,3619236096.0,0.0010791808599606156
miura_00595,3,1.0,1.0,30.0,24.0,9.0,12.0,0.0005901381373405457,0.000735576672013849,0.0012435406679287553,0.001397000509314239,0.0032099115196615458,0.0019868500530719757,3432176640.0,1089831680.0,3748549632.0,1821834112.0,0.0002863123081624508
miura_00100,1,1.0,1.0,30.0,36.0,9.0,9.0,0.0008807730046100914,0.0009382070857100189,0.004316396079957485,0.004250827711075544,0.0012402357533574104,0.0012602186761796474,4756011520.0,3309093120.0,4139560448.0,4743487488.0,0.004786888603121042
miura_00417,5,1.0,1.0,30.0,36.0,9.0,9.0,0.0006181563949212432,0.0005773664452135563,0.005967211909592152,0.005381220486015081,0.0019510546699166298,0.0015242691151797771,3894526208.0,3225885440.0,1502329472.0,1938964352.0,0.00869760476052761
miura_00964,4,1.0,1.0,24.0,30.0,9.0,12.0,0.0006501969182863832,0.0007590512395836413,0.0015693936729803681,0.0015232643345370889,0.003965565003454685,0.003434468526393175,3989462528.0,1595238400.0,4366893056.0,4837720576.0,0.00024795843637548387
miura_00308,4,1.0,1.0,36.0,36.0,9.0,9.0,0.0008083628490567207,0.0008671321556903422,0.00346161681227386,0.00476569589227438,0.002693255664780736,0.0035726658534258604,3985252352.0,4160412160.0,2643820032.0,1758564608.0,0.0021874660160392523
miura_00030,2,1.0,1.0,30.0,36.0,9.0,9.0,0.0007329400978051126,0.0008492629276588559,0.004906185902655125,0.005907812155783176,0.0012088791700080037,0.0020759578328579664,4859648512.0,3976853760.0,1924407040.0,2047095808.0,0.00320257106795907
miura_00601,0,1.0,1.0,36.0,36.0,9.0,9.0,0.0008690423564985394,0.0007494636229239404,0.005269345827400684,0.004791580606251955,0.00188728841021657,0.0012796595692634583,2033439488.0,2084290944.0,4068958208.0,4075532288.0,0.0013217079686000943
miura_01720,0,1.0,1.0,36.0,30.0,9.0,9.0,0.0008411318412981927,0.0008118198602460325,0.0035136996302753687,0.0044106366112828255,0.002884145360440016,0.0023264640476554632,1595075456.0,1742946688.0,2667323904.0,1604558976.0,0.004105460364371538
miura_00572,2,1.0,1.0,30.0,24.0,9.0,9.0,0.0005753986188210547,0.0007721250294707716,0.0038724823389202356,0.004534921143203974,0.003422698238864541,0.0030982194002717733,2630342656.0,1144346880.0,4813289984.0,3240880128.0,0.00105458649341017
miura_00907,5,1.0,1.0,30.0,30.0,6.0,6.0,0.000981044489890337,0.0007136367494240403,0.005973184015601873,0.005994380451738834,0.0019360738806426525,0.0014065447030588984,1908810752.0,3948008704.0,4460442624.0,4122152704.0,0.004015637096017599
miura_01427,0,1.0,1.0,24.0,24.0,9.0,9.0,0.0008700801990926266,0.0005758925108239055,0.002393983770161867,0.002405167557299137,0.0020767461974173784,0.0024122330360114574,1171529984.0,4253483008.0,1148788352.0,1322251904.0,0.00037779126432724297
miura_01261,6,1.0,1.0,24.0,24.0,12.0,12.0,0.0006219602073542774,0.0005701390909962356,0.0014210825320333242,0.0019264130387455225,0.0019285838352516294,0.003572437446564436,1195375360.0,3111947264.0,3652513280.0,2452862976.0,0.00040521181654185057
miura_00847,6,1.0,1.0,24.0,24.0,6.0,6.0,0.0008568317862227559,0.0008704737992957234,0.0016625936841592193,0.001664959010668099,0.003962945193052292,0.003592186374589801,2377660160.0,1947728000.0,3716887040.0,3780282624.0,0.0005009737215004861
miura_01291,3,1.0,1.0,24.0,24.0,9.0,9.0,0.0008012690814211965,0.0008882615948095918,0.0025874630082398653,0.0028816622216254473,0.0029849885031580925,0.003224692540243268,3706889984.0,2900736256.0,3497678336.0,2821337344.0,0.00016776820120867342
miura_00810,5,1.0,1.0,30.0,24.0,6.0,6.0,0.0007989423465915024,0.0008798553026281297,0.001911383937112987,0.0027659148909151554,0.003066009609028697,0.0035529390443116426,2126275840.0,2324442880.0,3946007808.0,1879559168.0,0.0003411255602259189
miura_01567,0,1.0,1.0,30.0,30.0,9.0,9.0,0.0006819266127422452,0.0005713808932341635,0.003212700132280588,0.0031174563337117434,0.0033666060771793127,0.002420246135443449,1071084672.0,1020137536.0,1214124416.0,1060253504.0,0.0014636743580922484
miura_00125,7,1.0,1.0,36.0,36.0,9.0,9.0,0.0009470743243582547,0.0008944940054789186,0.0048785945400595665,0.004118415992707014,0.0015830608317628503,0.0010488631669431925,3508863488.0,2604097024.0,3515150592.0,4098381312.0,0.0036075403913855553
miura_01608,6,1.0,1.0,36.0,36.0,6.0,6.0,0.0005604412872344255,0.0005933359498158097,0.0013304059393703938,0.0012791730696335435,0.00289151375181973,0.0026660545263439417,4559291904.0,3266271488.0,1590562688.0,1562331136.0,0.000537316664122045
miura_00529,5,1.0,1.0,30.0,30.0,12.0,12.0,0.0007955521577969193,0.0006579155451618135,0.0014447577996179461,0.001000364194624126,0.003067260142415762,0.0027591059915721416,2376334080.0,3637661696.0,1793810048.0,2480820992.0,0.0003583311918191612
miura_00986,4,1.0,1.0,24.0,36.0,9.0,9.0,0.000563487526960671,0.0005490820039995015,0.005288991611450911,0.005176211707293987,0.001109856297262013,0.0019408637890592217,4070425600.0,4542513664.0,2628246784.0,4028530176.0,0.007428474258631468
miura_01294,7,1.0,1.0,36.0,36.0,12.0,12.0,0.0007132921018637717,0.0008826705161482096,0.0016388202784582973,0.0025950109120458364,0.00140871643088758,0.002898572711274028,3695821568.0,4144677632.0,2862989824.0,1519518080.0,0.00033704526140354574
miura_00252,2,1.0,1.0,36.0,24.0,12.0,12.0,0.0006604348891414702,0.0006129456451162696,0.0019154075998812914,0.0022972228471189737,0.003761569270864129,0.0023923630360513926,1447075328.0,1687781760.0,4159546368.0,1726709888.0,0.00038995451177470386
miura_01896,2,1.0,1.0,36.0,36.0,12.0,12.0,0.0006633075536228716,0.0008295175503008068,0.0028872108086943626,0.0027727955020964146,0.0024252922739833593,0.0021431667264550924,3661202688.0,1567682688.0,3544222976.0,3640258048.0,0.00040745793376117945
miura_00889,1,1.0,1.0,36.0,30.0,9.0,9.0,0.0009252854506485164,0.0008915733778849244,0.002355734119191766,0.001813905662856996,0.0035666152834892273,0.0010831739054992795,3673186560.0,1456456960.0,1784974208.0,1631596416.0,0.0004298645944800228
miura_00071,1,1.0,1.0,36.0,36.0,12.0,12.0,0.0009132467675954103,0.0009617804898880422,0.004034952260553837,0.0036415643990039825,0.0012376416707411408,0.0010354970581829548,4588573184.0,3150966528.0,3183869952.0,3974744576.0,0.003665041411295533
miura_00484,5,1.0,1.0,30.0,24.0,9.0,9.0,0.00085782865062356,0.0009688933496363461,0.0013932958245277405,0.0020693244878202677,0.0028737338725477457,0.0032675210386514664,2073569792.0,1996065408.0,4523359744.0,1898755840.0,0.00031660552485845983
miura_01533,6,1.0,1.0,24.0,24.0,6.0,6.0,0.0009725539712235332,0.0009121551411226392,0.002841169247403741,0.0033311147708445787,0.003012595232576132,0.0036760950461030006,2013406592.0,3059870976.0,4214807040.0,3461563136.0,0.001485931919887662
miura_01545,0,1.0,1.0,30.0,30.0,6.0,6.0,0.0008610846125520766,0.0008729319670237601,0.0019228311721235514,0.0018914748216047883,0.002045650966465473,0.0017644937615841627,1401124992.0,1006209344.0,1791051136.0,1819261568.0,0.0003324432182125747
miura_00888,6,1.0,1.0,36.0,36.0,6.0,6.0,0.0006059641600586474,0.000631395960226655,0.004233266226947308,0.005608908832073212,0.0013532893499359488,0.001986929913982749,3327547136.0,4154712320.0,4436235264.0,3196485376.0,0.0008610868826508522
miura_00211,4,1.0,1.0,24.0,24.0,6.0,6.0,0.000721485645044595,0.0007971790619194508,0.001715242164209485,0.0015965880593284965,0.0031951407436281443,0.0023521864786744118,3006717952.0,1560510464.0,3682132480.0,3960246272.0,0.0004979827790521085
miura_00521,2,1.0,1.0,24.0,24.0,9.0,9.0,0.0009009539498947561,0.0009267374407500029,0.0012704654363915324,0.001407190109603107,0.0015237079933285713,0.0012228802079334855,3896220672.0,3030750720.0,4251073536.0,3246472448.0,0.0026398980990052223
miura_00851,7,1.0,1.0,24.0,30.0,12.0,12.0,0.000684960454236716,0.0009746687719598413,0.004047666676342487,0.005723320879042149,0.0010841479524970055,0.0033265864476561546,4799359488.0,3705492480.0,2289364992.0,2079793536.0,0.0029950763564556837
miura_00672,5,1.0,1.0,24.0,30.0,9.0,9.0,0.0006101516773924232,0.0006334911449812353,0.005598373711109161,0.0059584262780845165,0.0010950439609587193,0.0018338239751756191,3405525504.0,3552493056.0,2514044160.0,3057243136.0,0.0043905372731387615
miura_00234,4,1.0,1.0,24.0,36.0,9.0,9.0,0.0008313406724482775,0.000789605372119695,0.005216830410063267,0.004719206597656012,0.001144862500950694,0.0011853210162371397,4834713600.0,4179650304.0,1191118336.0,2134513152.0,0.01712106727063656
miura_01183,3,1.0,1.0,36.0,36.0,6.0,6.0,0.0008272068225778639,0.0005841834936290979,0.002216885332018137,0.0017881366657093167,0.002091853879392147,0.0010794029803946614,3023915776.0,4717368832.0,4528023552.0,4993548288.0,0.0005055806250311434
miura_00653,7,1.0,1.0,30.0,30.0,6.0,6.0,0.0006817133398726583,0.0007170302560552955,0.00541280210018158,0.005237799137830734,0.0037281066179275513,0.0034824416507035494,2146422272.0,1692228864.0,4488729088.0,4767683584.0,0.001277028932236135
miura_01454,1,1.0,1.0,24.0,36.0,9.0,12.0,0.0009738752851262689,0.0009687554556876421,0.003753820899873972,0.004688133951276541,0.0013751137303188443,0.0027164292987436056,3680993024.0,4935782912.0,3547406080.0,3883148032.0,0.0031084760557860136
miura_01661,1,1.0,1.0,24.0,24.0,6.0,6.0,0.0009242465021088719,0.0008611920638941228,0.005870637483894825,0.005542079918086529,0.0017722414340823889,0.0012440799036994576,2552629760.0,2339226880.0,4881249280.0,4581944320.0,0.008669523522257805
miura_00455,4,1.0,1.0,36.0,36.0,9.0,9.0,0.0006747443694621325,0.0006030185613781214,0.005110409110784531,0.003452972276136279,0.0032180780544877052,0.001448668073862791,3430861824.0,1966600576.0,2901573376.0,4624538112.0,0.009593755006790161
miura_00290,0,1.0,1.0,24.0,24.0,6.0,6.0,0.0007423916831612587,0.0008043852867558599,0.0028113266453146935,0.0028482810594141483,0.0036953026428818703,0.003430015407502651,3788492288.0,2787659264.0,2259790080.0,2134422528.0,0.00026208997587673366
miura_01386,3,1.0,1.0,36.0,24.0,12.0,12.0,0.0007559749064967036,0.0008696815348230302,0.005667632445693016,0.00509552750736475,0.002352894516661763,0.001218312536366284,3260391936.0,1279194624.0,4207844096.0,3424992000.0,0.022229205816984177
miura_01848,0,1.0,1.0,30.0,30.0,6.0,6.0,0.0005448599113151431,0.0007444587536156178,0.0014859677758067846,0.002106723142787814,0.002819385379552841,0.0034292815253138542,4945111552.0,2397841152.0,2617425152.0,1422347520.0,0.00039332962478511035
miura_01338,2,1.0,1.0,30.0,30.0,12.0,12.0,0.000520783883985132,0.0006087440997362137,0.005578177515417337,0.004803297575563192,0.0030737463384866714,0.0025320681743323803,3651665152.0,1763663360.0,3607740160.0,4512291840.0,0.0016731942305341363
miura_01692,2,1.0,1.0,24.0,30.0,6.0,6.0,0.0009152938728220761,0.0009254044853150845,0.005596816074103117,0.004652220290154219,0.0031683582346886396,0.0031241183169186115,1343052800.0,1006209344.0,1089507200.0,2022655360.0,0.005689996760338545
miura_00112,4,1.0,1.0,36.0,36.0,12.0,12.0,0.0009231955045834184,0.000920940947253257,0.003910746891051531,0.005201865918934345,0.002541233552619815,0.0036107173655182123,2823262464.0,3929610752.0,3105421312.0,2091886592.0,0.0008149031782522798
miura_01276,5,1.0,1.0,36.0,36.0,6.0,6.0,0.0007848856621421874,0.0007621523109264672,0.005817917175590992,0.004851226694881916,0.003890874097123742,0.002110648900270462,2672906240.0,1531430912.0,1260513792.0,1474416384.0,0.00031275945366360247
miura_00345,1,1.0,1.0,36.0,24.0,9.0,9.0,0.0005313088186085224,0.0006064624758437276,0.0027523431926965714,0.003611598862335086,0.003532695583999157,0.0026456178165972233,3427521792.0,2314994176.0,2177396480.0,1044488000.0,0.0009504453628323972
miura_01610,4,1.0,1.0,24.0,24.0,12.0,12.0,0.0009849626803770661,0.0008781736833043396,0.0022873415146023035,0.0018607820384204388,0.0035570221953094006,0.0032051410526037216,1240895232.0,1516971008.0,2544589056.0,3090936832.0,0.0003128228709101677
miura_01396,7,1.0,1.0,30.0,24.0,9.0,9.0,0.0008032459882088006,0.000906135595869273,0.0014406121335923672,0.0019210161408409476,0.002722347155213356,0.0028221907559782267,3573296640.0,3202327040.0,2738993920.0,1354738560.0,0.00037932879058644176
miura_01055,5,1.0,1.0,30.0,36.0,9.0,9.0,0.0006599272601306438,0.0008690240210853517,0.0016278059920296073,0.00164559215772897,0.0012463540770113468,0.0021569824311882257,3677498368.0,2193975552.0,1240724736.0,1481888640.0,0.0003418490232434124
miura_00759,2,1.0,1.0,30.0,36.0,12.0,12.0,0.0008322462672367692,0.000668739783577621,0.0029076237697154284,0.0017059724777936935,0.0037721076514571905,0.002015648642554879,2506905856.0,2172285696.0,2026903168.0,4498922496.0,0.00017548893811181188
miura_01232,6,1.0,1.0,30.0,36.0,6.0,6.0,0.0009481294546276331,0.0007496694452129304,0.0032923000399023294,0.0018811431946232915,0.0020963249262422323,0.0010325848124921322,4981301248.0,4557218304.0,2261427456.0,4662756352.0,0.0012709099100902677
miura_01987,1,1.0,1.0,36.0,36.0,12.0,12.0,0.0007922071381472051,0.0008626994676887989,0.0036611713003367186,0.0033800534438341856,0.003740419168025255,0.0030943527817726135,2552441088.0,1487810816.0,4493293056.0,4741178880.0,0.0015973481349647045
miura_01200,5,1.0,1.0,36.0,36.0,9.0,9.0,0.0007459071348421276,0.0007647174643352628,0.0015273651806637645,0.0011271286057308316,0.002917456440627575,0.002273164689540863,4916021248.0,3578223616.0,1728587520.0,1961159040.0,0.0003957351145800203
miura_00368,3,1.0,1.0,24.0,24.0,12.0,12.0,0.000626803666818887,0.0007309316424652934,0.001742869382724166,0.001443510758690536,0.002655326621606946,0.0029241812881082296,2722441216.0,1870630016.0,3365949952.0,4156536832.0,0.00028745774761773646
miura_00787,6,1.0,1.0,24.0,30.0,6.0,6.0,0.0009431018843315542,0.0009413243387825787,0.0033510569483041763,0.003337907139211893,0.002315166173502803,0.0032309400849044323,4324191744.0,4830708736.0,3094001408.0,4213907456.0,0.0016591910971328616
miura_00070,1,1.0,1.0,30.0,30.0,6.0,6.0,0.0005693950224667788,0.0007654667133465409,0.0021104433108121157,0.0027390241157263517,0.0018230106215924025,0.0024823795538395643,2371014400.0,1299561088.0,4364889088.0,3271724544.0,0.0010616473155096173
miura_01485,5,1.0,1.0,24.0,24.0,12.0,12.0,0.0005694306455552578,0.0005592079251073301,0.0035017698537558317,0.003644305281341076,0.003215489676222205,0.0033318318892270327,1409195648.0,1625332992.0,4169203712.0,4144961536.0,0.001354265958070755
miura_01634,7,1.0,1.0,30.0,30.0,9.0,9.0,0.0009810604387894273,0.0008025036659091711,0.0033680403139442205,0.0030166239012032747,0.002657842356711626,0.0020589770283550024,3581983744.0,4720037376.0,3323821312.0,3840984576.0,0.0008641747408546507
miura_01757,2,1.0,1.0,30.0,36.0,12.0,12.0,0.0009625422535464168,0.0009080233285203576,0.0039587258361279964,0.0026125414296984673,0.003261542646214366,0.0022465477231889963,1779082752.0,1122942592.0,1463609984.0,3064237056.0,0.00043034827103838325
miura_01179,1,1.0,1.0,36.0,36.0,9.0,9.0,0.0005164816975593567,0.0005821316153742373,0.004266302566975355,0.0048243459314107895,0.002326784422621131,0.003033503657206893,2972715776.0,2473298688.0,3783069184.0,3665491200.0,0.013117586262524128
miura_01493,0,1.0,1.0,24.0,30.0,9.0,9.0,0.0006381389684975147,0.0009185993694700301,0.0033035362139344215,0.003632333129644394,0.001034518820233643,0.0019929534755647182,3800802816.0,1774461056.0,2635216128.0,3560126208.0,0.0030189219396561384
miura_00428,3,1.0,1.0,36.0,36.0,9.0,9.0,0.0007756948471069336,0.0008406117558479309,0.004813388921320438,0.003756842575967312,0.0038770309183746576,0.0018813221249729395,3702710016.0,1318209280.0,1363328768.0,1803356672.0,0.0020138632971793413
miura_01029,1,1.0,1.0,30.0,36.0,6.0,6.0,0.0006969118840061128,0.0007678192341700196,0.005023708567023277,0.0050485264509916306,0.00139996234793216,0.0019481834024190903,4828225024.0,4050667776.0,1186385664.0,1480921472.0,0.0003417159605305642
miura_00712,4,1.0,1.0,36.0,36.0,6.0,6.0,0.0008975179516710341,0.0009910984663292766,0.0010899080662056804,0.0010463710641488433,0.003946032375097275,0.0029743181075900793,3863456256.0,1841213568.0,1161230592.0,1180528512.0,0.0012490698136389256
miura_00586,2,1.0,1.0,36.0,30.0,6.0,6.0,0.0005451483884826303,0.0005560594727285206,0.0032497793436050415,0.003523624502122402,0.0037632742896676064,0.0021425955928862095,1118391424.0,1006209344.0,1572009472.0,1207439488.0,0.012485767714679241
miura_00717,7,1.0,1.0,24.0,30.0,12.0,12.0,0.0009161510970443487,0.0009112787083722651,0.002393031259998679,0.001963515067473054,0.0017731223488226533,0.0018408963223919272,4938145280.0,4048506880.0,1796051200.0,3185751040.0,0.004811591934412718
miura_00516,1,1.0,1.0,24.0,30.0,9.0,12.0,0.0007999823428690434,0.0008394667529501021,0.0016705431044101715,0.0019638577941805124,0.003374222433194518,0.0037144534289836884,4230189056.0,2913965568.0,4353337344.0,4040775680.0,0.0014387998962774873
miura_01295,0,1.0,1.0,24.0,36.0,12.0,12.0,0.0007822843617759645,0.0008175639668479562,0.002660323167219758,0.0014735577860847116,0.00393581623211503,0.003161064349114895,4174444544.0,1989668480.0,1399363328.0,4610292224.0,0.0003148862742818892
miura_00794,2,1.0,1.0,30.0,30.0,12.0,12.0,0.0007375961868092418,0.0008457030635327101,0.0018244958482682705,0.0017556750681251287,0.002967222360894084,0.003415415296331048,3875535360.0,2875589376.0,3443034112.0,3818170368.0,0.000575935875531286
miura_01347,5,1.0,1.0,24.0,30.0,6.0,6.0,0.000788644072599709,0.0006473421235568821,0.0035746104549616575,0.003636125475168228,0.001024614437483251,0.0015625669620931149,2033279104.0,4190392832.0,2373257472.0,3377949440.0,0.0024223073851317167
miura_01236,5,1.0,1.0,36.0,36.0,6.0,6.0,0.000635579985100776,0.0006295547937043011,0.004426414147019386,0.003470017807558179,0.0036983864847570658,0.0019310286734253168,3319541760.0,1715329280.0,1141144320.0,1462318208.0,0.00037064129719510674
miura_01819,1,1.0,1.0,24.0,24.0,12.0,12.0,0.0009836209937930107,0.0009500279556959867,0.0028168940916657448,0.0028533812146633863,0.00290113827213645,0.002946937456727028,3319537408.0,4004851712.0,3251006464.0,2656499968.0,0.0006958400481380522
miura_00369,1,1.0,1.0,30.0,24.0,12.0,12.0,0.0005121021531522274,0.0005663505871780217,0.002227623015642166,0.002912320662289858,0.0036723327357321978,0.0033255296293646097,1194453888.0,1117556992.0,4644651008.0,2580174080.0,0.0007520394283346832
miura_01711,2,1.0,1.0,36.0,30.0,12.0,12.0,0.0007099538343027234,0.0006768176099285483,0.002129626926034689,0.001635009073652327,0.0036622968036681414,0.0016432453412562609,2831608576.0,1720742400.0,4214398464.0,4259481344.0,0.0002586258633527905
miura_01932,5,1.0,1.0,30.0,30.0,9.0,9.0,0.0009462939342483878,0.0008825083496049047,0.002065605716779828,0.0016786032356321812,0.002868511015549302,0.0017953888745978475,4725630976.0,3570732288.0,3827998464.0,4762564608.0,0.0012982003390789032
miura_01488,3,1.0,1.0,24.0,24.0,6.0,6.0,0.0009994935244321823,0.0009322453406639397,0.0011502493871375918,0.0012204422382637858,0.0025959203485399485,0.002477009315043688,3784838144.0,4276980992.0,3439992832.0,2607688192.0,0.0008206111961044371
miura_01494,7,1.0,1.0,24.0,24.0,12.0,12.0,0.0005305533413775265,0.0005896890652365983,0.002355929696932435,0.002607017057016492,0.0036690467968583107,0.0033486243337392807,1623298176.0,1356364544.0,4662288896.0,3844502016.0,0.0006611583521589637
miura_01194,4,1.0,1.0,36.0,36.0,6.0,6.0,0.0007706372998654842,0.0007932581938803196,0.0034828658681362867,0.004886096343398094,0.001676533604040742,0.0027196775190532207,1154692480.0,1727854848.0,2469010432.0,1753710720.0,0.0006776603986509144
miura_01077,3,1.0,1.0,24.0,24.0,12.0,12.0,0.0005532603245228529,0.000556547602172941,0.0028971689753234386,0.0029861927032470703,0.0035385084338486195,0.0031517790630459785,3834756096.0,3720422400.0,3853142528.0,3389244160.0,0.0006116227596066892
miura_00238,2,1.0,1.0,36.0,30.0,12.0,12.0,0.0009287345455959439,0.0009281110833398998,0.0016079467022791505,0.001177464029751718,0.003637358546257019,0.002062134211882949,3112016640.0,1971502720.0,2799039488.0,3161694464.0,0.0009441003203392029
miura_01928,7,1.0,1.0,30.0,36.0,9.0,9.0,0.0008047828450798988,0.0008525933953933418,0.005198932718485594,0.005557112395763397,0.0024482428561896086,0.0029517135117202997,4281752576.0,3478102528.0,2421215232.0,2589338624.0,0.00298790424130857
miura_00620,0,1.0,1.0,30.0,30.0,6.0,6.0,0.0008879047818481922,0.0008691923576407135,0.0021079862490296364,0.0030953192617744207,0.0015760959358885884,0.0034028692170977592,1634527744.0,3693380096.0,2695664128.0,1853261440.0,0.00026163377333432436
miura_00255,5,1.0,1.0,36.0,36.0,9.0,9.0,0.0009707862627692521,0.0008709313115105033,0.0018924446776509285,0.001992980018258095,0.0014976966194808483,0.001191493938677013,3966567168.0,4498683904.0,4906575872.0,4351551488.0,0.001576705719344318
miura_00232,3,1.0,1.0,36.0,36.0,12.0,12.0,0.0007278984994627535,0.0006754851783625782,0.003167653689160943,0.00300882407464087,0.0028370169457048178,0.002619850682094693,2297213696.0,2457815808.0,2768237312.0,3040031232.0,0.0002898348611779511
miura_00383,0,1.0,1.0,36.0,36.0,6.0,6.0,0.0006178099429234862,0.0007632759516127408,0.002740998985245824,0.0030583790503442287,0.0022976952604949474,0.0026554272044450045,4731790336.0,2929888256.0,2173444096.0,1859900416.0,0.0001371177495457232
miura_01287,0,1.0,1.0,24.0,30.0,9.0,12.0,0.000759451650083065,0.000607827678322792,0.0017112520290538669,0.003066826844587922,0.0011552295181900263,0.0031015994027256966,1027037952.0,3764990208.0,2015545984.0,1065213376.0,0.00023079167294781655
miura_00682,2,1.0,1.0,30.0,24.0,9.0,9.0,0.0005351009895093739,0.0006321287364698946,0.0020081603433936834,0.002119801240041852,0.003799594473093748,0.0029048663564026356,2369083904.0,1273596672.0,4731315200.0,3837997312.0,0.002143899444490671
miura_01042,3,1.0,1.0,36.0,36.0,12.0,12.0,0.000892532232683152,0.0009742347756400704,0.0013308912748470902,0.0013855433790013194,0.0011481044348329306,0.00106645911000669,4950853120.0,3588977408.0,1475654400.0,1057945920.0,0.0033753567840903997
miura_00435,1,1.0,1.0,36.0,36.0,9.0,9.0,0.0007585778366774321,0.0006164017249830067,0.002442162251099944,0.003621746553108096,0.002530957804992795,0.003189787967130542,1774003584.0,4216704256.0,3265852928.0,1802881280.0,0.00101964152418077
miura_00384,2,1.0,1.0,24.0,24.0,6.0,6.0,0.0005467229639180005,0.0008147320477291942,0.0031513781286776066,0.0037205370608717203,0.0016387809300795197,0.002332787960767746,2566295808.0,1006209344.0,3878040576.0,3321467648.0,0.0005054374341852963
miura_01172,3,1.0,1.0,24.0,24.0,9.0,9.0,0.0009946582140401006,0.000831836077850312,0.005758940242230892,0.0054526855237782,0.0017552931094542146,0.0015436011599376798,1650743168.0,2596434688.0,4398341120.0,4466338816.0,0.004232081584632397
miura_01320,1,1.0,1.0,24.0,24.0,6.0,6.0,0.0005027375882491469,0.0005695478757843375,0.004626004491001368,0.004780110903084278,0.0023469056468456984,0.0023849625140428543,2072039168.0,1508008064.0,1052193280.0,1351365632.0,0.021403586491942406
miura_01434,1,1.0,1.0,36.0,36.0,9.0,9.0,0.0007039860938675702,0.0008757952600717545,0.002713700057938695,0.002806827425956726,0.0034270286560058594,0.0027712241280823946,3036628736.0,1272778240.0,3579176704.0,3211809792.0,0.000489289581310004
miura_00732,2,1.0,1.0,36.0,36.0,9.0,9.0,0.0006616816972382367,0.000758341746404767,0.002783155534416437,0.0033008118625730276,0.002428293228149414,0.002551513724029064,3356896512.0,2273689088.0,2630809088.0,2112782720.0,0.0009202478104270995
miura_01732,3,1.0,1.0,30.0,36.0,6.0,6.0,0.0009154631989076734,0.0007256458629854023,0.002593192970380187,0.002455905545502901,0.0024803851265460253,0.002765250625088811,2360297472.0,4385048064.0,3388706816.0,4540472320.0,0.0004872524586971849
miura_00747,3,1.0,1.0,24.0,24.0,9.0,9.0,0.0007077945047058165,0.0005961752030998468,0.0047758216969668865,0.004542597569525242,0.0033812555484473705,0.0026137297973036766,1894219264.0,2695936256.0,4634090496.0,4425916416.0,0.0030225396621972322
miura_00343,3,1.0,1.0,30.0,30.0,12.0,12.0,0.0008334690937772393,0.0009421799331903458,0.005614911671727896,0.005408219527453184,0.0023552379570901394,0.0021411501802504063,4061066752.0,2368436992.0,4559748096.0,4504307712.0,0.0024753003381192684
miura_00212,5,1.0,1.0,24.0,24.0,9.0,9.0,0.0008588884375058115,0.0008042468107305467,0.005753206089138985,0.005447671748697758,0.0018875831738114357,0.0017056496581062675,2545903616.0,2607537408.0,4075969024.0,4249838336.0,0.0038492309395223856
miura_01433,3,1.0,1.0,36.0,36.0,9.0,9.0,0.0008217497379519045,0.0005840855883434415,0.0037200236693024635,0.00372186372987926,0.0019887350499629974,0.0014275460271164775,1726710016.0,3293032192.0,3455822592.0,3305274880.0,0.005893496796488762
miura_00213,2,1.0,1.0,30.0,30.0,6.0,6.0,0.0005760316853411496,0.00089247029973194,0.003882431425154209,0.004425321239978075,0.0036068919580429792,0.0038038522470742464,4145386496.0,1140087040.0,4805950464.0,3810255104.0,0.005098447203636169
miura_01992,1,1.0,1.0,36.0,36.0,9.0,9.0,0.0005554898525588214,0.0006235864711925387,0.00127338373567909,0.001445130561478436,0.0036100212018936872,0.0036312025040388107,2540653824.0,1862311680.0,1179265536.0,1002466624.0,0.00081951345782727
miura_00440,7,1.0,1.0,24.0,24.0,9.0,9.0,0.000914788048248738,0.0008876768406480551,0.0030868465546518564,0.0028641223907470703,0.0032031184528023005,0.002564940834417939,1726693248.0,1402227456.0,2577895936.0,2722093824.0,0.000642266240902245
miura_00916,6,1.0,1.0,24.0,30.0,9.0,12.0,0.0005435492494143546,0.0005798597703687847,0.002700074575841427,0.002575598657131195,0.0038394592702388763,0.0036170980893075466,2261139712.0,1072150720.0,1267062528.0,1359493248.0,0.000869912444613874
miura_00996,7,1.0,1.0,30.0,30.0,12.0,12.0,0.0008432512986473739,0.0009621093631722033,0.00381816946901381,0.00420105317607522,0.002241309732198715,0.0027728783898055553,4750484992.0,3651532800.0,2603571200.0,2422496256.0,0.000541200686711818
miura_01457,6,1.0,1.0,36.0,36.0,9.0,9.0,0.0008754428708925843,0.0007091193692758679,0.0057464297860860825,0.004963326267898083,0.003130473894998431,0.0021027736365795135,1985781248.0,2338280448.0,4013108736.0,4339404800.0,0.005254839546978474
miura_01251,0,1.0,1.0,36.0,36.0,9.0,9.0,0.0009930968517437577,0.0009778422536328435,0.003461722983047366,0.004356457851827145,0.001008570659905672,0.0011077886447310448,4114441984.0,4802422784.0,4340902912.0,3138729728.0,0.011361237615346909
miura_01006,2,1.0,1.0,30.0,36.0,9.0,9.0,0.0007233635988086462,0.000803160248324275,0.002918688114732504,0.0029309471137821674,0.0014291263651102781,0.0018059624126181006,2565355776.0,1880312576.0,3317652224.0,4362572288.0,0.0020512554328888655
miura_01811,3,1.0,1.0,24.0,24.0,12.0,12.0,0.0007843911880627275,0.0006435700342990458,0.005937541369348764,0.005672698840498924,0.0017881998792290688,0.0017507764277979732,2109265408.0,3485729280.0,4777699328.0,4574523392.0,0.012329665943980217
miura_00248,6,1.0,1.0,24.0,24.0,12.0,12.0,0.0007184727001003921,0.0008421365637332201,0.004855968523770571,0.005059874150902033,0.003074228297919035,0.0033287606202065945,3388252160.0,2242265088.0,1992572160.0,1883683968.0,0.0007524396060034633
miura_01629,7,1.0,1.0,24.0,24.0,6.0,6.0,0.0007775346166454256,0.0006345961010083556,0.0023266486823558807,0.0028589193243533373,0.0019437370356172323,0.0022936328314244747,1258941568.0,2720133632.0,1570923392.0,1359018624.0,0.0008990362985059619
miura_01282,1,1.0,1.0,36.0,36.0,6.0,6.0,0.0006113153649494052,0.0008130452479235828,0.003969111014157534,0.0045487829484045506,0.0017062867991626263,0.0018694584723562002,4486325760.0,2081591424.0,3335030528.0,2842391296.0,0.0001914227323140949
miura_00412,6,1.0,1.0,36.0,36.0,6.0,6.0,0.0008152555674314499,0.0009113581036217511,0.0014347867108881474,0.0013743062736466527,0.003667243057861924,0.003173132659867406,3989219840.0,2537615616.0,4438049280.0,4236356096.0,0.00029026620904915035
miura_01136,1,1.0,1.0,36.0,36.0,6.0,6.0,0.0008094513323158026,0.0007299471762962639,0.004549351520836353,0.00545081403106451,0.0030590309761464596,0.003764448221772909,2236108032.0,3743847424.0,4451697664.0,3663216384.0,0.000674729235470295
miura_01148,0,1.0,1.0,24.0,24.0,12.0,12.0,0.000767308403737843,0.0009976316941902041,0.004861994180828333,0.0054481239058077335,0.001928811427205801,0.0026540986727923155,4833253888.0,2704998144.0,2141823232.0,1945475584.0,0.0009749189484864473
miura_00578,3,1.0,1.0,36.0,36.0,9.0,9.0,0.0007666966412216425,0.000904211716260761,0.005073989275842905,0.005159672815352678,0.00236121634952724,0.002347941044718027,4766708224.0,2427724544.0,1416522368.0,1653854976.0,0.00765351764857769
miura_01435,1,1.0,1.0,30.0,24.0,9.0,9.0,0.0005472879856824875,0.0005742581561207771,0.005903579294681549,0.004970115143805742,0.0036208985839039087,0.001731096301227808,2820150784.0,1658195968.0,2956220672.0,2735107840.0,0.001871286309324205
miura_00306,6,1.0,1.0,30.0,36.0,12.0,12.0,0.0007892791763879359,0.0008270794642157853,0.004730663262307644,0.005830870941281319,0.001438509556464851,0.003263982478529215,1541805440.0,2173926656.0,3206490624.0,3353571328.0,0.003843297017738223
miura_01667,1,1.0,1.0,30.0,36.0,6.0,6.0,0.0008683893829584122,0.0006600376800633967,0.004500542767345905,0.0033394552301615477,0.002036646706983447,0.0012568029342219234,3877270784.0,4593838080.0,2174648064.0,3556678400.0,0.0009756952640600502
miura_01456,6,1.0,1.0,24.0,30.0,9.0,9.0,0.0009617851465009153,0.0007757570128887892,0.0029638251289725304,0.0022034442517906427,0.0012682736851274967,0.0011931800981983542,2242078720.0,2932014080.0,2222003968.0,4333193728.0,0.0009107905789278448
miura_00867,5,1.0,1.0,24.0,24.0,6.0,6.0,0.0008790800347924232,0.000888313923496753,0.0037515631411224604,0.003990365657955408,0.002142096171155572,0.0022068889811635017,1423970432.0,1276703872.0,2775678208.0,2529603328.0,0.0016985421534627676
miura_00761,2,1.0,1.0,36.0,36.0,12.0,12.0,0.0009731574100442231,0.0008038334781304002,0.003486730856820941,0.0028875514399260283,0.0017840322107076645,0.00128652504645288,3507820288.0,4291611136.0,3353277696.0,4372174336.0,0.0018849526531994343
miura_00395,6,1.0,1.0,36.0,36.0,12.0,12.0,0.0006463031168095767,0.0007123846444301307,0.0036857209634035826,0.0034690508618950844,0.003845014376565814,0.003201959654688835,3064929536.0,1771876352.0,4543347712.0,4931489280.0,0.002484280616044998
miura_01260,6,1.0,1.0,24.0,24.0,6.0,6.0,0.000972412119153887,0.0009597362368367612,0.0018682134104892612,0.0019359904108569026,0.003790958086028695,0.003761111758649349,3095365888.0,3208824576.0,4350108672.0,4230250752.0,0.0014491946203634143
miura_01273,0,1.0,1.0,36.0,36.0,6.0,6.0,0.000851712073199451,0.0005855497438460588,0.004063065629452467,0.003274759277701378,0.0026069963350892067,0.0014390116557478905,2295633664.0,3796999936.0,2912572928.0,3697447936.0,0.0006410588975995779
miura_00121,5,1.0,1.0,36.0,24.0,6.0,6.0,0.0007925606914795935,0.0007612269837409258,0.001194510143250227,0.0015023784944787621,0.003181618405506015,0.001959067303687334,4219060224.0,4520067584.0,3850392832.0,1553040768.0,0.00041982883703894913
miura_01420,5,1.0,1.0,24.0,24.0,9.0,9.0,0.0006802012212574482,0.0007570192101411521,0.004989944864064455,0.00457632215693593,0.002510485937818885,0.0022403954062610865,2154276352.0,1282953472.0,2297266176.0,2687586816.0,0.0017367243999615312
miura_00540,5,1.0,1.0,30.0,24.0,9.0,12.0,0.0008498604292981327,0.0007648614118807018,0.0015242723748087883,0.0018679676577448845,0.0039025982841849327,0.0018613332649692893,2235684608.0,1578229632.0,3122918912.0,1303851392.0,0.00036543633905239403
miura_00809,5,1.0,1.0,30.0,30.0,6.0,6.0,0.0009425098542124033,0.0007426684023812413,0.003845333121716976,0.003580082906410098,0.00196469877846539,0.0013848943635821342,1860100608.0,2794956032.0,4082486016.0,4157538304.0,0.0006451079971157014
miura_01274,7,1.0,1.0,30.0,30.0,6.0,6.0,0.0005118366680108011,0.0006371782510541379,0.005229949951171875,0.005985255818814039,0.002063965192064643,0.0024739373475313187,4668483584.0,2950605568.0,4949180928.0,4199655168.0,0.0030120203737169504
miura_00307,3,1.0,1.0,30.0,30.0,9.0,9.0,0.0009757689549587667,0.0008119870908558369,0.0030935725662857294,0.002382654929533601,0.002750872168689966,0.0012768106535077095,4820647424.0,3689643776.0,2001320448.0,2359813632.0,0.00047042753431014717
miura_00136,2,1.0,1.0,24.0,24.0,12.0,12.0,0.0009133731364272535,0.0008147864136844873,0.003975003492087126,0.003086106851696968,0.0013410033425316215,0.001127116964198649,4526630912.0,4990482432.0,2607530496.0,3988730112.0,0.001809928915463388
miura_00554,5,1.0,1.0,24.0,24.0,6.0,6.0,0.0005611752276308835,0.0006801355048082769,0.002034747740253806,0.0021619265899062157,0.003575673094019294,0.0036042206920683384,4250517248.0,2538772736.0,4598035456.0,4566621184.0,0.0029017177876085043
miura_00585,2,1.0,1.0,24.0,30.0,12.0,12.0,0.000811685633379966,0.0007189526222646236,0.0058452109806239605,0.005409468896687031,0.0016896225279197097,0.0020243944600224495,1489651584.0,2057682688.0,2702909440.0,3554254848.0,0.0014272466069087386
miura_00487,6,1.0,1.0,36.0,36.0,9.0,9.0,0.0009942325996235013,0.0007875976734794676,0.0013142642565071583,0.0010280754650011659,0.003465409157797694,0.0026509067974984646,1017208960.0,1805499136.0,1643904768.0,1558062080.0,0.0003984914510510862
miura_00423,0,1.0,1.0,36.0,24.0,12.0,12.0,0.0008021448738873005,0.0009123724885284901,0.0016058061737567186,0.0019892724230885506,0.0035975228529423475,0.002866697032004595,2191635968.0,1647776128.0,4772719616.0,2101598720.0,0.0003283033729530871
miura_01538,4,1.0,1.0,24.0,24.0,6.0,6.0,0.000741378462407738,0.000816366053186357,0.004180086776614189,0.004770653788000345,0.0026890416629612446,0.003538863267749548,1818970752.0,1698078720.0,3628294912.0,3265269760.0,0.001129593001678586
miura_00834,0,1.0,1.0,24.0,24.0,12.0,12.0,0.0006416529649868608,0.000854079145938158,0.0011422999668866396,0.001000364194624126,0.0027325230184942484,0.00361322402022779,4584354304.0,2830832128.0,4323191296.0,3784713984.0,0.0005453267367556691
miura_00110,5,1.0,1.0,30.0,30.0,12.0,12.0,0.0007263454608619213,0.000970231369137764,0.0021364993881434202,0.0030118355061858892,0.001491521019488573,0.002993521746248007,3902775040.0,3346045184.0,2812157440.0,1904495232.0,0.0006190550629980862
miura_01416,0,1.0,1.0,30.0,36.0,6.0,6.0,0.0009972701082006097,0.0008429036242887378,0.0044172536581754684,0.003423715941607952,0.003609104547649622,0.00269045471213758,3583601920.0,3540053248.0,2455598592.0,3888324864.0,0.0010594457853585482
miura_01472,5,1.0,1.0,36.0,24.0,12.0,12.0,0.0009641296346671879,0.0009709459845907986,0.001136115868575871,0.0012062020832672715,0.003590228734537959,0.0026597001124173403,3267515904.0,3658388480.0,4485335552.0,2011494912.0,0.000572627002838999
miura_00240,3,1.0,1.0,24.0,36.0,12.0,12.0,0.000711869855877012,0.0008063496206887066,0.0013438548194244504,0.001206739223562181,0.001041841460391879,0.0021044493187218904,3420876544.0,3366657536.0,1475547776.0,2536261376.0,0.000878061109688133
miura_00906,3,1.0,1.0,36.0,36.0,6.0,9.0,0.0009152221609838307,0.0008972164941951632,0.0010382116306573153,0.0012518401490524411,0.0030042133294045925,0.0016089440323412418,4236066560.0,2135924096.0,2769787392.0,1192079104.0,0.0011273605050519109
miura_00509,0,1.0,1.0,36.0,36.0,12.0,12.0,0.0005489062750712037,0.0009012175141833723,0.0024977021384984255,0.002836483996361494,0.0015522176399827003,0.002300000749528408,4915076096.0,1435563136.0,1236796928.0,1241929088.0,0.0006336337537504733
miura_01721,3,1.0,1.0,36.0,36.0,9.0,9.0,0.0007787825888954103,0.0006831039790995419,0.0025998882483690977,0.0032360770273953676,0.0014278792077675462,0.0016963109374046326,1108761344.0,1872020864.0,1830304768.0,1480252032.0,0.0007193929050117731
miura_01249,2,1.0,1.0,30.0,24.0,12.0,12.0,0.0009997220477089286,0.0009993299609050155,0.0010749684879556298,0.0011178910499438643,0.0016820657765492797,0.0022989653516560793,1188251136.0,2155348992.0,2291907840.0,1531944192.0,0.000718719616997987
miura_01477,5,1.0,1.0,36.0,36.0,6.0,6.0,0.0008482112316414714,0.0009538045851513743,0.0048737674951553345,0.005164191592484713,0.003631312632933259,0.0034530614502727985,3525416192.0,2402806272.0,3390420992.0,3101968128.0,0.0007611920009367168
miura_00707,0,1.0,1.0,36.0,30.0,12.0,12.0,0.0009422250441275537,0.0009601161000318825,0.0016031621489673853,0.0019488065736368299,0.0016002821503207088,0.0011833102907985449,3627852288.0,3180013568.0,3315700736.0,1889688576.0,0.003855041228234768
miura_00706,5,1.0,1.0,30.0,30.0,6.0,6.0,0.000754788052290678,0.0006558173918165267,0.0042645796202123165,0.004311979282647371,0.0019074485171586275,0.0017285714857280254,1585086976.0,2087004160.0,3535601152.0,3435009792.0,0.0004260602581780404
miura_00773,4,1.0,1.0,36.0,30.0,6.0,6.0,0.0005073046777397394,0.0005806810222566128,0.0021876655519008636,0.0028638881631195545,0.0032331938855350018,0.0030407647136598825,1985911936.0,1360406016.0,1996112256.0,1069437120.0,0.00031207490246742964
miura_01730,5,1.0,1.0,24.0,30.0,12.0,12.0,0.0007231439230963588,0.0007601242396049201,0.005315480753779411,0.004908592905849218,0.0010267851175740361,0.0011722020572051406,1769156736.0,1384950016.0,3144033536.0,3958825472.0,0.005493178963661194
miura_01820,7,1.0,1.0,24.0,30.0,9.0,9.0,0.0007911546854302287,0.0008845702395774424,0.002664330182597041,0.002130976179614663,0.0023347612004727125,0.002534660277888179,3780876032.0,2281922560.0,2520484608.0,4296028160.0,0.0003155592712573707
miura_01280,3,1.0,1.0,36.0,36.0,9.0,12.0,0.0007514715543948114,0.0007053575245663524,0.0012572758132591844,0.0018809227040037513,0.0034039318561553955,0.003465841757133603,2855476736.0,3064947712.0,4838423040.0,2398507776.0,0.0005450330791063607
miura_01957,1,1.0,1.0,30.0,36.0,9.0,9.0,0.0008942922577261925,0.0007196670630946755,0.005339745432138443,0.003912087995558977,0.0014072720659896731,0.0010009445250034332,2154562048.0,2065341056.0,1553823872.0,3106911744.0,0.009481986984610558
miura_01946,5,1.0,1.0,30.0,24.0,12.0,12.0,0.0005661061150021851,0.0006899134023115039,0.0040676710195839405,0.003813270479440689,0.003056297544389963,0.0016722625587135553,2604364288.0,1006209344.0,1855533824.0,1597955712.0,0.0036316225305199623
miura_01031,1,1.0,1.0,24.0,36.0,12.0,12.0,0.0007818049634806812,0.0006505038472823799,0.004304889589548111,0.0024463823065161705,0.003578866133466363,0.0028808426577597857,3112495872.0,2925715712.0,1490644352.0,4876484608.0,0.0003314466739539057
miura_00945,0,1.0,1.0,30.0,24.0,12.0,12.0,0.0005440527456812561,0.0009221195359714329,0.002961642574518919,0.005305131431668997,0.001444705412723124,0.0034309367183595896,3639539712.0,1940684416.0,4781555712.0,2067352960.0,0.0011437119683250785
miura_01467,1,1.0,1.0,36.0,36.0,9.0,9.0,0.000811188539955765,0.0008110957569442689,0.0034250046592205763,0.003055720590054989,0.0031167310662567616,0.0021713441237807274,4477307904.0,3010698496.0,4667593728.0,4996423680.0,0.0008252749685198069
miura_00782,6,1.0,1.0,30.0,24.0,12.0,12.0,0.0009922805475071073,0.0009450565557926893,0.0027754148468375206,0.0037845231126993895,0.0028577852062880993,0.0037022766191512346,2034136320.0,3762479872.0,4612088320.0,2191761664.0,0.0005507533205673099
miura_01382,1,1.0,1.0,24.0,36.0,9.0,9.0,0.0006431685760617256,0.0005264458595775068,0.005951232276856899,0.003431686433032155,0.0023299239110201597,0.001452079159207642,3606217728.0,2511711232.0,1658834688.0,4686827520.0,0.0036733823362737894
miura_00271,3,1.0,1.0,24.0,24.0,12.0,12.0,0.0005596744013018906,0.0009460368892177939,0.004277112893760204,0.004648509435355663,0.001954799983650446,0.0024584054481238127,3747678976.0,1006209344.0,1753460864.0,1717217408.0,0.0017739032628014684
miura_01991,7,1.0,1.0,36.0,36.0,6.0,6.0,0.0008901654509827495,0.0008044472779147327,0.004378548823297024,0.005407039076089859,0.0012053877580910921,0.0018079238943755627,2268337920.0,4659209216.0,1804734976.0,1381551360.0,0.00042042724089697003
miura_00776,3,1.0,1.0,30.0,36.0,9.0,9.0,0.0005840598605573177,0.0006588170654140413,0.00567066902294755,0.005157391540706158,0.00365108298137784,0.003576526651158929,4851227648.0,2761791488.0,2830024448.0,3762185472.0,0.002720815595239401
miura_01349,6,1.0,1.0,24.0,24.0,12.0,12.0,0.0005292921559885144,0.0008756867609918118,0.0034403065219521523,0.005290946923196316,0.001095038722269237,0.0029630749486386776,2001723776.0,1009554624.0,1719004288.0,1195997696.0,0.0014285456854850054
miura_01474,4,1.0,1.0,36.0,36.0,12.0,12.0,0.0006255240878090262,0.0008274834835901856,0.004574441350996494,0.005032962653785944,0.0036485660821199417,0.003775043413043022,3853975296.0,1651982336.0,4091608576.0,3483290624.0,0.0027351242024451494
miura_00557,6,1.0,1.0,36.0,36.0,9.0,9.0,0.0009651669533923268,0.0007821751059964299,0.0031976185273379087,0.002148428000509739,0.003926216159015894,0.0016186018474400043,2979516416.0,2257951488.0,2517157888.0,3808516608.0,0.0005068930913694203
miura_00681,6,1.0,1.0,24.0,24.0,9.0,12.0,0.0005103990552015603,0.0007316141854971647,0.0015561222098767757,0.0023391719441860914,0.0022244225256145,0.0026972710620611906,4192012544.0,1467122176.0,3259860992.0,1557710464.0,0.0002193784894188866
miura_01782,1,1.0,1.0,30.0,30.0,12.0,12.0,0.0006063167238608003,0.000995621900074184,0.0018632342107594013,0.0035785038489848375,0.0010697671677917242,0.003661853028461337,3630438912.0,2987227392.0,4121090560.0,1877371264.0,0.00031407346250489354
miura_00050,0,1.0,1.0,36.0,36.0,9.0,12.0,0.0005407857825048268,0.0006100799655541778,0.0013915589079260826,0.0016970876604318619,0.0030456827953457832,0.0029029191937297583,2402313216.0,1312292864.0,1956545024.0,1121539200.0,0.00035149071482010186
miura_01385,1,1.0,1.0,36.0,36.0,12.0,12.0,0.0008668545633554459,0.0009206122485920787,0.0036944951862096786,0.005356667563319206,0.0013486496172845364,0.0025465944781899452,1551513728.0,2287246848.0,4320318976.0,2788834304.0,0.0006237881607376039
miura_00536,3,1.0,1.0,24.0,24.0,9.0,9.0,0.0005635563866235316,0.0005769873387180269,0.0024702020455151796,0.0025205526035279036,0.0035866128746420145,0.0032975799404084682,1350298496.0,1248619520.0,4172455936.0,4305220608.0,0.0023307621013373137
miura_01866,3,1.0,1.0,24.0,24.0,6.0,6.0,0.0008164513856172562,0.000857122300658375,0.0039857723750174046,0.004192627966403961,0.0019995945040136576,0.002120077144354582,3341733888.0,3051328768.0,3219860480.0,3065817344.0,0.0015605513472110033
miura_01035,5,1.0,1.0,36.0,36.0,9.0,9.0,0.0007851322880014777,0.0008454369381070137,0.0018739429069682956,0.002296485472470522,0.0013690703781321645,0.001712313387542963,2103996032.0,2041881600.0,3637529088.0,2843866112.0,0.0002821917296387255
miura_01938,7,1.0,1.0,24.0,30.0,12.0,12.0,0.0006013813544996083,0.0009356659720651805,0.002363292034715414,0.002622418338432908,0.001664530485868454,0.0036594090051949024,4132526592.0,2019686272.0,1031419712.0,1172209408.0,0.0003442866145633161
miura_01109,7,1.0,1.0,36.0,36.0,9.0,9.0,0.000564437301363796,0.0007052759756334126,0.002895643236115575,0.003930610604584217,0.001984852598980069,0.0029467276763170958,2543950080.0,1903215360.0,1809033984.0,1332025728.0,0.0006403162842616439
miura_00748,7,1.0,1.0,24.0,24.0,12.0,12.0,0.0005724536022171378,0.0006039707222953439,0.005790260620415211,0.005576093215495348,0.003745495807379484,0.0033509721979498863,4766686720.0,3687435264.0,3856807168.0,3818425344.0,0.002730466891080141
miura_00174,1,1.0,1.0,36.0,36.0,6.0,6.0,0.0009239120990969241,0.0007943089003674686,0.004973101895302534,0.005065341480076313,0.0021798978559672832,0.0022781919687986374,2724836352.0,4128086528.0,1504930816.0,1456010496.0,0.00031906890217214823
miura_00826,4,1.0,1.0,30.0,24.0,6.0,6.0,0.0009127932717092335,0.000783498166128993,0.0014085646253079176,0.0012690647272393107,0.0035655945539474487,0.0011262441985309124,4817690624.0,3482272512.0,3750853632.0,2200890112.0,0.0014414043398573995
miura_00735,7,1.0,1.0,30.0,30.0,9.0,9.0,0.0009963520569726825,0.0009362127748318017,0.004679154604673386,0.005886896513402462,0.0018263082019984722,0.0023435165639966726,3669973504.0,4850931200.0,4663056896.0,3424036608.0,0.009421746246516705
miura_01449,0,1.0,1.0,24.0,24.0,6.0,6.0,0.0006378452526405454,0.0007813614211045206,0.0051163011230528355,0.0042800153605639935,0.003511447459459305,0.0024171043187379837,3153555968.0,1006708800.0,1798382720.0,2306184960.0,0.003685257863253355
miura_01206,5,1.0,1.0,24.0,24.0,6.0,6.0,0.0005481219268403947,0.0007788842776790261,0.002822467591613531,0.0032675419934093952,0.0030870300251990557,0.003605869133025408,4407718912.0,1853317632.0,4771062784.0,3915154176.0,0.0011014437768608332
miura_01898,2,1.0,1.0,30.0,36.0,9.0,9.0,0.0008183906320482492,0.0006806899909861386,0.005770000163465738,0.005192189943045378,0.002119841054081917,0.0020639197900891304,2091525760.0,2654718720.0,1267623808.0,1858346880.0,0.0035682409070432186
miura_00276,6,1.0,1.0,36.0,36.0,6.0,6.0,0.0008401605882681906,0.0008716894080862403,0.0012413000222295523,0.0010028440738096833,0.0018598124152049422,0.0017900876700878143,4787672064.0,3560680448.0,2862870016.0,3285860352.0,0.0012347112642601132
miura_00024,6,1.0,1.0,30.0,30.0,12.0,12.0,0.0008620047010481358,0.0007115948246791959,0.0044092838652431965,0.0033068915363401175,0.0031742355786263943,0.0015784506686031818,3485128448.0,3210372608.0,3814916352.0,4827233280.0,0.003332355059683323
miura_01315,0,1.0,1.0,36.0,30.0,9.0,9.0,0.0008127771434374154,0.0008551030769012868,0.002319122664630413,0.0026497163344174623,0.0032681424636393785,0.0027577662840485573,4468523520.0,3725754112.0,4935539200.0,3442605568.0,0.0010917523177340627
miura_00064,7,1.0,1.0,36.0,36.0,9.0,9.0,0.000677662726957351,0.0008285531075671315,0.005087495781481266,0.005352374166250229,0.0026938077062368393,0.0029870758298784494,2268282880.0,1196372480.0,3930679296.0,3762894848.0,0.009470077231526375
miura_01988,5,1.0,1.0,30.0,36.0,6.0,6.0,0.0009025614126585424,0.0008199455915018916,0.00118062284309417,0.0012807612074539065,0.0015699678333476186,0.0026170958299189806,2134273664.0,4226524672.0,1708657536.0,1472457344.0,0.0007306639454327524
miura_00189,2,1.0,1.0,24.0,30.0,6.0,6.0,0.0008136548567563295,0.0009164815419353545,0.00422325124964118,0.004140199162065983,0.0017283057095482945,0.002683068159967661,2303473408.0,1811172480.0,2573752832.0,3725476352.0,0.001063701929524541
miura_01571,6,1.0,1.0,36.0,36.0,6.0,6.0,0.0006178471958264709,0.0007876764866523445,0.002349176211282611,0.003003118559718132,0.0013398876180872321,0.0016598115907981992,3154748160.0,1939442176.0,4186765056.0,3008261376.0,0.0003741303808055818
miura_00909,4,1.0,1.0,30.0,24.0,9.0,9.0,0.0006866755429655313,0.000912681978661567,0.0020377342589199543,0.0025612576864659786,0.00319901411421597,0.003239337122067809,2230327552.0,1006209344.0,3322925056.0,1940287232.0,0.0002784500829875469
miura_01741,1,1.0,1.0,30.0,36.0,6.0,6.0,0.0009958186419680715,0.0008459198288619518,0.004725967068225145,0.002822477137669921,0.001549572218209505,0.0010009445250034332,4539608576.0,4166988544.0,1269608192.0,2962515968.0,0.0034785899333655834
miura_00354,2,1.0,1.0,36.0,30.0,12.0,12.0,0.0009821929270401597,0.0009652916342020035,0.002351833274587989,0.002596047706902027,0.0015494981780648232,0.0011452073231339455,4593458688.0,4260670976.0,3310966016.0,2431400960.0,0.0022356142289936543
miura_01528,3,1.0,1.0,36.0,36.0,6.0,6.0,0.0009886306943371892,0.0007224665023386478,0.0017933589406311512,0.001963244052603841,0.0025468626990914345,0.002591914962977171,1196248960.0,3336886784.0,1857116288.0,1516108800.0,0.0001807330991141498
miura_00783,7,1.0,1.0,24.0,24.0,9.0,9.0,0.0007628461462445557,0.0009506389615125954,0.004725104197859764,0.0052718291990458965,0.0014556137612089515,0.001774343429133296,4635802624.0,2396883200.0,4806661120.0,4333918720.0,0.0037287860177457333
miura_01641,6,1.0,1.0,36.0,36.0,12.0,12.0,0.0008143646991811693,0.0009786152513697743,0.0030298987403512,0.0037807333283126354,0.002519935369491577,0.00353804137557745,3606641408.0,2919717376.0,2746086400.0,2143840128.0,0.000494263309519738
miura_00197,7,1.0,1.0,30.0,30.0,9.0,9.0,0.0006798289250582457,0.00083714205538854,0.004664244595915079,0.005102517548948526,0.0029113925993442535,0.0029901908710598946,3031994880.0,1635936640.0,3761084928.0,3286052352.0,0.002052903641015291
miura_00466,6,1.0,1.0,36.0,36.0,9.0,9.0,0.0006788476603105664,0.0007001982885412872,0.0040364679880440235,0.005246052052825689,0.002423189114779234,0.0029993571806699038,2795857408.0,3017625344.0,2803736064.0,2108160000.0,0.005707243923097849
miura_00352,2,1.0,1.0,30.0,30.0,6.0,6.0,0.0006397851975634694,0.0006643996457569301,0.004273091908544302,0.005194623488932848,0.002131551969796419,0.0026141763664782047,3280124416.0,3810163968.0,3816280064.0,2971672576.0,0.0014472623588517308
miura_01015,3,1.0,1.0,30.0,24.0,6.0,6.0,0.0005761966458521783,0.0007336055277846754,0.0019871587865054607,0.002598685910925269,0.0030918943230062723,0.002607347210869193,4500191744.0,2246128896.0,2671814400.0,1470585216.0,0.00037894523120485246
miura_01224,7,1.0,1.0,24.0,24.0,9.0,9.0,0.0005029562162235379,0.0005954222287982702,0.0048276446759700775,0.004835465457290411,0.002313092350959778,0.0022917455062270164,2134468224.0,1576095232.0,3446258688.0,3383188224.0,0.007283114828169346
miura_00433,5,1.0,1.0,24.0,24.0,9.0,9.0,0.0006316581275314093,0.0005899620009586215,0.0023959758691489697,0.003107578493654728,0.0013839334715157747,0.0021528603974729776,1325227648.0,2306791424.0,1446291712.0,1100006144.0,0.00018252621521241963
miura_00101,1,1.0,1.0,36.0,36.0,12.0,12.0,0.0006327475421130657,0.0008121843566186726,0.0020438076462596655,0.001517500844784081,0.0028791604563593864,0.0029026505071669817,2779797760.0,1261250176.0,1575258240.0,2377181952.0,0.00026613895897753537
miura_01655,4,1.0,1.0,36.0,36.0,12.0,12.0,0.000650957808829844,0.0009298593504354358,0.0013558815699070692,0.0022913783323019743,0.0010731240035966039,0.0030109037179499865,3215266816.0,3243697920.0,2570276096.0,1291930496.0,0.00037251439061947167
miura_00394,4,1.0,1.0,24.0,24.0,9.0,9.0,0.000820950954221189,0.0009023543680086732,0.00458410894498229,0.003072545165196061,0.003061524126678705,0.0014376338804140687,4524217344.0,1494450048.0,1295585536.0,2213466112.0,0.001271642162464559
miura_01939,4,1.0,1.0,24.0,30.0,6.0,6.0,0.0009286241256631911,0.0009625514503568411,0.003859329968690872,0.004132191650569439,0.0013292778749018908,0.0020613824017345905,1182153472.0,1167705344.0,1039822144.0,1348275200.0,0.0011001505190506577
miura_00221,1,1.0,1.0,30.0,30.0,12.0,12.0,0.000650990114081651,0.0005728426622226834,0.001341747003607452,0.001149433315731585,0.0028658495284616947,0.0030312729068100452,2200642304.0,3474365696.0,4065815808.0,4408777216.0,0.00033309089485555887
miura_00990,5,1.0,1.0,24.0,30.0,6.0,6.0,0.0008881304529495537,0.000970821303781122,0.004791873041540384,0.004794841166585684,0.00263966410420835,0.0033970847725868225,3204588544.0,2566333184.0,2285556480.0,2885722112.0,0.0016866939840838313
miura_01127,4,1.0,1.0,24.0,24.0,9.0,9.0,0.0006741700926795602,0.0007749472861178219,0.002121119061484933,0.0018272021552547812,0.0024033132940530777,0.001453059259802103,2703188224.0,1006209344.0,3101486080.0,3273511680.0,0.00037639992660842836
miura_01052,5,1.0,1.0,36.0,36.0,12.0,12.0,0.0009288438013754785,0.0009276422788389027,0.003564685583114624,0.005295390263199806,0.00167295360006392,0.0029797896277159452,1925011328.0,3302557696.0,4008573184.0,2435845120.0,0.0010638170642778277
miura_01978,1,1.0,1.0,30.0,24.0,12.0,12.0,0.0008447473519481719,0.0009748674929141998,0.0026495640631765127,0.003567207371816039,0.0024660758208483458,0.0031037579756230116,4129528576.0,3957078272.0,2977424384.0,1590357632.0,0.0002175323461415246
miura_00857,3,1.0,1.0,30.0,36.0,12.0,12.0,0.0005758542683906853,0.0008832816383801401,0.0034551650751382113,0.005147184710949659,0.0013417303562164307,0.003846739884465933,4389957632.0,2759197696.0,3747856128.0,3014367744.0,0.001297995331697166
miura_00609,5,1.0,1.0,30.0,36.0,12.0,12.0,0.0008845995762385428,0.0009200081694871187,0.00396962882950902,0.003199336351826787,0.003750524716451764,0.003583833109587431,4838214144.0,3484972544.0,1531612928.0,2520591616.0,0.0006859753630124032
miura_01257,6,1.0,1.0,30.0,30.0,9.0,9.0,0.0008237804868258536,0.0006748871528543532,0.005999229848384857,0.005311388056725264,0.0038815198931843042,0.002459579147398472,1938436224.0,2311660800.0,3230984704.0,3246323200.0,0.00114033417776227
miura_01519,4,1.0,1.0,30.0,24.0,12.0,12.0,0.0007176184444688261,0.0009228485869243741,0.0034164562821388245,0.0040097832679748535,0.0038979288656264544,0.0037904924247413874,4724644864.0,2599680768.0,3900068608.0,2245690112.0,0.0006260321824811399
miura_00743,6,1.0,1.0,36.0,30.0,9.0,9.0,0.000598049140535295,0.000600476108957082,0.0025220143143087626,0.0033044423907995224,0.0028755399398505688,0.0022214942146092653,3442608896.0,3239249920.0,3638153216.0,1905460736.0,0.0015822265995666385
miura_01614,1,1.0,1.0,24.0,24.0,6.0,6.0,0.000576393271330744,0.0006206093821674585,0.002104521496221423,0.002581460867077112,0.003271490801125765,0.0035477986093610525,3745836800.0,3195714816.0,2062680576.0,1749216000.0,0.002000220585614443
miura_00954,5,1.0,1.0,24.0,24.0,6.0,6.0,0.0009463346796110272,0.000758596695959568,0.0058472780510783195,0.005994380451738834,0.0019250293262302876,0.0022882623597979546,2278061312.0,4997448704.0,3112993024.0,3239194880.0,0.0018237237818539143
miura_00950,5,1.0,1.0,36.0,36.0,12.0,12.0,0.000610656919889152,0.0007507145637646317,0.0049196407198905945,0.005510697606950998,0.003013996407389641,0.0034752036444842815,3167493376.0,1812767360.0,4493667328.0,3895345152.0,0.006618650630116463
miura_01637,5,1.0,1.0,36.0,30.0,6.0,6.0,0.0005327803082764149,0.0006018746644258499,0.0011040323879569769,0.0017427944112569094,0.0017737679881975055,0.0021254061721265316,2107337472.0,2134067456.0,3037783552.0,1233183104.0,0.00026633869856595993
miura_00116,3,1.0,1.0,24.0,24.0,9.0,9.0,0.0005179897416383028,0.0007247207686305046,0.0037219759542495012,0.0036986363120377064,0.003598789218813181,0.003305491991341114,4449307648.0,1546999296.0,3342650880.0,3471120128.0,0.0018524203915148973
miura_00622,6,1.0,1.0,30.0,36.0,12.0,12.0,0.0008260561735369265,0.0009732673643156886,0.004193480592221022,0.003827675012871623,0.001072984072379768,0.0013052233261987567,4110313216.0,2321963008.0,2833242880.0,4191600640.0,0.004729549866169691
miura_00840,6,1.0,1.0,24.0,24.0,6.0,6.0,0.0006509836530312896,0.0008852534228935838,0.00419569993391633,0.004748356528580189,0.0028990197461098433,0.0035620685666799545,3366675200.0,1518003200.0,2873584640.0,2557648640.0,0.0012335574720054865
miura_01789,1,1.0,1.0,36.0,36.0,12.0,12.0,0.0009389828774146736,0.0008752377470955253,0.004686426371335983,0.00575221749022603,0.0017629323992878199,0.002759067341685295,1799431296.0,2935101952.0,3095596800.0,2576855808.0,0.002394935581833124
miura_01955,6,1.0,1.0,24.0,24.0,12.0,12.0,0.0006168424733914435,0.0009993299609050155,0.002589853247627616,0.004011242184787989,0.0012179171899333596,0.003187368856742978,4551100416.0,2675373056.0,1984035072.0,1308870912.0,0.0001886289392132312
miura_01979,2,1.0,1.0,30.0,30.0,6.0,6.0,0.0008289397228509188,0.0008602901361882687,0.00448527280241251,0.0033251862041652203,0.0032819921616464853,0.001545234234072268,4753927680.0,1988487680.0,1565670016.0,2145886208.0,0.0012583660427480936
miura_00464,5,1.0,1.0,30.0,24.0,6.0,6.0,0.0006192517466843128,0.0008355017052963376,0.00222760159522295,0.002763616619631648,0.002263316186144948,0.0020365065429359674,2421837568.0,1006209344.0,2907590144.0,1863611136.0,0.0011626549530774355
miura_01573,6,1.0,1.0,24.0,24.0,6.0,6.0,0.0008619081345386803,0.0008881046669557691,0.003447819035500288,0.003346018260344863,0.0035401745699346066,0.003174696583300829,2137791872.0,1671662976.0,3147776512.0,3164904960.0,0.0007592361653223634
miura_00875,4,1.0,1.0,30.0,24.0,9.0,9.0,0.0005177939892746508,0.0005981306894682348,0.004551391117274761,0.004954792559146881,0.0035748793743550777,0.0027645814698189497,3056054272.0,1973453440.0,3434581760.0,2552413184.0,0.0035322571638971567
miura_01304,5,1.0,1.0,30.0,36.0,9.0,9.0,0.0005562963197007775,0.0005637293215841055,0.0024386390578001738,0.0030506558250635862,0.002141660777851939,0.003416649531573057,1008128640.0,1057737280.0,1434336768.0,1108781184.0,0.00039702546200715005
miura_00894,1,1.0,1.0,24.0,24.0,12.0,12.0,0.0006671043229289353,0.0006375738303177059,0.001833031652495265,0.0021616602316498756,0.0012638664338737726,0.002918637590482831,1190882304.0,3037850112.0,1072730624.0,1002466624.0,0.0003608994302339852
miura_01482,4,1.0,1.0,36.0,30.0,12.0,12.0,0.0007489512790925801,0.00074726965976879,0.0010646061273291707,0.0010871615959331393,0.002764778910204768,0.003274432849138975,2795276800.0,4381057536.0,3125132288.0,1982344704.0,0.000506520620547235
miura_01674,6,1.0,1.0,36.0,36.0,12.0,12.0,0.0007795001729391515,0.000950755609665066,0.0013046931708231568,0.002108105691149831,0.0013407866936177015,0.002883048728108406,3352568576.0,4043595264.0,3476141312.0,1793815296.0,0.000717346731107682
miura_00355,6,1.0,1.0,36.0,36.0,9.0,9.0,0.0008846037089824677,0.0008043941925279796,0.005947615951299667,0.005572373513132334,0.001960515044629574,0.0015911487862467766,1766407936.0,1891411456.0,3736822528.0,3589859584.0,0.006037951912730932
miura_00995,5,1.0,1.0,30.0,30.0,6.0,6.0,0.0009244483080692589,0.0008010404999367893,0.005330491345375776,0.004020002204924822,0.002812000922858715,0.001608257764019072,2940744960.0,2412680448.0,3498553856.0,4760762880.0,0.000761810049880296
miura_01810,0,1.0,1.0,30.0,36.0,12.0,12.0,0.0007042606011964381,0.0008519830298610032,0.004717984702438116,0.005865549203008413,0.0014954798389226198,0.0029915759805589914,4765974016.0,3960968960.0,3085497344.0,2877064960.0,0.002356678945943713
miura_00079,5,1.0,1.0,24.0,36.0,9.0,9.0,0.0009540278697386384,0.0007967251003719866,0.0020917984656989574,0.0017053752671927214,0.001699990127235651,0.0017548028845340014,3021860096.0,3916839168.0,2876365056.0,4996423680.0,0.001441416796296835
miura_01065,6,1.0,1.0,24.0,24.0,9.0,9.0,0.0006275457562878728,0.0006983939674682915,0.0043122293427586555,0.004425874445587397,0.003062285715714097,0.0031581874936819077,1766815872.0,1328352512.0,3605238528.0,3549732864.0,0.0015858685364946723
miura_00033,3,1.0,1.0,24.0,30.0,9.0,9.0,0.0009317939402535558,0.0008227566140703857,0.0019335399847477674,0.0027146833017468452,0.0014879791997373104,0.00360688054934144,1362140416.0,4088705792.0,3663047936.0,2995582720.0,0.000239647037233226
miura_00908,7,1.0,1.0,24.0,24.0,6.0,6.0,0.0007464298978447914,0.0007650607149116695,0.0016621886752545834,0.0017193154199048877,0.002595055615529418,0.0019292214419692755,1774453760.0,1016681664.0,2457640448.0,2279916800.0,0.0006130752735771239
miura_01513,5,1.0,1.0,36.0,36.0,6.0,6.0,0.0006161491619423032,0.0006513150874525309,0.004515423439443111,0.005666506011039019,0.0013083938974887133,0.002247229916974902,3541429760.0,4537316352.0,2043395968.0,1674965632.0,0.0003239864599891007
miura_01496,7,1.0,1.0,24.0,24.0,6.0,6.0,0.0009391607018187642,0.0008867070428095758,0.00556101743131876,0.005492653697729111,0.001536833238787949,0.0012492332607507706,1944735232.0,1941445248.0,4582476288.0,4447023616.0,0.0038551592733711004
miura_00351,0,1.0,1.0,24.0,30.0,6.0,9.0,0.0007286832551471889,0.0006255098269321024,0.0010479375487193465,0.0014929891331121325,0.0018242541700601578,0.002118883188813925,3241529600.0,4540188160.0,2384092160.0,1230199936.0,0.0008308032993227243
miura_00164,4,1.0,1.0,24.0,24.0,12.0,12.0,0.0008599971770308912,0.0009729056037031114,0.002959046047180891,0.0034745419397950172,0.002238457091152668,0.003154435660690069,3389630464.0,3373059328.0,2899029248.0,2159936000.0,0.00033237686147913337
miura_00204,2,1.0,1.0,36.0,36.0,9.0,9.0,0.0007815492572262883,0.000705122307408601,0.0036773034371435642,0.003177270060405135,0.0015028015477582812,0.0010009445250034332,4496537088.0,3504572928.0,1000512832.0,1273925376.0,0.003480505896732211
miura_00821,2,1.0,1.0,36.0,36.0,6.0,6.0,0.0008586825570091605,0.0009542244370095432,0.0010720031568780541,0.0010920403292402625,0.002544599585235119,0.0029599040281027555,4537409024.0,3375538176.0,1388002944.0,1105391744.0,0.0008528789039701223
miura_00282,6,1.0,1.0,30.0,24.0,6.0,6.0,0.0005261434125714004,0.0007451795390807092,0.0019813065882772207,0.003167020855471492,0.002343967091292143,0.0031815161928534508,3332627712.0,1969103488.0,2953126656.0,1451250304.0,0.0014098170213401318
miura_00927,4,1.0,1.0,30.0,30.0,12.0,12.0,0.000672706461045891,0.0008067272719927132,0.00408680085092783,0.004897934850305319,0.0023093423806130886,0.0032394726295024157,1406897280.0,1006209344.0,1979937024.0,1794979200.0,0.0051496862433850765
miura_01875,5,1.0,1.0,24.0,30.0,9.0,9.0,0.0006117238663136959,0.0006935971905477345,0.004555719904601574,0.004590841941535473,0.001564749632962048,0.0024834952782839537,2761059584.0,2202424320.0,3598032128.0,4739172352.0,0.0005178863648325205
miura_00375,3,1.0,1.0,36.0,36.0,9.0,9.0,0.0008782412623986602,0.0007464861264452338,0.0054664346389472485,0.005922279786318541,0.0016404284397140145,0.0013654084177687764,3746238464.0,4971819008.0,4808542720.0,3843193600.0,0.002655819756910205
miura_01966,6,1.0,1.0,30.0,30.0,9.0,9.0,0.000834785052575171,0.0008549538324587047,0.0027565001510083675,0.0029906220734119415,0.0026109947357326746,0.002664073370397091,4796139008.0,4676794368.0,3203183360.0,2770315776.0,0.0005228101508691907
miura_00863,6,1.0,1.0,24.0,24.0,6.0,6.0,0.0009052260429598391,0.0009021245059557259,0.003405785420909524,0.0035271651577204466,0.003517520148307085,0.003560454584658146,2381528320.0,2457687296.0,2780705536.0,2617703680.0,0.0005698821623809636
miura_00992,3,1.0,1.0,24.0,24.0,6.0,6.0,0.0005654309061355889,0.0008100542472675443,0.005923339631408453,0.005838018376380205,0.0011450710007920861,0.0014526060549542308,3614540544.0,1492295808.0,3958986496.0,4441955328.0,0.007759429980069399
miura_00598,2,1.0,1.0,24.0,24.0,6.0,6.0,0.0009660808718763292,0.0009338925592601299,0.0023421766236424446,0.002564240712672472,0.001590682310052216,0.0019123966339975595,3147588608.0,4382549504.0,2831120128.0,2459411456.0,0.0013183832634240389
miura_01577,0,1.0,1.0,30.0,30.0,12.0,12.0,0.0009059165604412556,0.0009943949989974499,0.0015664056409150362,0.001392615376971662,0.0013139357324689627,0.001252932008355856,2806222848.0,2226755072.0,1069117952.0,1002466624.0,0.0020040313247591257
miura_00219,3,1.0,1.0,36.0,36.0,9.0,9.0,0.0007375572458840907,0.0006821456481702626,0.005010621622204781,0.004724720027297735,0.002443034667521715,0.0018653797451406717,2749683456.0,2302264576.0,1804993280.0,2074654208.0,0.0061861854046583176
miura_01931,5,1.0,1.0,36.0,36.0,9.0,9.0,0.0006465079495683312,0.0005602267920039594,0.004647132474929094,0.005120128858834505,0.0036756787449121475,0.0031384958419948816,3064859392.0,4140804096.0,3576630784.0,2885719808.0,0.0029512098990380764
miura_01963,3,1.0,1.0,30.0,36.0,9.0,12.0,0.0008115373202599585,0.0008055039797909558,0.00123569555580616,0.0011947714956477284,0.003493929049000144,0.0032771506812423468,2485201664.0,1711952768.0,3654914048.0,3785000704.0,0.0005109308985993266
miura_00630,7,1.0,1.0,24.0,24.0,12.0,12.0,0.000511260936036706,0.0005672029219567776,0.00484237028285861,0.004492766689509153,0.0030457584653049707,0.0027585162315517664,2685342720.0,1807106304.0,3474162432.0,3986177792.0,0.0030686294194310904
miura_01275,2,1.0,1.0,30.0,24.0,6.0,6.0,0.0007389980019070208,0.0005162352463230491,0.005716185085475445,0.005738831125199795,0.0025199956726282835,0.0011444237316027284,1796739968.0,3216628736.0,4800203776.0,3368598784.0,0.003992691170424223
miura_00708,1,1.0,1.0,24.0,24.0,12.0,12.0,0.0007603130070492625,0.0009993299609050155,0.0010974863544106483,0.001000364194624126,0.0023668422363698483,0.0022361804731190205,4040384512.0,1651113344.0,1185867520.0,1406905216.0,0.0013248593313619494
miura_00060,4,1.0,1.0,36.0,36.0,9.0,9.0,0.0009588032262399793,0.0008165080798789859,0.005900559946894646,0.005016034469008446,0.0015002819709479809,0.0010612322948873043,3669629696.0,3790751488.0,1136821376.0,1678774016.0,0.020106198266148567
miura_00298,7,1.0,1.0,30.0,36.0,6.0,6.0,0.0008527454920113087,0.0009099146700464189,0.0030510297510772943,0.0031200044322758913,0.0011329392436891794,0.0014854219043627381,4628899328.0,4395265024.0,1200167680.0,1427520768.0,0.0010026630479842424
miura_01161,3,1.0,1.0,30.0,36.0,12.0,12.0,0.0008258971502073109,0.0009403873700648546,0.0011620239820331335,0.001174657023511827,0.00136860110796988,0.0023940331302583218,3514855936.0,3634053376.0,2598289920.0,2859087616.0,0.0011316485470160842
miura_00074,5,1.0,1.0,30.0,30.0,6.0,6.0,0.000831982062663883,0.0008696838049218059,0.0022021858021616936,0.002809105673804879,0.0016532524023205042,0.002380664460361004,2456844544.0,3144557312.0,3186091264.0,2378340352.0,0.00018895146786235273
miura_00163,4,1.0,1.0,36.0,30.0,6.0,6.0,0.0005534386145882308,0.0005381131777539849,0.0022564169485121965,0.002775127300992608,0.0033831826876848936,0.0031464293133467436,1034587264.0,1491949952.0,4739133440.0,3560919040.0,0.0036756352055817842
miura_01317,5,1.0,1.0,30.0,30.0,12.0,12.0,0.0008923832792788744,0.0009018167038448155,0.0039605204947292805,0.003235230688005686,0.001986896153539419,0.0012976053403690457,4760563712.0,2966417408.0,2048033792.0,2687085568.0,0.002158625517040491
miura_01549,7,1.0,1.0,24.0,36.0,12.0,12.0,0.0007739324937574565,0.0009381691343151033,0.005958880763500929,0.005214590113610029,0.002054669428616762,0.002821732545271516,4520492544.0,2296548864.0,1813435648.0,3056878592.0,0.003819574136286974
miura_00550,1,1.0,1.0,30.0,30.0,6.0,6.0,0.0009696680936031044,0.0008899742388166487,0.004138435702770948,0.0032548296730965376,0.0038394059520214796,0.002025995636358857,4103891712.0,2780711936.0,2833376256.0,3450833920.0,0.0006239321082830429
miura_01993,3,1.0,1.0,30.0,36.0,9.0,9.0,0.0007191168842837214,0.0008908601012080908,0.003972082398831844,0.004902037791907787,0.0010348469950258732,0.0018048222409561276,2631096832.0,1841449984.0,2000644864.0,2164009216.0,0.007380238268524408
miura_01054,0,1.0,1.0,36.0,30.0,9.0,9.0,0.000963016354944557,0.0007590340101160109,0.001768796006217599,0.0020509909372776747,0.0029809914994984865,0.001884443685412407,1274554880.0,1928379520.0,4045229568.0,2230380032.0,0.00033025388256646693
miura_01523,2,1.0,1.0,30.0,36.0,6.0,6.0,0.0008085167501121759,0.0009449400240555406,0.003247912973165512,0.004242349416017532,0.0013553703902289271,0.002820383757352829,4520665600.0,4912327680.0,2287486208.0,2080322176.0,0.00028851721435785294
miura_00046,5,1.0,1.0,36.0,36.0,12.0,12.0,0.0006611418793909252,0.0008781847427599132,0.005176155362278223,0.004684732295572758,0.0037763819564133883,0.003191218012943864,4268679168.0,1390518016.0,1437046016.0,1623099520.0,0.0008247579098679125
miura_01408,7,1.0,1.0,24.0,24.0,9.0,9.0,0.0009303106926381588,0.0007806654903106391,0.0033925699535757303,0.0036116992123425007,0.002269013784825802,0.002317611128091812,1100492800.0,1858677120.0,3405639680.0,3230588416.0,0.003518971148878336
miura_01102,5,1.0,1.0,24.0,30.0,9.0,9.0,0.0008069034083746374,0.0006519401213154197,0.003174741752445698,0.0034746963065117598,0.0018653047736734152,0.0025092139840126038,1037531584.0,2031880064.0,1171583360.0,1296538112.0,0.0004079541249666363
miura_00430,6,1.0,1.0,36.0,36.0,6.0,6.0,0.0008751032291911542,0.0009333966299891472,0.003975753206759691,0.005195661447942257,0.0022738194093108177,0.0036159218288958073,1891333376.0,2434898176.0,4761364992.0,3679408384.0,0.0006352603086270392
miura_01342,3,1.0,1.0,30.0,36.0,9.0,9.0,0.0007969092112034559,0.0006291660247370601,0.002363970736041665,0.0016553360037505627,0.002497552428394556,0.0012939200969412923,1496373632.0,1359524352.0,1094407552.0,1865865600.0,0.00038550974568352103
miura_00077,2,1.0,1.0,30.0,36.0,9.0,9.0,0.000997460330836475,0.0008668088703416288,0.0028024697676301003,0.0025846045464277267,0.0015999426832422614,0.0015155302826315165,1536474624.0,1752623360.0,1974467456.0,2664305152.0,0.000924132124055177
miura_01917,3,1.0,1.0,36.0,36.0,9.0,9.0,0.0009138056193478405,0.0009270443115383387,0.0038874803576618433,0.0049439393915236,0.00155925122089684,0.0018813393544405699,3451554560.0,3696886272.0,1741137408.0,1484911744.0,0.010125945322215557
miura_01910,6,1.0,1.0,36.0,36.0,9.0,9.0,0.0009812512435019016,0.000810531317256391,0.0032037643250077963,0.00285696005448699,0.003353502368554473,0.0019916235469281673,4026338304.0,4649043456.0,4646287360.0,4465180160.0,0.0014534718357026577
miura_01594,7,1.0,1.0,36.0,36.0,12.0,12.0,0.0006368425092659891,0.000797666551079601,0.004807145334780216,0.005786726716905832,0.002613939344882965,0.0034902452025562525,3852137984.0,2580014336.0,2403781120.0,1925411584.0,0.0018437999533489347
miura_00473,2,1.0,1.0,36.0,36.0,6.0,6.0,0.0008567004697397351,0.000832852441817522,0.005817256402224302,0.00477822870016098,0.0036377659998834133,0.0023787016980350018,3123034112.0,2152011008.0,2983720448.0,3688889088.0,0.0003075622080359608
miura_01140,3,1.0,1.0,30.0,30.0,6.0,6.0,0.0009250123985111713,0.0008297066669911146,0.005318382754921913,0.0054106381721794605,0.003902596654370427,0.003638551803305745,2067896576.0,2753817344.0,3422885888.0,3251874560.0,0.0005791924777440727
miura_01935,6,1.0,1.0,36.0,36.0,6.0,6.0,0.0008487990708090365,0.000624455395154655,0.0018405889859423041,0.0013945122482255101,0.002669878536835313,0.0018699892098084092,2329887232.0,4015273216.0,1004809920.0,1510086784.0,0.0005510314949788153
miura_00820,1,1.0,1.0,36.0,36.0,12.0,12.0,0.0009638238116167486,0.0009509892552159727,0.0015659896889701486,0.0019545848481357098,0.0027529248036444187,0.003568012733012438,1899452544.0,2693216768.0,4836647936.0,3527587072.0,0.0007309149368666112
miura_00031,7,1.0,1.0,24.0,24.0,9.0,9.0,0.0005393162718974054,0.0005526366294361651,0.002051729243248701,0.0024753676261752844,0.0013891961425542831,0.002154877409338951,2904807168.0,3752259584.0,1230036352.0,1096009216.0,0.0003180279745720327
miura_01092,0,1.0,1.0,36.0,24.0,6.0,6.0,0.000544475857168436,0.0007927685510367155,0.0021932197269052267,0.0028848317451775074,0.0032009179703891277,0.002149139763787389,3301400064.0,1006209344.0,4008627200.0,1908862848.0,0.003037982154637575
miura_00928,2,1.0,1.0,24.0,30.0,12.0,12.0,0.0007655868539586663,0.0005541586433537304,0.0018746561836451292,0.001000364194624126,0.0038599867839366198,0.0036180762108415365,2032195584.0,4085555456.0,1013056192.0,2317978368.0,0.0004573599435389042
miura_01649,4,1.0,1.0,36.0,36.0,12.0,12.0,0.0009328184532932937,0.0008971858769655228,0.001644811942242086,0.0011430938029661775,0.003573799505829811,0.0018769977614283562,3348199168.0,2006789760.0,2500207616.0,3410563584.0,0.0005229967064224184
miura_00804,2,1.0,1.0,24.0,36.0,12.0,12.0,0.0006441473378799856,0.000879720610100776,0.004324712324887514,0.0038540386594831944,0.0012806396698579192,0.002335350029170513,1990457472.0,1006209344.0,1181805696.0,2469520896.0,0.0017727570375427604
miura_01242,6,1.0,1.0,24.0,24.0,12.0,12.0,0.0009468411444686353,0.0009754460770636797,0.0037532912101596594,0.0043251123279333115,0.00256457575596869,0.003235848620533943,3460658432.0,4266930432.0,3195858944.0,2397488128.0,0.0005667757359333336
miura_01225,6,1.0,1.0,36.0,36.0,6.0,6.0,0.000874533609021455,0.0008295596926473081,0.0011876210337504745,0.001000364194624126,0.003016124479472637,0.0015431109350174665,4893813760.0,2992840704.0,4646345728.0,4928790016.0,0.0006332026096060872
miura_01551,1,1.0,1.0,30.0,36.0,9.0,9.0,0.0006219205097295344,0.0007736693951301277,0.004207633901387453,0.0034091053530573845,0.0016728449845686555,0.0014513581991195679,4567889920.0,1518024320.0,2344335616.0,4022887168.0,0.004913072567433119
miura_01568,3,1.0,1.0,30.0,36.0,9.0,9.0,0.000645599327981472,0.0005363925010897219,0.004299856256693602,0.005361934192478657,0.0015074806287884712,0.003069165162742138,1389873920.0,3862456064.0,3377500416.0,3385634560.0,0.0016057825414463878
miura_01322,3,1.0,1.0,30.0,36.0,12.0,12.0,0.0007023259531706572,0.0007639715331606567,0.0013768121134489775,0.001058519701473415,0.0025528219994157553,0.002977450378239155,3306035200.0,2628539392.0,2794822656.0,3884772864.0,0.0002753169392235577
miura_01574,4,1.0,1.0,36.0,36.0,12.0,12.0,0.0006553921266458929,0.0007906227838248014,0.002253161510452628,0.00267439684830606,0.0025536962784826756,0.0037081819027662277,2512427776.0,2089224960.0,2873140992.0,2234998272.0,0.0002205341588705778
miura_00045,0,1.0,1.0,36.0,36.0,12.0,12.0,0.0008903614361770451,0.0009222294320352376,0.0024406411685049534,0.0033406196162104607,0.0015802988782525063,0.00266102678142488,2646374144.0,4016623616.0,3842014208.0,2670717696.0,0.0008579625864513218
miura_01165,7,1.0,1.0,24.0,24.0,6.0,6.0,0.0005719990585930645,0.0005954844527877867,0.005339186172932386,0.005994380451738834,0.0017476310022175312,0.0027519005816429853,2820518912.0,3800604160.0,3366589440.0,3320282880.0,0.004315364174544811
miura_00169,5,1.0,1.0,30.0,24.0,6.0,6.0,0.0009414129890501499,0.000984115176834166,0.0017356907483190298,0.0022860406897962093,0.002311928430572152,0.0023999831173568964,1703925504.0,1975711744.0,3714340352.0,1889897856.0,0.00030953442910686135
miura_00304,4,1.0,1.0,36.0,36.0,9.0,9.0,0.000666433887090534,0.000659471086692065,0.0022152522578835487,0.0019531211582943797,0.0025929578114300966,0.0018364567076787353,2044691328.0,1399427712.0,1489098368.0,1745101568.0,0.00027587337535806
miura_00325,1,1.0,1.0,36.0,30.0,9.0,9.0,0.000681139063090086,0.0005827904096804559,0.005683877971023321,0.005623187404125929,0.0032830724958330393,0.0023402422666549683,1366089728.0,2005906816.0,4409042432.0,3391157760.0,0.007283215876668692
miura_00415,2,1.0,1.0,30.0,36.0,9.0,9.0,0.0005646042991429567,0.0005488786846399307,0.003189679468050599,0.004149990621954203,0.0020768726244568825,0.003357089124619961,1917436160.0,3090824448.0,2942276352.0,2685420032.0,0.006559578701853752
miura_01925,7,1.0,1.0,30.0,24.0,6.0,6.0,0.0006976685835979879,0.0006506250356324017,0.0034779272973537445,0.003980658017098904,0.0038546572905033827,0.0027059612330049276,2029148288.0,2365672448.0,2959459840.0,1950151424.0,0.004441923927515745
miura_00944,1,1.0,1.0,36.0,36.0,6.0,6.0,0.0007581602549180388,0.0006647614063695073,0.004298052750527859,0.004459174815565348,0.0031837504357099533,0.002397762378677726,2422014976.0,2854288896.0,2189275392.0,1928365440.0,0.0008332204888574779
miura_00757,1,1.0,1.0,36.0,36.0,6.0,6.0,0.0007980645168572664,0.0008011970785446465,0.003142294241115451,0.0030126485507935286,0.0031417012214660645,0.002761419862508774,2696088320.0,2323064832.0,2032825856.0,2059507712.0,0.00016981536464300007
miura_00488,7,1.0,1.0,30.0,24.0,12.0,12.0,0.000544243142940104,0.0005506781744770706,0.001785798231139779,0.0010522453812882304,0.0037307359743863344,0.0015689864521846175,3693882880.0,2035382400.0,1286384128.0,1342001792.0,0.0004943237290717661
miura_01328,5,1.0,1.0,36.0,36.0,6.0,6.0,0.0005233140545897186,0.0006107861991040409,0.0012234385358169675,0.001389986020512879,0.0033580302260816097,0.0027142076287418604,3001763072.0,1481809664.0,1582288896.0,1004147136.0,0.0004894993617199361
miura_00941,6,1.0,1.0,36.0,36.0,9.0,9.0,0.0007767637143842876,0.0006977897137403488,0.0017181705916300416,0.0013853946002200246,0.0033117332495748997,0.002228910569101572,1597600000.0,1508481664.0,1644052608.0,1841579136.0,0.0003421656147111207
miura_01770,6,1.0,1.0,24.0,24.0,12.0,12.0,0.000595088058616966,0.0006631752476096153,0.0053117601200938225,0.005565624218434095,0.0025817283894866705,0.002810483332723379,4205746176.0,3335192576.0,4923129344.0,4436188160.0,0.0035723980981856585
miura_00938,4,1.0,1.0,36.0,36.0,9.0,9.0,0.0009337671217508614,0.000853233621455729,0.004418608266860247,0.0054015787318348885,0.001095219748094678,0.0013287120964378119,2218136576.0,3437920512.0,1980800384.0,1842623232.0,0.02096647396683693
miura_00808,1,1.0,1.0,36.0,24.0,9.0,9.0,0.0007123094983398914,0.0007276640390045941,0.0025325536262243986,0.003934559412300587,0.003526192158460617,0.003194452030584216,1648701440.0,2048115968.0,4283129088.0,1667442688.0,0.004216210916638374
miura_01075,7,1.0,1.0,30.0,36.0,6.0,6.0,0.0005846300045959651,0.0005940204719081521,0.005892506334930658,0.005027545616030693,0.0011836596531793475,0.001133037032559514,4921888256.0,3857505024.0,3062536704.0,4423908352.0,0.0062302215956151485
miura_00367,5,1.0,1.0,36.0,36.0,12.0,12.0,0.0008466473664157093,0.0008475735085085034,0.003323495155200362,0.0029242613818496466,0.0015853486256673932,0.0013353513786569238,4433617920.0,3524650752.0,3655097856.0,4497224704.0,0.0019369296496734023
miura_00186,5,1.0,1.0,36.0,36.0,6.0,6.0,0.0006975028081797063,0.000573036668356508,0.001966628711670637,0.00234766723588109,0.00341373891569674,0.0036918669939041138,1547025920.0,2776495104.0,1683499264.0,1167805568.0,0.0002801867085509002
miura_00639,4,1.0,1.0,24.0,24.0,12.0,12.0,0.0005061640404164791,0.000655772106256336,0.005772181786596775,0.005496453493833542,0.0030228367540985346,0.002533766208216548,4497234432.0,1854101120.0,1696480000.0,1859510656.0,0.006671898066997528
miura_01442,5,1.0,1.0,36.0,36.0,9.0,9.0,0.0007439821492880583,0.00083527946844697,0.002427755855023861,0.002289985306560993,0.0022630535531789064,0.0014797853073105216,3672879872.0,1694616960.0,2962875648.0,2926626560.0,0.0004590545722749084
miura_01204,4,1.0,1.0,36.0,36.0,12.0,12.0,0.0009009857312776148,0.0008470803732052445,0.0037027515936642885,0.0029133600182831287,0.003999765962362289,0.002775976900011301,3616302848.0,2814133760.0,2946070528.0,3936254208.0,0.0003529139794409275
miura_00592,2,1.0,1.0,24.0,24.0,12.0,12.0,0.0008161823498085141,0.0008284854120574892,0.004606898408383131,0.004788951016962528,0.0017714748391881585,0.0018962605390697718,3278968832.0,3156460288.0,4729140224.0,4654875136.0,0.0036331345327198505
miura_01244,0,1.0,1.0,24.0,24.0,12.0,12.0,0.0007057696930132806,0.0006255679181776941,0.0016190981259569526,0.001000364194624126,0.003533136798068881,0.0029006146360188723,1758007936.0,2029252224.0,1173705728.0,2040550272.0,0.0005025237333029509
miura_00709,4,1.0,1.0,30.0,24.0,9.0,9.0,0.0005953993531875312,0.0008059521205723286,0.003479120321571827,0.004625064320862293,0.0031811909284442663,0.0033618637826293707,4720691200.0,2442727680.0,3794138112.0,2251754240.0,0.005600695498287678
miura_01135,1,1.0,1.0,24.0,24.0,12.0,12.0,0.0009175913874059916,0.0009651474538259208,0.0042225937359035015,0.004498843103647232,0.003767267568036914,0.00383622944355011,3225771520.0,3164799744.0,4655810560.0,3926017536.0,0.005333615932613611
miura_01601,6,1.0,1.0,36.0,36.0,6.0,6.0,0.0009400772978551686,0.0008805326069705188,0.00202844082377851,0.002033530967310071,0.0020354583393782377,0.002088852459564805,3672367360.0,4254361088.0,1875728640.0,1793376896.0,0.0006469896761700511
miura_01912,4,1.0,1.0,24.0,30.0,6.0,6.0,0.000808390264865011,0.0009465921320952475,0.0049318792298436165,0.0040472340770065784,0.003963554743677378,0.003884832141920924,4552118272.0,2121500928.0,2852254720.0,4668142592.0,0.0017099323449656367
miura_01933,3,1.0,1.0,30.0,36.0,12.0,12.0,0.0008921396802179515,0.000990683794952929,0.00421842560172081,0.005725582595914602,0.0012040581787005067,0.0029860406648367643,2054158848.0,2712873984.0,4985808896.0,4246057216.0,0.0071479277685284615
miura_01366,5,1.0,1.0,30.0,24.0,6.0,6.0,0.0005187548813410103,0.0005354107706807554,0.002679252764210105,0.0026028556749224663,0.0031626319978386164,0.0016313091618940234,1510982784.0,1006209344.0,3283123200.0,2817281280.0,0.003486169269308448
miura_00978,6,1.0,1.0,36.0,30.0,9.0,9.0,0.0006634145393036306,0.0006404572050087154,0.004180638585239649,0.0043624695390462875,0.0036091667134314775,0.002032629679888487,2572571136.0,2117694336.0,1962553216.0,1428966016.0,0.004989191424101591
miura_00176,2,1.0,1.0,36.0,30.0,9.0,9.0,0.0005977592663839459,0.0005722216446883976,0.0017320484621450305,0.00216479180380702,0.0034190802834928036,0.0036971240770071745,1041519744.0,1131873408.0,2338871040.0,1322189312.0,0.0007197277154773474
miura_00482,4,1.0,1.0,24.0,24.0,12.0,12.0,0.0009197799954563379,0.0009919973090291023,0.004335884470492601,0.004602701868861914,0.0020096979569643736,0.002639652229845524,4150321152.0,3814832896.0,1183169920.0,1275691392.0,0.0016929598059505224
miura_01230,1,1.0,1.0,30.0,36.0,9.0,9.0,0.0007499965140596032,0.0006725298590026796,0.0024940024595707655,0.003089288715273142,0.0015588270034641027,0.0026814702432602644,1970159488.0,3758427648.0,3688067584.0,3906950144.0,0.0036607151851058006
miura_01611,7,1.0,1.0,36.0,30.0,12.0,12.0,0.0005438729422166944,0.0007231053896248341,0.0034258700907230377,0.004352277144789696,0.0024010883644223213,0.00245716143399477,1942349696.0,1006209344.0,2949627904.0,1912435456.0,0.004124588333070278
miura_00124,1,1.0,1.0,36.0,36.0,9.0,9.0,0.0007728326600044966,0.0006381470011547208,0.0012617682805284858,0.0014326040400192142,0.0020502342376857996,0.003033726941794157,1091875968.0,2637283072.0,3782055168.0,3576798464.0,0.00026253971736878157
miura_00362,5,1.0,1.0,36.0,30.0,6.0,6.0,0.0005821702652610838,0.0005879474338144064,0.0020428805146366358,0.0032794831786304712,0.002234638901427388,0.0032102763652801514,1625373952.0,2728237312.0,4186917376.0,2189922048.0,0.002837330801412463
miura_01285,0,1.0,1.0,30.0,36.0,12.0,12.0,0.0009286171989515424,0.0008828932768665254,0.005656168796122074,0.004992830567061901,0.0018818876706063747,0.0017291820840910077,4116906240.0,3553570816.0,1150790272.0,1729524096.0,0.006375947501510382
miura_00563,7,1.0,1.0,36.0,36.0,9.0,9.0,0.0009150700061582029,0.0008001054520718753,0.004053483717143536,0.004917049314826727,0.001069176709279418,0.00141238106880337,2343746816.0,4034343168.0,3989663232.0,3275528960.0,0.005305952858179808
miura_01020,2,1.0,1.0,30.0,36.0,6.0,6.0,0.0007098398054949939,0.0008591209189034998,0.0044460478238761425,0.004993562586605549,0.002011230681091547,0.003186300862580538,1396493952.0,1042869440.0,1574072064.0,1928847872.0,0.0028962334617972374
miura_00528,1,1.0,1.0,30.0,36.0,9.0,9.0,0.000945978332310915,0.0007651096675544977,0.005976813845336437,0.0032991941552609205,0.0034920834004878998,0.0015048953937366605,3880148480.0,2346502400.0,1884430464.0,4616200704.0,0.002405934501439333
miura_00485,3,1.0,1.0,24.0,24.0,9.0,9.0,0.0009638680494390428,0.0007893431466072798,0.005270417779684067,0.0057444446720182896,0.0012034605024382472,0.00107474101241678,3148336128.0,4997448704.0,4854355456.0,3988119296.0,0.004364416468888521
miura_00332,6,1.0,1.0,24.0,24.0,9.0,9.0,0.00060271006077528,0.000616815232206136,0.00556673388928175,0.005417162552475929,0.0029834159649908543,0.0026824865490198135,3042854912.0,2606565376.0,1175138304.0,1346081280.0,0.005529890302568674
miura_01653,4,1.0,1.0,30.0,30.0,9.0,9.0,0.0005962354480288923,0.0008040516404435039,0.003485702211037278,0.004389909561723471,0.002601551590487361,0.00325632537715137,2390145024.0,1223083392.0,3537891840.0,2736055552.0,0.004704694729298353
miura_00195,5,1.0,1.0,24.0,24.0,9.0,9.0,0.0008751957211643457,0.0006848896155133843,0.005698380991816521,0.005971585400402546,0.0018383162096142769,0.0022685672156512737,1989227520.0,4162019072.0,3786354688.0,3890147584.0,0.003814572701230645
miura_01737,2,1.0,1.0,24.0,24.0,9.0,9.0,0.0009391673956997693,0.0008388267015106976,0.0035530682653188705,0.003097194479778409,0.0031061156187206507,0.002257979940623045,1751513216.0,1695155584.0,2381090816.0,2824981760.0,0.0007312106317840517
miura_00497,4,1.0,1.0,24.0,24.0,9.0,9.0,0.0009290976449847221,0.0009674024186097085,0.004310991615056992,0.005280469544231892,0.0022985385730862617,0.0032424358651041985,3351542784.0,3855395328.0,3869134336.0,3080416768.0,0.0028701683040708303
miura_01714,0,1.0,1.0,30.0,30.0,12.0,12.0,0.0005826219567097723,0.0008308859542012215,0.0011916146613657475,0.0014344301307573915,0.00120300124399364,0.002107705222442746,3716171776.0,2200956928.0,4930058752.0,4257758976.0,0.000415289425291121
miura_00323,2,1.0,1.0,36.0,36.0,12.0,12.0,0.0005451991455629468,0.0008259674650616944,0.0049466947093605995,0.0052538784220814705,0.0012050071964040399,0.0016194869531318545,4616155648.0,1556989056.0,1412337408.0,1589688064.0,0.0028542105574160814
miura_01915,3,1.0,1.0,36.0,36.0,6.0,6.0,0.0009118820307776332,0.0008837169734761119,0.0022487014066427946,0.0018737782957032323,0.002689698012545705,0.001995244063436985,4903031296.0,3741812224.0,1297560704.0,1499206528.0,0.0005931732011958957
miura_00267,2,1.0,1.0,36.0,36.0,9.0,9.0,0.0005279905162751675,0.0006902040913701057,0.002048179041594267,0.0028630865272134542,0.0014292517444118857,0.0019898349419236183,2359115264.0,1431446784.0,2890373120.0,1940010240.0,0.0003605698875617236
miura_01609,4,1.0,1.0,30.0,30.0,12.0,12.0,0.0008462389232590795,0.0007735251565463841,0.0033402976114302874,0.002833265345543623,0.0021427134051918983,0.001697000814601779,1905174912.0,1833486464.0,3464826112.0,4327583232.0,0.0003327254089526832
miura_01431,7,1.0,1.0,30.0,30.0,12.0,12.0,0.0006954612908884883,0.0007672448991797864,0.00524463364854455,0.005982719827443361,0.002947096014395356,0.003587165381759405,3960857088.0,3573745664.0,4998949888.0,4069250816.0,0.0012018207926303148
miura_00068,3,1.0,1.0,36.0,36.0,6.0,6.0,0.0007046975078992546,0.0008004542323760688,0.005042938981205225,0.005560469813644886,0.0017892864998430014,0.002341093495488167,4484177920.0,3492215296.0,1728041856.0,1552078848.0,0.0008383666281588376
miura_00951,4,1.0,1.0,24.0,24.0,9.0,9.0,0.0009415362146683037,0.0008831442100927234,0.0033575764391571283,0.0036216313019394875,0.0027956331614404917,0.0030636878218501806,2736795904.0,3570859776.0,3322996736.0,3026907392.0,0.0005244648782536387
miura_00537,0,1.0,1.0,30.0,36.0,12.0,12.0,0.0007493375451304018,0.0007478456827811897,0.00464309798553586,0.003424873808398843,0.003705026814714074,0.002877358580008149,1589998080.0,1006209344.0,1475997696.0,2694374400.0,0.0005721186171285808
miura_00676,5,1.0,1.0,24.0,30.0,6.0,9.0,0.0007707172771915793,0.0007724795723333955,0.0013259380357339978,0.001085092662833631,0.003638672176748514,0.0027483287267386913,3694818816.0,1983582336.0,2235065088.0,2285100800.0,0.0005031988257542253
miura_00480,7,1.0,1.0,30.0,30.0,9.0,9.0,0.0007582518737763166,0.0007357373251579702,0.0018943322356790304,0.0014633756363764405,0.0018373536877334118,0.0010009445250034332,3833048064.0,2280489216.0,1900346752.0,2129688576.0,0.00034526691888459027
miura_01675,6,1.0,1.0,24.0,24.0,12.0,12.0,0.0005087100435048342,0.000748095684684813,0.001826409948989749,0.002302335575222969,0.0017469276208430529,0.0034237783402204514,3047216896.0,1886227072.0,2432495104.0,1837079808.0,0.0002764392411336303
miura_01742,6,1.0,1.0,24.0,24.0,9.0,9.0,0.0005802306695841253,0.0006591438432224095,0.005336687434464693,0.004711783025413752,0.003758909646421671,0.0028840512968599796,2531175936.0,1336185984.0,2428934656.0,2907611904.0,0.002720882650464773
miura_00452,3,1.0,1.0,24.0,24.0,12.0,12.0,0.0007446168456226587,0.0007870941190049052,0.00368712330237031,0.003553164890035987,0.0035740386229008436,0.003416521707549691,4335107072.0,3714834176.0,3447132416.0,3246905088.0,0.000995624577626586
miura_00545,2,1.0,1.0,36.0,36.0,9.0,9.0,0.000955709838308394,0.000743446231354028,0.001439747167751193,0.0013898591278120875,0.0031912410631775856,0.0032785970252007246,1810654336.0,4419326976.0,1870310016.0,1448937856.0,0.00047949011786840856
miura_01758,6,1.0,1.0,30.0,24.0,12.0,12.0,0.0008639083243906498,0.0009365480509586632,0.001976769184693694,0.0025852899998426437,0.0011734165018424392,0.0012582136550918221,4019525120.0,3808678400.0,2222190848.0,1376589312.0,0.0022300088312476873
miura_01816,4,1.0,1.0,24.0,30.0,6.0,6.0,0.0007233086507767439,0.0008413512259721756,0.0021572767291218042,0.0025124528910964727,0.001896386849693954,0.003559176344424486,2941687808.0,2967753216.0,1969077760.0,2008411520.0,0.00017939539975486696
miura_01708,0,1.0,1.0,30.0,24.0,12.0,12.0,0.0005713896825909615,0.0008053382625803351,0.0030442497227340937,0.0034540360793471336,0.003887853352352977,0.003187874797731638,3692931840.0,1288751616.0,4216816640.0,2668599296.0,0.00035807935637421906
miura_00696,0,1.0,1.0,36.0,36.0,9.0,9.0,0.0009501914028078318,0.0009218190098181367,0.005357310641556978,0.0051523055881261826,0.0013168839504942298,0.0012304289266467094,4079322112.0,4010606592.0,1198392704.0,1470985856.0,0.011654797941446304
miura_01679,0,1.0,1.0,24.0,24.0,12.0,12.0,0.0009215199970640242,0.0009852210059762,0.0013172733597457409,0.001000364194624126,0.003828355111181736,0.0032175525557249784,4384736256.0,3105771776.0,3092528384.0,3246182144.0,0.00033587589859962463
miura_00779,7,1.0,1.0,24.0,30.0,12.0,12.0,0.0009263078682124615,0.000928917492274195,0.0028688989114016294,0.0022202269174158573,0.0033753870520740747,0.0037298689130693674,2353444864.0,2166883584.0,1291128448.0,2196160256.0,0.00018457694386597723
miura_00531,0,1.0,1.0,30.0,30.0,6.0,6.0,0.0008912136545404792,0.0008223807089962065,0.003679022891446948,0.004516863729804754,0.0010455255396664143,0.0013266759924590588,1948805120.0,2995677440.0,3136019712.0,2473095424.0,0.0003300093812867999
miura_00613,1,1.0,1.0,24.0,24.0,12.0,12.0,0.0005468372837640345,0.0008604628965258598,0.004201117902994156,0.004641572944819927,0.001412128796800971,0.0018636786844581366,3266145792.0,1006209344.0,2943478784.0,2841028352.0,0.0009321726392954588
miura_01744,1,1.0,1.0,24.0,36.0,9.0,12.0,0.0005333041190169752,0.0009039801661856472,0.0011138705303892493,0.0017616426339372993,0.0014792861184105277,0.0036321738734841347,4357322752.0,1400481152.0,4829631488.0,3554448128.0,0.00020151640637777746
miura_01580,7,1.0,1.0,30.0,30.0,9.0,9.0,0.0009548034868203104,0.000950350018683821,0.003059026785194874,0.0033326903358101845,0.0037591776344925165,0.0037171056028455496,3192189952.0,3234874368.0,3143707392.0,2581724160.0,0.00022635837376583368
miura_01659,0,1.0,1.0,24.0,24.0,9.0,9.0,0.0005596004775725305,0.0008432975737378001,0.0035364755894988775,0.003661605529487133,0.0035036623012274504,0.003410653444007039,3848260352.0,1062289984.0,3751109888.0,3597562880.0,0.0008764809463173151
miura_00967,1,1.0,1.0,30.0,30.0,9.0,9.0,0.0006820958224125206,0.0008600278524681926,0.004099629353731871,0.004236607346683741,0.0036396270152181387,0.0031729748006910086,3433140480.0,1413516288.0,2078798464.0,2044132992.0,0.004924660548567772
miura_01358,0,1.0,1.0,36.0,36.0,9.0,9.0,0.0009938793955370784,0.0006925012567080557,0.005403805058449507,0.005150041542947292,0.0029837866313755512,0.0020866214763373137,2004233216.0,3964688128.0,4388465152.0,4052572672.0,0.0017211070517078042
miura_00534,6,1.0,1.0,24.0,30.0,6.0,6.0,0.0007429259712807834,0.0009561722399666905,0.0059520285576581955,0.004814300686120987,0.002564334776252508,0.002257786924019456,3985408768.0,1244726784.0,1161324288.0,1989718016.0,0.0014794232556596398
miura_01618,6,1.0,1.0,30.0,30.0,9.0,9.0,0.0007666900637559593,0.0006966905202716589,0.0034004771150648594,0.002884065266698599,0.003523661755025387,0.0018731552409008145,2087824640.0,1487724160.0,1454147968.0,1534572160.0,0.00020146624592598528
miura_00652,4,1.0,1.0,30.0,30.0,6.0,6.0,0.0008511696360073984,0.0007606148137710989,0.005313221365213394,0.005519995000213385,0.0027102131862193346,0.0032989936880767345,1126892800.0,1767885056.0,4435742208.0,4583840768.0,0.002004004316404462
miura_01975,6,1.0,1.0,30.0,30.0,6.0,6.0,0.0006216562469489872,0.0005680081085301936,0.003883805824443698,0.004828947130590677,0.0016134183388203382,0.0020798095501959324,1077507456.0,1887948800.0,2394600192.0,2031755520.0,0.0053327446803450584
miura_00262,4,1.0,1.0,30.0,30.0,12.0,12.0,0.0005955036613158882,0.0008529655169695616,0.0029426245018839836,0.004871221724897623,0.0013213870115578175,0.0035266438499093056,1979004928.0,1670467328.0,4078408704.0,2469309696.0,0.001545908278785646
miura_01307,3,1.0,1.0,30.0,30.0,12.0,12.0,0.0008645520429126918,0.0008516428060829639,0.0036151022650301456,0.004004333168268204,0.002047732938081026,0.0023729256354272366,1522316288.0,1755003264.0,2789140480.0,2501405952.0,0.0009191167773678899
miura_00968,6,1.0,1.0,24.0,36.0,6.0,9.0,0.0005614500259980559,0.000584049557801336,0.0013455940643325448,0.002276244107633829,0.0015757193323224783,0.003678941400721669,1283729024.0,1519164672.0,2210740480.0,1312129408.0,0.0004984763800166547
