sample_id,source_name,pattern,curve_id,load_case,deployment,source_stiff,curve_final_stiff,rel_stiff_error,secant_stiff_cv,disp_final
miura_00001,miura,1,0,bending,0.3,133869.551931075,133799.3787860508,0.0005241904825402198,0.00016334102310348303,0.0002242162876404
miura_00001,miura,1,1,bending,0.6,40705.0730782034,40698.096085434045,0.00017140351906386861,5.327897162546721e-05,0.000737135219717
miura_00001,miura,1,2,bending,0.9,18639.255146931,18641.362082032752,0.00011303751599220817,3.5430997639569884e-05,0.0016093244618061
miura_00001,miura,1,3,axial,0.3,12418.981920453,12545.75854662497,0.010208294607723005,0.0032551100207155455,0.0023912464031974
miura_00001,miura,1,4,axial,0.6,23592.906128434,23956.761135973793,0.015422220796329916,0.004907566594774472,0.0012522560887812
miura_00001,miura,1,5,axial,0.9,250199.689454778,252261.54790917953,0.008240851373135637,0.002632818224023356,0.0001189241889961
miura_00002,miura,1,0,bending,0.3,383991.359302586,383991.59595330985,6.162917943710272e-07,4.768732321874628e-06,7.81267098450971e-05
miura_00002,miura,1,1,bending,0.6,167436.945540865,167414.16551911389,0.00013605134564262066,4.2989159584500526e-05,0.0001791963058023
miura_00002,miura,1,2,bending,0.9,50796.9204307806,50790.907812712125,0.00011836579890050429,3.795526508752089e-05,0.000590656896912
miura_00002,miura,1,3,axial,0.3,27604.6091651444,27778.848011994174,0.006311947610175932,0.002019380892370895,0.0010799583908968
miura_00002,miura,1,4,axial,0.6,55164.2092642921,55462.39858012389,0.005405485183394249,0.001729086716385131,0.0005409070066932
miura_00002,miura,1,5,axial,0.9,408322.029621885,409256.4474808754,0.0022884336166131528,0.000729879224172941,7.33036710469953e-05
miura_00003,miura,1,0,bending,0.3,501290.919216185,501272.37810997554,3.698671868710624e-05,1.1882855663062844e-05,5.98477021876083e-05
miura_00003,miura,1,1,bending,0.6,148242.860099923,148235.2571881776,5.128686629681227e-05,1.7287848760041978e-05,0.0002023810027996
miura_00003,miura,1,2,bending,0.9,42065.6466622647,42065.31490892938,7.886562115208259e-06,2.5841679411070987e-06,0.000713176641253
miura_00003,miura,1,3,axial,0.3,38814.6635536106,38956.3083587867,0.003649260156035219,0.0011681402411371274,0.0007700935038223
miura_00003,miura,1,4,axial,0.6,74855.7416017229,75169.19146743958,0.004187385750373351,0.001340304187480721,0.0003990996765343
miura_00003,miura,1,5,axial,0.9,616917.192224209,618262.0753064664,0.0021800058406683054,0.000698102328632115,4.8523112120583e-05
miura_00004,miura,1,0,bending,0.3,20123.0417247731,20120.64362823076,0.00011917167270927637,3.8953427561406776e-05,0.0014910059814343
miura_00004,miura,1,1,bending,0.6,6830.27008845333,6838.537307351174,0.0012103795004856227,0.00037553580760817947,0.0043869030249716
miura_00004,miura,1,2,bending,0.9,5456.1407822165,5461.649675836,0.0010096685256830613,0.00031329723128135174,0.0054928458946624
miura_00004,miura,1,3,axial,0.3,44203.7061503281,44400.14150043173,0.004443866073934916,0.001423369636534545,0.0006756735223402
miura_00004,miura,1,4,axial,0.6,69487.8254479921,69768.34357845248,0.004036939257371472,0.0012922938678256487,0.0004299944424833
miura_00004,miura,1,5,axial,0.9,296683.396228401,297683.1690792562,0.0033698308148175666,0.0010787315454514827,0.0001007782875088
miura_00005,miura,1,0,bending,0.3,228927.357393849,228843.0167692236,0.0003684165387026534,0.00011477014999234934,0.0001310942340454
miura_00005,miura,1,1,bending,0.6,69206.1216586128,69193.50425718816,0.0001823162622358143,5.699398147178329e-05,0.0004335667100844
miura_00005,miura,1,2,bending,0.9,25371.6651515964,25372.148128093253,1.9036058294433786e-05,5.964069186715266e-06,0.0011823988985301
miura_00005,miura,1,3,axial,0.3,8075.66071832058,8236.080046088471,0.019864545250639548,0.006306368449427365,0.0036425095229918
miura_00005,miura,1,4,axial,0.6,18943.9415701235,19397.976705744186,0.023967300254807783,0.007598330586024576,0.001546553048036
miura_00005,miura,1,5,axial,0.9,274652.436708387,276637.03935961373,0.0072258694479885475,0.00230877694875625,0.000108445347989
miura_00006,miura,1,0,bending,0.3,68335.8668182171,68326.56163236467,0.00013616840300248025,5.994002465979463e-05,0.0004390679010224
miura_00006,miura,1,1,bending,0.6,20410.1632919412,20417.60086786107,0.00036440550785827436,0.00012101892361451665,0.0014693205237067
miura_00006,miura,1,2,bending,0.9,9973.16666617711,9983.353204596873,0.0010213945841604324,0.00032325730713932686,0.0030050023659572
miura_00006,miura,1,3,axial,0.3,13106.8232391777,13229.618045587773,0.00936876954615715,0.002989000927498129,0.0022676391636269
miura_00006,miura,1,4,axial,0.6,23300.6760413162,23632.05536123206,0.014221875765675782,0.004527860763095622,0.0012694621581335
miura_00006,miura,1,5,axial,0.9,212163.799022804,214331.07105422145,0.01021508872578442,0.0032595342286569533,0.0001399703731822
miura_00007,miura,1,0,bending,0.3,216144.766237766,216126.03756675986,8.664873701141868e-05,2.721442343522588e-05,0.0001388078934762
miura_00007,miura,1,1,bending,0.6,60676.6357373499,60672.6890809006,6.504408824479938e-05,2.0442809944317173e-05,0.0004944564095387
miura_00007,miura,1,2,bending,0.9,18508.191305863,18508.840873686622,3.5096234574516804e-05,1.1104266703680729e-05,0.0016208470430285
miura_00007,miura,1,3,axial,0.3,52470.936717988,52628.30881379451,0.002999224059069629,0.0009605986716688504,0.0005700354177472
miura_00007,miura,1,4,axial,0.6,87465.9214841538,87733.45193827903,0.003058682165415644,0.0009793886823802325,0.0003419448264854
miura_00007,miura,1,5,axial,0.9,459509.656847598,460537.61800075596,0.0022370828073781323,0.0007172217797441581,6.51412584497077e-05
miura_00008,miura,1,0,bending,0.3,6933.11314155766,6981.041241464622,0.00691292626102933,0.0021501416450838335,0.0042973532116974
miura_00008,miura,1,1,bending,0.6,2650.17092496789,2679.1662410841905,0.010940923033729073,0.00338699319663191,0.0111975134427865
miura_00008,miura,1,2,bending,0.9,3197.13297805199,3202.282586319337,0.0016106956772516542,0.0005257664360275671,0.0093683175020733
miura_00008,miura,1,3,axial,0.3,62164.6987230109,62426.19059154915,0.004206436674026009,0.0013476630821820286,0.0004805675264776
miura_00008,miura,1,4,axial,0.6,100070.294457203,100450.35770193495,0.0037979626900617614,0.0012171940839946793,0.0002986549842761
miura_00008,miura,1,5,axial,0.9,450372.345177969,451553.124913042,0.0026217856129829306,0.0008401462964354119,6.64373654944305e-05
miura_00009,miura,1,0,bending,0.3,164919.225992508,164829.2984978505,0.0005452820562083713,0.00016978958691637376,0.0001820064774491
miura_00009,miura,1,1,bending,0.6,50627.6409180823,50619.5545949943,0.00015972150669808815,4.95948941571054e-05,0.0005926563408159
miura_00009,miura,1,2,bending,0.9,24354.4658821746,24356.460966578827,8.191862691126747e-05,2.5777428736194246e-05,0.0012317060364872
miura_00009,miura,1,3,axial,0.3,9943.96183939382,10080.427674927832,0.013723487452796924,0.004367037694891822,0.0029760642075352
miura_00009,miura,1,4,axial,0.6,20389.0455757056,20810.200879163556,0.020655959686498505,0.006557206239839617,0.0014416006925737
miura_00009,miura,1,5,axial,0.9,282417.4329335,284719.59360824013,0.008151623824447961,0.0026045916255743834,0.0001053668264267
miura_00010,miura,1,0,bending,0.3,34530.6356535428,34564.7475861152,0.000987874446177464,0.00031976321557147894,0.0008679363251607
miura_00010,miura,1,1,bending,0.6,12221.9097657827,12239.970948853554,0.0014777709389917448,0.0004693518454279733,0.0024509862094738
miura_00010,miura,1,2,bending,0.9,6388.95299554111,6407.107160267578,0.0028414929236665826,0.0009004689870645803,0.0046823003345471
miura_00010,miura,1,3,axial,0.3,31008.8087043053,31222.655413122997,0.006896321327817015,0.002207868269634341,0.0009608407613976
miura_00010,miura,1,4,axial,0.6,46852.6117881781,47090.31637381996,0.005073454319185536,0.001623481244989925,0.0006370736556928
miura_00010,miura,1,5,axial,0.9,152231.673893248,152892.7420757035,0.0043425140481546136,0.0013893940454765051,0.0001962159850933
miura_00011,miura,1,0,bending,0.3,289593.133991569,289589.56940271606,1.2308954994178153e-05,4.675329589569881e-06,0.0001035948914247
miura_00011,miura,1,1,bending,0.6,133938.67376722,133915.3560179676,0.0001740927291315624,5.485275302183785e-05,0.000224022105396
miura_00011,miura,1,2,bending,0.9,37636.3912613448,37625.04131687272,0.00030156835157937374,9.681131497129688e-05,0.0007973413171123
miura_00011,miura,1,3,axial,0.3,72794.670172513,72983.00033685175,0.002587142216489716,0.0008289759382405211,0.000411054627263
miura_00011,miura,1,4,axial,0.6,115012.703963954,115234.58783476292,0.0019292118449667729,0.000618486508010437,0.0002603385022127
miura_00011,miura,1,5,axial,0.9,434942.600228238,435530.7904554248,0.0013523398877878963,0.0004315473128924645,6.88814675275419e-05
miura_00012,miura,1,0,bending,0.3,66204.6931049585,66168.2180721337,0.0005509433110272699,0.00017179933711639387,0.0004533898731759
miura_00012,miura,1,1,bending,0.6,21192.6924221999,21190.843758110997,8.723120460927242e-05,2.73669529649161e-05,0.0014157057804042
miura_00012,miura,1,2,bending,0.9,12496.2091334305,12499.072210249868,0.0002291156292917347,7.138543234321903e-05,0.0024001781488548
miura_00012,miura,1,3,axial,0.3,20533.7566249411,20663.092641443844,0.00629870212573026,0.002014006114006116,0.0014518639837983
miura_00012,miura,1,4,axial,0.6,34716.3309009395,35011.86851074343,0.008512927551221405,0.0027180023288744222,0.0008568522982655
miura_00012,miura,1,5,axial,0.9,235850.380530767,237583.19199309612,0.00734707935780952,0.0023476289460986404,0.0001262715588099
miura_00013,miura,1,0,bending,0.3,2333.23777066176,2442.371569280951,0.04677354361027606,0.014352816847636393,0.0122831433092845
miura_00013,miura,1,1,bending,0.6,853.433270772327,932.4135874055646,0.09254422031351466,0.02805230482779925,0.0321745633109818
miura_00013,miura,1,2,bending,0.9,886.641010083469,921.4256861092832,0.039231972839311284,0.012061268067484738,0.0325582414862721
miura_00013,miura,1,3,axial,0.3,64770.4323715121,65147.73469264278,0.005825224679164369,0.0018633224792967318,0.0004604918366162
miura_00013,miura,1,4,axial,0.6,91227.1923395597,91646.5497066036,0.004596846140819544,0.0014721956132429238,0.0003273445655733
miura_00013,miura,1,5,axial,0.9,180917.251348766,181474.12721732724,0.003078069473251697,0.0009874313144688485,0.0001653128215025
miura_00014,miura,1,0,bending,0.3,76981.3106525717,77017.4681264439,0.00046969158573282276,0.00017178306814477973,0.0003895220231175
miura_00014,miura,1,1,bending,0.6,26289.4407749262,26318.18870132308,0.00109351608666778,0.0003557815186230198,0.0011398960749336
miura_00014,miura,1,2,bending,0.9,13444.6006827123,13471.453067027258,0.001997261573524149,0.0006384317641800007,0.0022269312635196
miura_00014,miura,1,3,axial,0.3,8420.56309865375,8551.166423773953,0.01551004648858731,0.0049392757239539575,0.0035082933150025
miura_00014,miura,1,4,axial,0.6,15224.6925105527,15534.367119987743,0.020340286624534253,0.0064571112136803666,0.0019312019452276
miura_00014,miura,1,5,axial,0.9,119843.572423474,121455.827719841,0.013452997634866954,0.004287505638166026,0.0002470033802676
miura_00015,miura,1,0,bending,0.3,12175.9202013282,12154.23608480152,0.0017809016623083858,0.0005545705834427561,0.0024682752408861
miura_00015,miura,1,1,bending,0.6,3897.88101304774,3909.2569031376047,0.002918480592861896,0.0009051144361813481,0.007674092735098
miura_00015,miura,1,2,bending,0.9,2256.27945152868,2268.932020615898,0.00560771365384094,0.0017383345711405032,0.0132220796953875
miura_00015,miura,1,3,axial,0.3,13865.4210708416,14027.241989003585,0.011670826102951068,0.003731790473657513,0.0021386955485275
miura_00015,miura,1,4,axial,0.6,21578.4103430472,21831.074229244878,0.01170910563757492,0.0037354561444574706,0.00137418798933
miura_00015,miura,1,5,axial,0.9,90826.5499987141,91789.02941046709,0.010596894980230153,0.00338109231265018,0.0003268364443189
miura_00016,miura,1,0,bending,0.3,445112.63180619,445132.82781636127,4.5372808426732884e-05,1.76049178820885e-05,6.7395613455803e-05
miura_00016,miura,1,1,bending,0.6,111724.897822492,111734.43935287729,8.540200592040674e-05,3.07540915589185e-05,0.000268493762297
miura_00016,miura,1,2,bending,0.9,30455.5225218722,30465.92610406039,0.00034159920194166705,0.00010836005994801582,0.0009847066489143
miura_00016,miura,1,3,axial,0.3,123358.146288139,123491.93037534574,0.001084517652318153,0.00034757449678681613,0.0002429308531239
miura_00016,miura,1,4,axial,0.6,202141.170310471,202397.8162454311,0.0012696371281808692,0.0004068573647353518,0.0001482229430955
miura_00016,miura,1,5,axial,0.9,1056945.69401555,1058046.1897621762,0.0010412036804325116,0.00033522284852562084,2.83541496489329e-05
miura_00017,miura,1,0,bending,0.3,34188.0805749461,34182.038947561414,0.00017671736122891064,5.56824597663e-05,0.0008776539060769
miura_00017,miura,1,1,bending,0.6,11262.4431268977,11266.934343529067,0.0003987781852269601,0.00012375283655112563,0.0026626586332448
miura_00017,miura,1,2,bending,0.9,7770.54620695799,7774.835166868268,0.0005519508920026419,0.00017143816039768073,0.0038586027042531
miura_00017,miura,1,3,axial,0.3,56557.5128053739,56748.63950900272,0.003379333604830283,0.001082614478392317,0.0005286470347054
miura_00017,miura,1,4,axial,0.6,88877.5852173917,89153.36683301518,0.0031029377648924454,0.0009936185681395202,0.0003364987892851
miura_00017,miura,1,5,axial,0.9,379132.382691366,380109.0791421336,0.0025761356596190727,0.0008249886225469614,7.89247130526502e-05
miura_00018,miura,1,0,bending,0.3,201029.334224144,200967.14484142352,0.00030935476636029995,9.637488706679396e-05,0.0001492781321229
miura_00018,miura,1,1,bending,0.6,60206.7779326139,60200.062057399366,0.00011154682986108315,3.4694755825368395e-05,0.0004983383567179
miura_00018,miura,1,2,bending,0.9,25471.5911531028,25473.14703455249,6.108300970829844e-05,1.915430310276824e-05,0.0011777107853736
miura_00018,miura,1,3,axial,0.3,15477.6952007245,15606.851748535022,0.008344688672023755,0.0026634745820583714,0.0019222326503368
miura_00018,miura,1,4,axial,0.6,30219.3855531383,30595.217025147707,0.012436767496431625,0.003963371663239311,0.0009805454223561
miura_00018,miura,1,5,axial,0.9,336628.328232937,338661.4127407307,0.006039552637966994,0.0019318819405413493,8.8584051419425e-05
miura_00019,miura,1,0,bending,0.3,8886.14495477368,8915.727059277244,0.003329014398721113,0.0010431835521201595,0.0033648405565291
miura_00019,miura,1,1,bending,0.6,3010.49333995366,3033.882278206191,0.0077691380153962685,0.002407516906809497,0.0098883203924899
miura_00019,miura,1,2,bending,0.9,2497.21084575531,2503.4777646191087,0.002509567373716601,0.0008015903550148743,0.0119833299196745
miura_00019,miura,1,3,axial,0.3,32309.0618697945,32481.65138417589,0.005341829950895081,0.0017107586498337094,0.000923598361585
miura_00019,miura,1,4,axial,0.6,50688.3628276448,50968.25226650202,0.005521769164431848,0.0017666852745832054,0.0005886017013716
miura_00019,miura,1,5,axial,0.9,227691.932227353,228808.3139332042,0.004903035847297644,0.001568780325197,0.0001311141168094
miura_00020,miura,1,0,bending,0.3,311639.192246058,311623.84773065796,4.92380797468829e-05,1.5399086054179973e-05,9.62699107223961e-05
miura_00020,miura,1,1,bending,0.6,91993.7362266784,91988.08422464975,6.143898770160143e-05,1.990746727763885e-05,0.0003261291965461
miura_00020,miura,1,2,bending,0.9,25371.258832679,25371.1844958796,2.929961019683244e-06,1.9190091119944534e-06,0.001182443807654
miura_00020,miura,1,3,axial,0.3,42398.5857987933,42539.12366928696,0.0033146829745830607,0.0010615337693889299,0.0007052331456856
miura_00020,miura,1,4,axial,0.6,73728.7393389353,73994.48542277783,0.0036043758000646408,0.0011538714034015206,0.0004054356190004
miura_00020,miura,1,5,axial,0.9,449543.820057943,450638.575133773,0.0024352577590519885,0.0007798252005952574,6.65721970008769e-05
miura_00021,miura,1,0,bending,0.3,101202.266140132,101208.97808033632,6.63220346769501e-05,3.090067556544972e-05,0.0002964163908086
miura_00021,miura,1,1,bending,0.6,29074.4950013646,29083.822471747684,0.0003208128080176526,0.00010464275314462993,0.0010315012763244
miura_00021,miura,1,2,bending,0.9,11986.3693522246,12000.002195287601,0.00113736217051177,0.00036131270846634866,0.0024999995426485
miura_00021,miura,1,3,axial,0.3,24028.419146629,24147.230386851443,0.004944613272201538,0.0015815052181135745,0.0012423785055008
miura_00021,miura,1,4,axial,0.6,41217.4918368646,41516.034737770664,0.00724311178583279,0.002313844297634771,0.0007226123638611
miura_00021,miura,1,5,axial,0.9,298338.298883899,300109.07879915804,0.005935476343076421,0.0018982875525687503,9.99636536156805e-05
miura_00022,miura,1,0,bending,0.3,107589.261936142,107513.68065638769,0.000702498357123819,0.00021881618114551586,0.0002790342570066
miura_00022,miura,1,1,bending,0.6,33375.4445129431,33368.58879780296,0.00020541195001856603,6.381780311873741e-05,0.0008990491081833
miura_00022,miura,1,2,bending,0.9,16954.0796155638,16956.54173225976,0.00014522266922106864,4.5525210350205884e-05,0.0017692286831651
miura_00022,miura,1,3,axial,0.3,11131.4414081084,11257.691210893241,0.011341729984122107,0.0036141683084620984,0.0026648448103614
miura_00022,miura,1,4,axial,0.6,20898.3315868322,21261.013540985285,0.017354588936736345,0.005517264146674719,0.0014110333894557
miura_00022,miura,1,5,axial,0.9,223310.521979195,225465.99414584014,0.00965235380554954,0.003081604409380639,0.0001330577593914
miura_00023,miura,1,0,bending,0.3,5526.55237626838,5543.481808929466,0.003063290005860249,0.0009497157828272428,0.0054117612421269
miura_00023,miura,1,1,bending,0.6,1846.13551056583,1879.6033117338368,0.018128572348272084,0.005602590358453423,0.0159608146105715
miura_00023,miura,1,2,bending,0.9,1372.36596090856,1393.7610260316853,0.015589912408612136,0.004819970751016466,0.0215244933956978
miura_00023,miura,1,3,axial,0.3,18163.8426061622,18362.515438770377,0.010937819541597142,0.003499459672537727,0.0016337630919922
miura_00023,miura,1,4,axial,0.6,27655.3077837221,27906.92696531021,0.009098404673558295,0.0029075207583926853,0.0010750019175272
miura_00023,miura,1,5,axial,0.9,97261.0482919767,97999.06703354957,0.007588019608398087,0.002424418557062469,0.0003061253633132
miura_00024,miura,1,0,bending,0.3,173250.608504096,173270.11432966415,0.00011258734232788572,4.2196091834432054e-05,0.0001731400715932
miura_00024,miura,1,1,bending,0.6,49251.1991534941,49260.207738049845,0.00018291096888163166,5.855810868125514e-05,0.0006090108299894
miura_00024,miura,1,2,bending,0.9,19981.3348899712,19993.03257721356,0.0005854307185567235,0.00018667566580382597,0.0015005227388161
miura_00024,miura,1,3,axial,0.3,47050.7681123706,47178.0152504391,0.002704464627752721,0.0008658603203269581,0.0006358894040105
miura_00024,miura,1,4,axial,0.6,80615.6835385225,80916.87879197896,0.003736186809264419,0.0011954906689776695,0.000370750830332
miura_00024,miura,1,5,axial,0.9,567387.233319378,569087.8023071558,0.002997192900920575,0.0009587315882977882,5.27159427391979e-05
miura_00025,miura,1,0,bending,0.3,9552.55990592778,9580.573862186791,0.002932612465652078,0.0009194937846726199,0.0031313364347
miura_00025,miura,1,1,bending,0.6,3350.98297250695,3372.1798654727354,0.00632557465665892,0.001960821311641427,0.0088963226152809
miura_00025,miura,1,2,bending,0.9,3013.49683339492,3017.129287702911,0.0012053950970635876,0.0004183623544593024,0.0099432265373157
miura_00025,miura,1,3,axial,0.3,34490.0249440494,34705.30999122741,0.00624195104315674,0.0019981668361398774,0.000864421035501
miura_00025,miura,1,4,axial,0.6,56110.6798001442,56445.09946676923,0.005960000267616946,0.0019070143214305734,0.0005314898951974
miura_00025,miura,1,5,axial,0.9,282367.852071375,283595.45375494077,0.004347526372284972,0.0013913937284788737,0.0001057844884422
miura_00026,miura,1,0,bending,0.3,202129.511900792,202155.39407981132,0.00012804750170294647,4.116962939657555e-05,0.000148400690155
miura_00026,miura,1,1,bending,0.6,73937.6682367225,73955.38246706908,0.00023958329724256352,7.806619291559665e-05,0.0004056499878607
miura_00026,miura,1,2,bending,0.9,29478.1490153863,29497.928876185706,0.0006710007737962223,0.00021449944273082465,0.0010170205551014
miura_00026,miura,1,3,axial,0.3,63838.6984552913,64022.11172086675,0.002873073386731129,0.0009204345715621209,0.0004685881048535
miura_00026,miura,1,4,axial,0.6,101100.353400143,101336.22722022931,0.0023330662273034325,0.0007469937662708889,0.0002960441771214
miura_00026,miura,1,5,axial,0.9,416933.196894057,417737.7951848266,0.0019298014568364177,0.0006180643734112092,7.18153835870336e-05
tmp_00001,tmp,2,0,bending,0.3,106376.983768189,106219.76393117839,0.0014779497541801412,0.0004733423941420781,0.0002824333145707
tmp_00001,tmp,2,1,bending,0.6,11203.3706816554,11172.064238125291,0.0027943771941216873,0.0009036567782176707,0.0026852692000842
tmp_00001,tmp,2,2,bending,0.9,1113.74556827394,1131.2421476290015,0.01570967360361956,0.0048806854266694516,0.0265195210971212
tmp_00001,tmp,2,3,axial,0.3,153195.752844373,153231.27476083257,0.00023187272362349442,7.442194054888556e-05,0.0001957824866159
tmp_00001,tmp,2,4,axial,0.6,182505.858120796,182672.78301002117,0.0009146275683637516,0.0002945019166126785,0.0001642280776899
tmp_00001,tmp,2,5,axial,0.9,253193.851389181,254776.7093199964,0.006251565439408639,0.0020222712246140894,0.0001177501667247
tmp_00002,tmp,2,0,bending,0.3,20043.9927503785,19996.365813001772,0.0023761202655508246,0.00077179321577652,0.0015002726135613
tmp_00002,tmp,2,1,bending,0.6,3384.76579713584,3394.0984968932385,0.0027572660316101745,0.0008773197167556448,0.0088388713608224
tmp_00002,tmp,2,2,bending,0.9,502.015169843317,553.1516405009893,0.10186240123706304,0.030830557977528796,0.0542346759973974
tmp_00002,tmp,2,3,axial,0.3,172094.006251168,172279.36846902617,0.001077098627058743,0.00034572624279618954,0.0001741357671937
tmp_00002,tmp,2,4,axial,0.6,174491.927957643,174891.01523472,0.0022871389052098114,0.0007373860828513474,0.0001715353985437
tmp_00002,tmp,2,5,axial,0.9,175381.487334949,176089.11046275593,0.0040347652341178476,0.0013173254986246824,0.0001703682863816
tmp_00003,tmp,2,0,bending,0.3,20233.8571862237,20052.989276558455,0.00893887448154915,0.0028089451959469464,0.0014960363059222
tmp_00003,tmp,2,1,bending,0.6,4285.42028166982,4272.457046856903,0.0030249623049494615,0.0009654599775274279,0.0070217206799235
tmp_00003,tmp,2,2,bending,0.9,868.765990681124,898.911895981601,0.03469968394693055,0.010676257903206554,0.0333736822642005
tmp_00003,tmp,2,3,axial,0.3,7144.17376545976,7315.016334014638,0.02391355168051175,0.007576837161223055,0.0041011528382378
tmp_00003,tmp,2,4,axial,0.6,14539.9669101723,14905.382394951377,0.02513179617509512,0.007963777675896712,0.0020126957635224
tmp_00003,tmp,2,5,axial,0.9,69697.2552703301,70887.79997499251,0.017081658381592167,0.005434062538136003,0.0004232039929379
