time,u3_drive_mm,RF3_total_N,eps_engineering
0.000000000,0.000000000,0.000000000,0.000000000
0.005000563,0.011585064,-0.286770285,0.000289627
0.010000437,0.085610636,-1.582190705,0.002140266
0.015000871,0.266161233,-4.625126079,0.006654031
0.020000398,0.579230607,-9.790423906,0.014480765
0.025000809,1.035241604,-17.091818697,0.025881040
0.030000854,1.630913138,-25.819746863,0.040772828
0.035000086,2.351707220,-34.943869150,0.058792681
0.040000014,3.174402237,-43.686647477,0.079360056
0.045000330,4.068791866,-51.432317569,0.101719797
0.050000187,5.000035286,-57.956234093,0.125000882
0.055000182,5.931302071,-63.210384776,0.148282552
0.060000334,6.825657845,-67.309568737,0.170641446
0.065000258,7.648346424,-70.417337640,0.191208661
0.070000291,8.369237900,-72.707070910,0.209230947
0.075000115,8.964856148,-74.334207552,0.224121404
0.080000035,9.420803070,-75.450946090,0.235520077
0.085000008,9.733881950,-76.153322899,0.243347049
0.090000078,9.914402008,-76.576160858,0.247860050
0.095000103,9.988419533,-76.787191090,0.249710488
0.100000001,10.000000000,-76.918851723,0.250000000
