quantity,time,value_Nmm
ALLIE,0.000000000,0.000000000
ALLIE,0.005000563,0.001199063
ALLIE,0.010000437,0.061433617
ALLIE,0.015000871,0.591189146
ALLIE,0.020000398,2.786553860
ALLIE,0.025000809,8.828955650
ALLIE,0.030000854,21.535480499
ALLIE,0.035000086,43.385166168
ALLIE,0.040000014,75.715583801
ALLIE,0.045000330,118.276397705
ALLIE,0.050000187,169.281494141
ALLIE,0.055000182,225.814544678
ALLIE,0.060000334,284.326446533
ALLIE,0.065000258,341.141906738
ALLIE,0.070000291,392.891754150
ALLIE,0.075000115,436.826049805
ALLIE,0.080000035,471.084503174
ALLIE,0.085000008,494.889495850
ALLIE,0.090000078,508.710906982
ALLIE,0.095000103,514.397155762
ALLIE,0.100000001,515.287719727
ALLKE,0.000000000,0.000000000
ALLKE,0.005000563,0.000770931
ALLKE,0.010000437,0.010281564
ALLKE,0.015000871,0.041907705
ALLKE,0.020000398,0.105716892
ALLKE,0.025000809,0.204784051
ALLKE,0.030000854,0.334321439
ALLKE,0.035000086,0.472772598
ALLKE,0.040000014,0.605588138
ALLKE,0.045000330,0.696594894
ALLKE,0.050000187,0.733637750
ALLKE,0.055000182,0.705349267
ALLKE,0.060000334,0.621895075
ALLKE,0.065000258,0.499241203
ALLKE,0.070000291,0.360323578
ALLKE,0.075000115,0.228644148
ALLKE,0.080000035,0.120554231
ALLKE,0.085000008,0.048634384
ALLKE,0.090000078,0.011920495
ALLKE,0.095000103,0.000886178
ALLKE,0.100000001,0.000013012
ALLAE,0.000000000,0.000000000
ALLAE,0.005000563,0.000000000
ALLAE,0.010000437,0.000000000
ALLAE,0.015000871,0.000000000
ALLAE,0.020000398,0.000000000
ALLAE,0.025000809,0.000000000
ALLAE,0.030000854,0.000000000
ALLAE,0.035000086,0.000000000
ALLAE,0.040000014,0.000000000
ALLAE,0.045000330,0.000000000
ALLAE,0.050000187,0.000000000
ALLAE,0.055000182,0.000000000
ALLAE,0.060000334,0.000000000
ALLAE,0.065000258,0.000000000
ALLAE,0.070000291,0.000000000
ALLAE,0.075000115,0.000000000
ALLAE,0.080000035,0.000000000
ALLAE,0.085000008,0.000000000
ALLAE,0.090000078,0.000000000
ALLAE,0.095000103,0.000000000
ALLAE,0.100000001,0.000000000
ALLPD,0.000000000,0.000000000
ALLPD,0.005000563,0.000001171
ALLPD,0.010000437,0.000001171
ALLPD,0.015000871,0.000018090
ALLPD,0.020000398,0.001448630
ALLPD,0.025000809,0.045568302
ALLPD,0.030000854,0.679001451
ALLPD,0.035000086,3.174852610
ALLPD,0.040000014,8.801940918
ALLPD,0.045000330,18.287742615
ALLPD,0.050000187,31.480331421
ALLPD,0.055000182,47.587284088
ALLPD,0.060000334,65.372367859
ALLPD,0.065000258,83.440788269
ALLPD,0.070000291,100.417510986
ALLPD,0.075000115,115.158859253
ALLPD,0.080000035,126.828140259
ALLPD,0.085000008,135.031829834
ALLPD,0.090000078,139.818038940
ALLPD,0.095000103,141.794479370
ALLPD,0.100000001,142.117202759
